research_id,security_id,stock_code_5d,source_class,source_type,source_tier,source_id,title,url,filing_type,report_period_end,available_from,source_record_sha256
HK-RESEARCH-02388-8911262bfa2a,HKEX:02388,02388,PUBLIC_OFFICIAL,HKEX_OFFICIAL_DISCLOSURE,OFFICIAL_PRIMARY,2450b4730df5d6623054042f752fe0fc68f13a4d2440172ec256b00b2e789f17,2025 Annual Results Announcement,https://www1.hkexnews.hk/listedco/listconews/sehk/2026/0330/2026033000462.pdf,ANNUAL_RESULTS,2025-12-31,2026-03-31T01:30:00+00:00,2399b22517dc14dd22a3ce4bce8c1ac54c2757d85094dd26c16fe0fd6ece0bb4
HK-RESEARCH-02388-8911262bfa2a,HKEX:02388,02388,PUBLIC_OFFICIAL,HKEX_OFFICIAL_DISCLOSURE,OFFICIAL_PRIMARY,87855dfaaa22b4f942507df1cdf6560fb179c6cff9788270be6eb8e07f3673a4,2025 Interim Results Announcement,https://www1.hkexnews.hk/listedco/listconews/sehk/2025/0829/2025082900829.pdf,INTERIM_RESULTS,2025-06-30,2025-09-01T01:30:00+00:00,012634edea93b22d694ab7e6e5051d4b6962ed9f67b16da1d9414085ea4ee49e
HK-RESEARCH-02388-8911262bfa2a,HKEX:02388,02388,PUBLIC_OFFICIAL,FMDL5D_OFFICIAL_CURRENT_FINANCIAL_FILING,OFFICIAL_PRIMARY,7810da998ce83eb8de7c1de4359d1522c6dab6ed95c90842cda1e699ca7e7b2a,FMDL-5D Current financial source for 02388,https://www1.hkexnews.hk/listedco/listconews/sehk/2026/0429/2026042900752.pdf,FINANCIAL_CURRENT_SOURCE,2025-12-31,2026-04-30T01:30:00+00:00,7a97efefe1d29c15fe620937e1fe9a4648676c6d13f574241065fc99b5113462
HK-RESEARCH-02388-8911262bfa2a,HKEX:02388,02388,INTERNAL_ACCEPTED_EVIDENCE,FMDL5E_ACCEPTED_SCREENING_ROW,ACCEPTED_INTERNAL_RELEASE,FMDL5E_20260721_5fd74c13444b:HKEX:02388,FMDL5E_ACCEPTED_SCREENING_ROW,,,,2026-07-21,2d25cbff90821c570994816c9e4e394dbe8365b2fbe1d0e097ad2c0157dbad5e
HK-RESEARCH-02388-8911262bfa2a,HKEX:02388,02388,INTERNAL_ACCEPTED_EVIDENCE,FMDL5E_ACCEPTED_FACTOR_ROW,ACCEPTED_INTERNAL_RELEASE,FMDL5E_20260721_5fd74c13444b:HKEX:02388,FMDL5E_ACCEPTED_FACTOR_ROW,,,,2026-07-21,495bbc054f98b25002e20456723fdaea8c62a07a05178ac834e6fb6013cca83e
HK-RESEARCH-02388-8911262bfa2a,HKEX:02388,02388,INTERNAL_ACCEPTED_EVIDENCE,FMDL5D_ACCEPTED_FINANCIAL_CURRENT,ACCEPTED_INTERNAL_RELEASE,FMDL5D_20260721_0aee5654502c:HKEX:02388,FMDL5D_ACCEPTED_FINANCIAL_CURRENT,,,,2026-07-21,7a97efefe1d29c15fe620937e1fe9a4648676c6d13f574241065fc99b5113462
HK-RESEARCH-00440-7c174be78cfa,HKEX:00440,00440,PUBLIC_OFFICIAL,HKEX_OFFICIAL_DISCLOSURE,OFFICIAL_PRIMARY,7ff0037a812ff55e779ab14577ca1e31b1bc01db8756fc6902f577c2c302efc5,Announcement of 2025 Final Results,https://www1.hkexnews.hk/listedco/listconews/sehk/2026/0330/2026033000297.pdf,ANNUAL_RESULTS,2025-12-31,2026-03-31T01:30:00+00:00,e7bf220fe38f09922d1a9f08a1969fc20e81558b022a2a21799f0f44f6055ac3
HK-RESEARCH-00440-7c174be78cfa,HKEX:00440,00440,PUBLIC_OFFICIAL,HKEX_OFFICIAL_DISCLOSURE,OFFICIAL_PRIMARY,e4a0e86de9a360ecb12bb0af0950a38a8762aecb8c6975fc1aed71c70ef4efa7,Announcement of 2025 Interim Results,https://www1.hkexnews.hk/listedco/listconews/sehk/2025/0820/2025082000193.pdf,INTERIM_RESULTS,2025-06-30,2025-08-21T01:30:00+00:00,dc217d35ed1a93d7ff082a2224fcf847ee0e72107b25de73d549fc1235144577
HK-RESEARCH-00440-7c174be78cfa,HKEX:00440,00440,PUBLIC_OFFICIAL,FMDL5D_OFFICIAL_CURRENT_FINANCIAL_FILING,OFFICIAL_PRIMARY,7d4931b60c55291b177bd6a0efafb03303ab07ef8b82113a28420af2d0f15b50,FMDL-5D Current financial source for 00440,https://www1.hkexnews.hk/listedco/listconews/sehk/2026/0428/2026042802039.pdf,FINANCIAL_CURRENT_SOURCE,2025-12-31,2026-04-29T01:30:00+00:00,9ffd844d27555aff90e57798a11eaf41b1ec3d18490753f178494acd0a4d1fce
HK-RESEARCH-00440-7c174be78cfa,HKEX:00440,00440,INTERNAL_ACCEPTED_EVIDENCE,FMDL5E_ACCEPTED_SCREENING_ROW,ACCEPTED_INTERNAL_RELEASE,FMDL5E_20260721_5fd74c13444b:HKEX:00440,FMDL5E_ACCEPTED_SCREENING_ROW,,,,2026-07-21,62310a313f78c38c03b5b0600565ed1f3f359468efe9a9d7a953cd4c4b035f28
HK-RESEARCH-00440-7c174be78cfa,HKEX:00440,00440,INTERNAL_ACCEPTED_EVIDENCE,FMDL5E_ACCEPTED_FACTOR_ROW,ACCEPTED_INTERNAL_RELEASE,FMDL5E_20260721_5fd74c13444b:HKEX:00440,FMDL5E_ACCEPTED_FACTOR_ROW,,,,2026-07-21,a8f52109e3261530e47683f38a41f18ab0f4326fb664f708fbe7c3b6655d15b4
HK-RESEARCH-00440-7c174be78cfa,HKEX:00440,00440,INTERNAL_ACCEPTED_EVIDENCE,FMDL5D_ACCEPTED_FINANCIAL_CURRENT,ACCEPTED_INTERNAL_RELEASE,FMDL5D_20260721_0aee5654502c:HKEX:00440,FMDL5D_ACCEPTED_FINANCIAL_CURRENT,,,,2026-07-21,9ffd844d27555aff90e57798a11eaf41b1ec3d18490753f178494acd0a4d1fce
HK-RESEARCH-00005-b21be3fb7c3e,HKEX:00005,00005,PUBLIC_OFFICIAL,HKEX_OFFICIAL_DISCLOSURE,OFFICIAL_PRIMARY,d722daa5fbdccec0377c789672a72f1274036450052d589d5c1bb720b8a62bb1,2025 results,https://www1.hkexnews.hk/listedco/listconews/sehk/2026/0225/2026022500111.pdf,ANNUAL_RESULTS,2025-12-31,2026-02-26T01:30:00+00:00,02824aea64437f5bcfee4751fa7e061e45c04612370e717a6bc411834da7cc2e
HK-RESEARCH-00005-b21be3fb7c3e,HKEX:00005,00005,PUBLIC_OFFICIAL,HKEX_OFFICIAL_DISCLOSURE,OFFICIAL_PRIMARY,8102f43fca8a164f255b105739b192a126b5bd8ceb434a376647bc35f96bcbe7,STATEMENT ON THE BANK OF ENGLAND 2025 BANK CAPITAL STRESS TEST RESULTS,https://www1.hkexnews.hk/listedco/listconews/sehk/2025/1202/2025120200719.pdf,FINANCIAL_STATEMENTS,2025-06-30,2025-12-03T01:30:00+00:00,bc624de4c78199f2eb4a7e2d8af80ee62d8e90ebdce6e330be0a7cd5948713f4
HK-RESEARCH-00005-b21be3fb7c3e,HKEX:00005,00005,PUBLIC_OFFICIAL,FMDL5D_OFFICIAL_CURRENT_FINANCIAL_FILING,OFFICIAL_PRIMARY,ca7ecebf8e952a268b64611d2437cc47f6f3c91a9c71484558d5fde99bc87684,FMDL-5D Current financial source for 00005,https://www1.hkexnews.hk/listedco/listconews/sehk/2026/0505/2026050500375.pdf,FINANCIAL_CURRENT_SOURCE,2025-12-31,2026-05-06T01:30:00+00:00,fe7e9482c8969e92b26ea7fa0fe4bd3181839eebb3c4c797b994e7ae6005785b
HK-RESEARCH-00005-b21be3fb7c3e,HKEX:00005,00005,INTERNAL_ACCEPTED_EVIDENCE,FMDL5E_ACCEPTED_SCREENING_ROW,ACCEPTED_INTERNAL_RELEASE,FMDL5E_20260721_5fd74c13444b:HKEX:00005,FMDL5E_ACCEPTED_SCREENING_ROW,,,,2026-07-21,05fdfc22ceaffc33ca0639e5ce43b6b5390c9097d0a2cbeb585258b84f209ba1
HK-RESEARCH-00005-b21be3fb7c3e,HKEX:00005,00005,INTERNAL_ACCEPTED_EVIDENCE,FMDL5E_ACCEPTED_FACTOR_ROW,ACCEPTED_INTERNAL_RELEASE,FMDL5E_20260721_5fd74c13444b:HKEX:00005,FMDL5E_ACCEPTED_FACTOR_ROW,,,,2026-07-21,cbf9d93ab1e228aeddd09100e456c6f5f3f3384120a850637b40b6ddf495116d
HK-RESEARCH-00005-b21be3fb7c3e,HKEX:00005,00005,INTERNAL_ACCEPTED_EVIDENCE,FMDL5D_ACCEPTED_FINANCIAL_CURRENT,ACCEPTED_INTERNAL_RELEASE,FMDL5D_20260721_0aee5654502c:HKEX:00005,FMDL5D_ACCEPTED_FINANCIAL_CURRENT,,,,2026-07-21,fe7e9482c8969e92b26ea7fa0fe4bd3181839eebb3c4c797b994e7ae6005785b
HK-RESEARCH-00941-fa17f51cc715,HKEX:00941,00941,PUBLIC_OFFICIAL,HKEX_OFFICIAL_DISCLOSURE,OFFICIAL_PRIMARY,2bb7e4720a63774b3a069048cf7a76d5df6507450880e54508a2ee224368850e,2025 ANNUAL RESULTS,https://www1.hkexnews.hk/listedco/listconews/sehk/2026/0326/2026032600468.pdf,ANNUAL_RESULTS,2025-12-31,2026-03-27T01:30:00+00:00,f4af919a7801f8806cff959f695376563a6797ef292ab920d6068e29bf4c4a2e
HK-RESEARCH-00941-fa17f51cc715,HKEX:00941,00941,PUBLIC_OFFICIAL,HKEX_OFFICIAL_DISCLOSURE,OFFICIAL_PRIMARY,9ff8c83fb17c1ac783827dc9f84fab0bc2a7be3557005c18c23c329d4a52410b,2025 INTERIM RESULTS,https://www1.hkexnews.hk/listedco/listconews/sehk/2025/0807/2025080700327.pdf,INTERIM_RESULTS,2025-06-30,2025-08-08T01:30:00+00:00,47dbc1658cfd7967536e91f8c0bcbc7669d0d243b1173ee93a9173d6a3563367
HK-RESEARCH-00941-fa17f51cc715,HKEX:00941,00941,PUBLIC_OFFICIAL,FMDL5D_OFFICIAL_CURRENT_FINANCIAL_FILING,OFFICIAL_PRIMARY,a39f667251eb4d46636346b2ae76bff6f6bd95995506edd034650c90226f84b8,FMDL-5D Current financial source for 00941,https://www1.hkexnews.hk/listedco/listconews/sehk/2026/0521/2026052101590.pdf,FINANCIAL_CURRENT_SOURCE,2026-03-31,2026-05-22T01:30:00+00:00,e0b4eeddec7e3d8127a4c0ac89efc784a703c3da5b4eb4eead43c5c82ec33aa6
HK-RESEARCH-00941-fa17f51cc715,HKEX:00941,00941,INTERNAL_ACCEPTED_EVIDENCE,FMDL5E_ACCEPTED_SCREENING_ROW,ACCEPTED_INTERNAL_RELEASE,FMDL5E_20260721_5fd74c13444b:HKEX:00941,FMDL5E_ACCEPTED_SCREENING_ROW,,,,2026-07-21,4178e221fc1846d13b4429e8d24b2e0d16ee3071c59933334b7ff57611aa536f
HK-RESEARCH-00941-fa17f51cc715,HKEX:00941,00941,INTERNAL_ACCEPTED_EVIDENCE,FMDL5E_ACCEPTED_FACTOR_ROW,ACCEPTED_INTERNAL_RELEASE,FMDL5E_20260721_5fd74c13444b:HKEX:00941,FMDL5E_ACCEPTED_FACTOR_ROW,,,,2026-07-21,b77c742a617d892061925b76ab4e463803363a5df0804fa2d6941ee0522a8699
HK-RESEARCH-00941-fa17f51cc715,HKEX:00941,00941,INTERNAL_ACCEPTED_EVIDENCE,FMDL5D_ACCEPTED_FINANCIAL_CURRENT,ACCEPTED_INTERNAL_RELEASE,FMDL5D_20260721_0aee5654502c:HKEX:00941,FMDL5D_ACCEPTED_FINANCIAL_CURRENT,,,,2026-07-21,e0b4eeddec7e3d8127a4c0ac89efc784a703c3da5b4eb4eead43c5c82ec33aa6
HK-RESEARCH-02319-44e3e9ae01cd,HKEX:02319,02319,PUBLIC_OFFICIAL,HKEX_OFFICIAL_DISCLOSURE,OFFICIAL_PRIMARY,59ab7c81953483b7cc01977a3e280cab03bc02080070e5080a200de375022050,ANNOUNCEMENT OF THE ANNUAL RESULTS FOR THE YEAR ENDED 31 DECEMBER 2025,https://www1.hkexnews.hk/listedco/listconews/sehk/2026/0325/2026032502269.pdf,ANNUAL_RESULTS,2025-12-31,2026-03-26T01:30:00+00:00,e4d4ea7c78f2b135a1e4389a44b2ffe9575b91f834a6951933899e2f840d5a81
HK-RESEARCH-02319-44e3e9ae01cd,HKEX:02319,02319,PUBLIC_OFFICIAL,HKEX_OFFICIAL_DISCLOSURE,OFFICIAL_PRIMARY,eb1d0290167ae5a92db5b7ee3558a4136b05ca1e50426eebe503d89995cbc163,ANNOUNCEMENT OF THE INTERIM RESULTS FOR THE SIX MONTHS ENDED 30 JUNE 2025,https://www1.hkexnews.hk/listedco/listconews/sehk/2025/0827/2025082702051.pdf,INTERIM_RESULTS,2025-06-30,2025-08-28T01:30:00+00:00,afb102d6bd859b4d1f442315a5c6fbfd7d5cb5b1a99ddb18283646e09468ac7b
HK-RESEARCH-02319-44e3e9ae01cd,HKEX:02319,02319,PUBLIC_OFFICIAL,FMDL5D_OFFICIAL_CURRENT_FINANCIAL_FILING,OFFICIAL_PRIMARY,366cccda08e760237928f7a87133b6d085fdc07a73ee70dacac72583778e49bc,FMDL-5D Current financial source for 02319,https://www1.hkexnews.hk/listedco/listconews/sehk/2026/0605/2026060501376.pdf,FINANCIAL_CURRENT_SOURCE,2025-12-31,2026-06-08T01:30:00+00:00,83fc2a9165ed16cc61f1c18590724a2910b30729250775370d8cede1e71c9d98
HK-RESEARCH-02319-44e3e9ae01cd,HKEX:02319,02319,INTERNAL_ACCEPTED_EVIDENCE,FMDL5E_ACCEPTED_SCREENING_ROW,ACCEPTED_INTERNAL_RELEASE,FMDL5E_20260721_5fd74c13444b:HKEX:02319,FMDL5E_ACCEPTED_SCREENING_ROW,,,,2026-07-21,644d38846f08aefa036a295e3f5e792856e8da1c14e497a263ca80b291a4ee11
HK-RESEARCH-02319-44e3e9ae01cd,HKEX:02319,02319,INTERNAL_ACCEPTED_EVIDENCE,FMDL5E_ACCEPTED_FACTOR_ROW,ACCEPTED_INTERNAL_RELEASE,FMDL5E_20260721_5fd74c13444b:HKEX:02319,FMDL5E_ACCEPTED_FACTOR_ROW,,,,2026-07-21,84477783fb203dc088f11f2e461048ee7e10950a92aa99d41480ea848ae96787
HK-RESEARCH-02319-44e3e9ae01cd,HKEX:02319,02319,INTERNAL_ACCEPTED_EVIDENCE,FMDL5D_ACCEPTED_FINANCIAL_CURRENT,ACCEPTED_INTERNAL_RELEASE,FMDL5D_20260721_0aee5654502c:HKEX:02319,FMDL5D_ACCEPTED_FINANCIAL_CURRENT,,,,2026-07-21,83fc2a9165ed16cc61f1c18590724a2910b30729250775370d8cede1e71c9d98
HK-RESEARCH-00001-e64715350b0d,HKEX:00001,00001,PUBLIC_OFFICIAL,HKEX_OFFICIAL_DISCLOSURE,OFFICIAL_PRIMARY,2ae3ec26470d502cca07b19e3022b93f17a9bb363164dfe0662664d8348feb82,RESULTS FOR THE YEAR ENDED 31 DECEMBER 2025,https://www1.hkexnews.hk/listedco/listconews/sehk/2026/0319/2026031900338.pdf,ANNUAL_RESULTS,2025-12-31,2026-03-20T01:30:00+00:00,1557e2aa487b190db4736c7e73f90e79ecfe04be925c00961f96d7ebb0ef32aa
HK-RESEARCH-00001-e64715350b0d,HKEX:00001,00001,PUBLIC_OFFICIAL,HKEX_OFFICIAL_DISCLOSURE,OFFICIAL_PRIMARY,ce3db16022327bf66846b83b180ffb585b9615a2411dab6fa1bbf7f7fbc63960,UNAUDITED RESULTS FOR THE SIX MONTHS ENDED 30 JUNE 2025,https://www1.hkexnews.hk/listedco/listconews/sehk/2025/0814/2025081400328.pdf,INTERIM_RESULTS,2025-06-30,2025-08-15T01:30:00+00:00,304301d7db0a51b21ac6e6981682e0ef26dd2b3106934120971a35eae9bd6445
HK-RESEARCH-00001-e64715350b0d,HKEX:00001,00001,PUBLIC_OFFICIAL,FMDL5D_OFFICIAL_CURRENT_FINANCIAL_FILING,OFFICIAL_PRIMARY,bc2787894119a2525f59004c942549d451008df6fb2c8c226f5476d67ae43ead,FMDL-5D Current financial source for 00001,https://www1.hkexnews.hk/listedco/listconews/sehk/2026/0521/2026052100745.pdf,FINANCIAL_CURRENT_SOURCE,2025-12-31,2026-05-22T01:30:00+00:00,6ca50550bc02dbf07803d3b1f09cd6f2e5932cd7fa0bc3f2a9d8912326fd89a3
HK-RESEARCH-00001-e64715350b0d,HKEX:00001,00001,INTERNAL_ACCEPTED_EVIDENCE,FMDL5E_ACCEPTED_SCREENING_ROW,ACCEPTED_INTERNAL_RELEASE,FMDL5E_20260721_5fd74c13444b:HKEX:00001,FMDL5E_ACCEPTED_SCREENING_ROW,,,,2026-07-21,ee0b31e2ffbd3a7e029871c4d2df3383693af9e261089f197e0bbe38a5d578c5
HK-RESEARCH-00001-e64715350b0d,HKEX:00001,00001,INTERNAL_ACCEPTED_EVIDENCE,FMDL5E_ACCEPTED_FACTOR_ROW,ACCEPTED_INTERNAL_RELEASE,FMDL5E_20260721_5fd74c13444b:HKEX:00001,FMDL5E_ACCEPTED_FACTOR_ROW,,,,2026-07-21,82e45d150d13a66f342bb592214ad18205ffcb0cfb33411a4451d94ccb7919be
HK-RESEARCH-00001-e64715350b0d,HKEX:00001,00001,INTERNAL_ACCEPTED_EVIDENCE,FMDL5D_ACCEPTED_FINANCIAL_CURRENT,ACCEPTED_INTERNAL_RELEASE,FMDL5D_20260721_0aee5654502c:HKEX:00001,FMDL5D_ACCEPTED_FINANCIAL_CURRENT,,,,2026-07-21,6ca50550bc02dbf07803d3b1f09cd6f2e5932cd7fa0bc3f2a9d8912326fd89a3
HK-RESEARCH-00388-2265a8ec3e5a,HKEX:00388,00388,PUBLIC_OFFICIAL,HKEX_OFFICIAL_DISCLOSURE,OFFICIAL_PRIMARY,017c2f2801d09b56fb8814e05bdbcd2929e85c3e1b25b0b3021c1a080b14ba1a,"2025 Final Results, Dividend and Closure of Register of Members",https://www1.hkexnews.hk/listedco/listconews/sehk/2026/0226/2026022600166.pdf,ANNUAL_RESULTS,2025-12-31,2026-02-27T01:30:00+00:00,8afb0ce3acaedd8ab229a47bdd6d88888d94740447cf5035acf6bafd5167d828
HK-RESEARCH-00388-2265a8ec3e5a,HKEX:00388,00388,PUBLIC_OFFICIAL,HKEX_OFFICIAL_DISCLOSURE,OFFICIAL_PRIMARY,281d181bb5963b3914b66a6f0222656f7469485476c970323746acc40c99652b,Condensed Consolidated Financial Statements for the six months ended 30 June 2025 (Unaudited),https://www1.hkexnews.hk/listedco/listconews/sehk/2025/0820/2025082000929.pdf,INTERIM_RESULTS,2025-06-30,2025-08-21T01:30:00+00:00,52890f83bbcde76cf27df03f97f68b454c6cecf6f97d20112e6d1c313e198104
HK-RESEARCH-00388-2265a8ec3e5a,HKEX:00388,00388,PUBLIC_OFFICIAL,FMDL5D_OFFICIAL_CURRENT_FINANCIAL_FILING,OFFICIAL_PRIMARY,d094cbdfca78df23e72fdb21d3e450148fbdb7a513ad84de7e14806593ef5f36,FMDL-5D Current financial source for 00388,https://www1.hkexnews.hk/listedco/listconews/sehk/2026/0429/2026042900419.pdf,FINANCIAL_CURRENT_SOURCE,2025-12-31,2026-04-30T01:30:00+00:00,0e99e18f77033d868a97026757bbae735e02d5b00b81cfec19b2497c6869b52f
HK-RESEARCH-00388-2265a8ec3e5a,HKEX:00388,00388,INTERNAL_ACCEPTED_EVIDENCE,FMDL5E_ACCEPTED_SCREENING_ROW,ACCEPTED_INTERNAL_RELEASE,FMDL5E_20260721_5fd74c13444b:HKEX:00388,FMDL5E_ACCEPTED_SCREENING_ROW,,,,2026-07-21,3382f410f94ceb88dac8fa116fb9bed5ffdd498dad6cffda07c42384c8d69e01
HK-RESEARCH-00388-2265a8ec3e5a,HKEX:00388,00388,INTERNAL_ACCEPTED_EVIDENCE,FMDL5E_ACCEPTED_FACTOR_ROW,ACCEPTED_INTERNAL_RELEASE,FMDL5E_20260721_5fd74c13444b:HKEX:00388,FMDL5E_ACCEPTED_FACTOR_ROW,,,,2026-07-21,b2d162aae447dea9c3545f359f5bf21549229bc2931045e146ea1bfc53e2d334
HK-RESEARCH-00388-2265a8ec3e5a,HKEX:00388,00388,INTERNAL_ACCEPTED_EVIDENCE,FMDL5D_ACCEPTED_FINANCIAL_CURRENT,ACCEPTED_INTERNAL_RELEASE,FMDL5D_20260721_0aee5654502c:HKEX:00388,FMDL5D_ACCEPTED_FINANCIAL_CURRENT,,,,2026-07-21,0e99e18f77033d868a97026757bbae735e02d5b00b81cfec19b2497c6869b52f
HK-RESEARCH-02359-ddd4f1d6285d,HKEX:02359,02359,PUBLIC_OFFICIAL,HKEX_OFFICIAL_DISCLOSURE,OFFICIAL_PRIMARY,6608cd149808ab813af224fe5f953e5f1ea7b8de25cd42196cf83e480a862d4f,"ANNOUNCEMENT OF THE ANNUAL RESULTS FOR THE YEAR ENDED DECEMBER 31, 2025",https://www1.hkexnews.hk/listedco/listconews/sehk/2026/0323/2026032300516.pdf,ANNUAL_RESULTS,2025-12-31,2026-03-24T01:30:00+00:00,a4741e181769d60315a93c44b203021ed9e79ae113200b1ce1a5bddff0c1a6aa
HK-RESEARCH-02359-ddd4f1d6285d,HKEX:02359,02359,PUBLIC_OFFICIAL,HKEX_OFFICIAL_DISCLOSURE,OFFICIAL_PRIMARY,cdb713827a59bc447f5b1a4ae1f44e2add8c3f6f797a0f23663097dbebde4351,"ANNOUNCEMENT OF THE UNAUDITED INTERIM RESULTS FOR THE SIX MONTHS ENDED JUNE 30, 2025",https://www1.hkexnews.hk/listedco/listconews/sehk/2025/0728/2025072800842.pdf,INTERIM_RESULTS,2025-06-30,2025-07-29T01:30:00+00:00,48897fd51b77e9cd7c75880277cb607c8453af5f3dd33874f406258079d11c27
HK-RESEARCH-02359-ddd4f1d6285d,HKEX:02359,02359,PUBLIC_OFFICIAL,FMDL5D_OFFICIAL_CURRENT_FINANCIAL_FILING,OFFICIAL_PRIMARY,3f0956ebfbce201306645c7ee790357dda8f8a096e48f86112ff59dc5651b477,FMDL-5D Current financial source for 02359,https://www1.hkexnews.hk/listedco/listconews/sehk/2026/0429/2026042900583.pdf,FINANCIAL_CURRENT_SOURCE,2026-03-31,2026-04-30T01:30:00+00:00,02aac77d0d5d9c183cc1b5567ec92d760004e644da5f18c369fed50e7f59693e
HK-RESEARCH-02359-ddd4f1d6285d,HKEX:02359,02359,INTERNAL_ACCEPTED_EVIDENCE,FMDL5E_ACCEPTED_SCREENING_ROW,ACCEPTED_INTERNAL_RELEASE,FMDL5E_20260721_5fd74c13444b:HKEX:02359,FMDL5E_ACCEPTED_SCREENING_ROW,,,,2026-07-21,962dc10d926c2617de52c465d0abe72059bc6057598c81e389c47a9701c8a4d5
HK-RESEARCH-02359-ddd4f1d6285d,HKEX:02359,02359,INTERNAL_ACCEPTED_EVIDENCE,FMDL5E_ACCEPTED_FACTOR_ROW,ACCEPTED_INTERNAL_RELEASE,FMDL5E_20260721_5fd74c13444b:HKEX:02359,FMDL5E_ACCEPTED_FACTOR_ROW,,,,2026-07-21,b0bb58bd69682bd32fbb94f1c50f45453d789b8f17fd5bd2e22c141da0801fc6
HK-RESEARCH-02359-ddd4f1d6285d,HKEX:02359,02359,INTERNAL_ACCEPTED_EVIDENCE,FMDL5D_ACCEPTED_FINANCIAL_CURRENT,ACCEPTED_INTERNAL_RELEASE,FMDL5D_20260721_0aee5654502c:HKEX:02359,FMDL5D_ACCEPTED_FINANCIAL_CURRENT,,,,2026-07-21,02aac77d0d5d9c183cc1b5567ec92d760004e644da5f18c369fed50e7f59693e
HK-RESEARCH-02555-e8df057ce5f7,HKEX:02555,02555,PUBLIC_OFFICIAL,HKEX_OFFICIAL_DISCLOSURE,OFFICIAL_PRIMARY,b945accfce61d9625520183a58e5989701236c0f3f603ec6ea99acf6f92098a6,ANNUAL RESULTS ANNOUNCEMENT FOR THE YEAR ENDED 31 DECEMBER 2025,https://www1.hkexnews.hk/listedco/listconews/sehk/2026/0327/2026032700465.pdf,ANNUAL_RESULTS,2025-12-31,2026-03-30T01:30:00+00:00,d34146dfd12d572f3a76c03c4a1b9ef9c4dd9654cfdfc7f2232c70598cdcbe16
HK-RESEARCH-02555-e8df057ce5f7,HKEX:02555,02555,PUBLIC_OFFICIAL,HKEX_OFFICIAL_DISCLOSURE,OFFICIAL_PRIMARY,e34318aa28562f8751c4fae5132a184df6076f61687b601f39a868e6a7eb2e7f,INTERIM RESULTS ANNOUNCEMENT FOR THE SIX MONTHS ENDED 30 JUNE 2025,https://www1.hkexnews.hk/listedco/listconews/sehk/2025/0829/2025082902412.pdf,INTERIM_RESULTS,2025-06-30,2025-09-01T01:30:00+00:00,964dfc3b1becd81d92a8f13e45933ef609fc1dd5f9d1240d6cca60af30b2a1dd
HK-RESEARCH-02555-e8df057ce5f7,HKEX:02555,02555,PUBLIC_OFFICIAL,FMDL5D_OFFICIAL_CURRENT_FINANCIAL_FILING,OFFICIAL_PRIMARY,6d837051224860fe9f7361cb0015e6f6e587a7f29a3fefbd58f7192167279ccd,FMDL-5D Current financial source for 02555,https://www1.hkexnews.hk/listedco/listconews/sehk/2026/0424/2026042402779.pdf,FINANCIAL_CURRENT_SOURCE,2025-12-31,2026-04-27T01:30:00+00:00,6befe661ba364d441f8e622b466f5d4cc3356258029533701fff6c7e9f20f643
HK-RESEARCH-02555-e8df057ce5f7,HKEX:02555,02555,INTERNAL_ACCEPTED_EVIDENCE,FMDL5E_ACCEPTED_SCREENING_ROW,ACCEPTED_INTERNAL_RELEASE,FMDL5E_20260721_5fd74c13444b:HKEX:02555,FMDL5E_ACCEPTED_SCREENING_ROW,,,,2026-07-21,57de3b28e39ae90f10a206a5cf7c87fa3c3fb91a0a38336a385aba0fb72c8891
HK-RESEARCH-02555-e8df057ce5f7,HKEX:02555,02555,INTERNAL_ACCEPTED_EVIDENCE,FMDL5E_ACCEPTED_FACTOR_ROW,ACCEPTED_INTERNAL_RELEASE,FMDL5E_20260721_5fd74c13444b:HKEX:02555,FMDL5E_ACCEPTED_FACTOR_ROW,,,,2026-07-21,d28b82d237ff16c2cc4614283ff31bc495cfc0846849f78f4003c1380d23b368
HK-RESEARCH-02555-e8df057ce5f7,HKEX:02555,02555,INTERNAL_ACCEPTED_EVIDENCE,FMDL5D_ACCEPTED_FINANCIAL_CURRENT,ACCEPTED_INTERNAL_RELEASE,FMDL5D_20260721_0aee5654502c:HKEX:02555,FMDL5D_ACCEPTED_FINANCIAL_CURRENT,,,,2026-07-21,6befe661ba364d441f8e622b466f5d4cc3356258029533701fff6c7e9f20f643
HK-RESEARCH-01530-6d9dff842349,HKEX:01530,01530,PUBLIC_OFFICIAL,HKEX_OFFICIAL_DISCLOSURE,OFFICIAL_PRIMARY,ccaf5e01c289112754cd296d42708271088ece8bfbf85305ce8e50e05f83388d,ANNUAL RESULTS ANNOUNCEMENT FOR THE YEAR ENDED 31 DECEMBER 2025,https://www1.hkexnews.hk/listedco/listconews/sehk/2026/0330/2026033002398.pdf,ANNUAL_RESULTS,2025-12-31,2026-03-31T01:30:00+00:00,85b870e0267805fb9adb01c88acc7c56bf362598cd438a5a0ffab9a742fff5dd
HK-RESEARCH-01530-6d9dff842349,HKEX:01530,01530,PUBLIC_OFFICIAL,HKEX_OFFICIAL_DISCLOSURE,OFFICIAL_PRIMARY,433da953cc275f3833ba6d4f83664d8ee77c5f468eb51731b2d2b3da5399ec17,INTERIM RESULTS ANNOUNCEMENT FOR THE SIX MONTHS ENDED 30 JUNE 2025,https://www1.hkexnews.hk/listedco/listconews/sehk/2025/0829/2025082901655.pdf,INTERIM_RESULTS,2025-06-30,2025-09-01T01:30:00+00:00,dc3b12ec3ac2519039092213d197b64db5720dcb8e60bf9552f37c64e56586eb
HK-RESEARCH-01530-6d9dff842349,HKEX:01530,01530,PUBLIC_OFFICIAL,FMDL5D_OFFICIAL_CURRENT_FINANCIAL_FILING,OFFICIAL_PRIMARY,d1f39401e667cbd856a1672d3c1e036f8d410f453fcb77e46bc441ffba914622,FMDL-5D Current financial source for 01530,https://www1.hkexnews.hk/listedco/listconews/sehk/2026/0429/2026042904542.pdf,FINANCIAL_CURRENT_SOURCE,2025-12-31,2026-04-30T01:30:00+00:00,8a597d4b07bd97b5368fbcf1826b3ea5263a4004900499575e77babae38caa44
HK-RESEARCH-01530-6d9dff842349,HKEX:01530,01530,INTERNAL_ACCEPTED_EVIDENCE,FMDL5E_ACCEPTED_SCREENING_ROW,ACCEPTED_INTERNAL_RELEASE,FMDL5E_20260721_5fd74c13444b:HKEX:01530,FMDL5E_ACCEPTED_SCREENING_ROW,,,,2026-07-21,8fc5b91a62c56fa62970ab4e56acf4e5969f58b6bec4d3b11dd6bfa9cf64ca69
HK-RESEARCH-01530-6d9dff842349,HKEX:01530,01530,INTERNAL_ACCEPTED_EVIDENCE,FMDL5E_ACCEPTED_FACTOR_ROW,ACCEPTED_INTERNAL_RELEASE,FMDL5E_20260721_5fd74c13444b:HKEX:01530,FMDL5E_ACCEPTED_FACTOR_ROW,,,,2026-07-21,b74e566aa862b2e3c216852cd2911944d3dbb10d9fd311b0baf903b577cc4e35
HK-RESEARCH-01530-6d9dff842349,HKEX:01530,01530,INTERNAL_ACCEPTED_EVIDENCE,FMDL5D_ACCEPTED_FINANCIAL_CURRENT,ACCEPTED_INTERNAL_RELEASE,FMDL5D_20260721_0aee5654502c:HKEX:01530,FMDL5D_ACCEPTED_FINANCIAL_CURRENT,,,,2026-07-21,8a597d4b07bd97b5368fbcf1826b3ea5263a4004900499575e77babae38caa44
HK-RESEARCH-00966-8dc0110c0031,HKEX:00966,00966,PUBLIC_OFFICIAL,HKEX_OFFICIAL_DISCLOSURE,OFFICIAL_PRIMARY,6697a60ef0aa99708f76ef3bb1339bc115eae7e231e92514d7e844e56a833096,ANNUAL RESULTS FOR THE YEAR ENDED 31 DECEMBER 2025,https://www1.hkexnews.hk/listedco/listconews/sehk/2026/0325/2026032501078.pdf,ANNUAL_RESULTS,2025-12-31,2026-03-26T01:30:00+00:00,a2992c47bf6d1ed9f4063400192d3cfdc271ef6b4f4aaf47085622b0e429b35f
HK-RESEARCH-00966-8dc0110c0031,HKEX:00966,00966,PUBLIC_OFFICIAL,HKEX_OFFICIAL_DISCLOSURE,OFFICIAL_PRIMARY,1dd8bf5aa3d3636ac2d77747f5e638f5e5645b7a9c9b9c09cd92e73888490070,INTERIM RESULTS FOR THE SIX MONTHS ENDED 30 JUNE 2025,https://www1.hkexnews.hk/listedco/listconews/sehk/2025/0828/2025082800840.pdf,INTERIM_RESULTS,2025-06-30,2025-08-29T01:30:00+00:00,7400ed60adfae0d1f4b2503f791d6730dce058831f8282f3a1a603d97ec49ac7
HK-RESEARCH-00966-8dc0110c0031,HKEX:00966,00966,PUBLIC_OFFICIAL,FMDL5D_OFFICIAL_CURRENT_FINANCIAL_FILING,OFFICIAL_PRIMARY,7c8d2b623d242fea0f04d9eb2c35499cce483d1f544f0fcc4c43d2eb1795756f,FMDL-5D Current financial source for 00966,https://www1.hkexnews.hk/listedco/listconews/sehk/2026/0428/2026042800596.pdf,FINANCIAL_CURRENT_SOURCE,2025-12-31,2026-04-29T01:30:00+00:00,517e240986601bda58e4736dcb88d7be715deae1be35f05f4bf40fbb48c25002
HK-RESEARCH-00966-8dc0110c0031,HKEX:00966,00966,INTERNAL_ACCEPTED_EVIDENCE,FMDL5E_ACCEPTED_SCREENING_ROW,ACCEPTED_INTERNAL_RELEASE,FMDL5E_20260721_5fd74c13444b:HKEX:00966,FMDL5E_ACCEPTED_SCREENING_ROW,,,,2026-07-21,43f09d56d0e7017471ec4c9dfe0ce730214f425021d1e2c59f021aefa0fe77f3
HK-RESEARCH-00966-8dc0110c0031,HKEX:00966,00966,INTERNAL_ACCEPTED_EVIDENCE,FMDL5E_ACCEPTED_FACTOR_ROW,ACCEPTED_INTERNAL_RELEASE,FMDL5E_20260721_5fd74c13444b:HKEX:00966,FMDL5E_ACCEPTED_FACTOR_ROW,,,,2026-07-21,b8f356ad08db7bd52862eb1783fb16547243d36fe89a1702a0a6f88a09203095
HK-RESEARCH-00966-8dc0110c0031,HKEX:00966,00966,INTERNAL_ACCEPTED_EVIDENCE,FMDL5D_ACCEPTED_FINANCIAL_CURRENT,ACCEPTED_INTERNAL_RELEASE,FMDL5D_20260721_0aee5654502c:HKEX:00966,FMDL5D_ACCEPTED_FINANCIAL_CURRENT,,,,2026-07-21,517e240986601bda58e4736dcb88d7be715deae1be35f05f4bf40fbb48c25002
HK-RESEARCH-03918-b899e5f1b173,HKEX:03918,03918,PUBLIC_OFFICIAL,HKEX_OFFICIAL_DISCLOSURE,OFFICIAL_PRIMARY,a4701f42135422513f6b65c0fcaccc806f7e716a1f5f2557b04e3ef6994a068b,ANNOUNCEMENT OF FINAL RESULTS FOR THE YEAR ENDED 31 DECEMBER 2025,https://www1.hkexnews.hk/listedco/listconews/sehk/2026/0323/2026032301084.pdf,ANNUAL_RESULTS,2025-12-31,2026-03-24T01:30:00+00:00,e2b2c5e3c4e091c3fdef85658a3ba65ae21bbddb8e538279cff275fd3480dcbc
HK-RESEARCH-03918-b899e5f1b173,HKEX:03918,03918,PUBLIC_OFFICIAL,HKEX_OFFICIAL_DISCLOSURE,OFFICIAL_PRIMARY,9251be6adb75d85b20b51833c9f86956a968f78c3d0ed655cc4caf39f4073141,ANNOUNCEMENT OF INTERIM RESULTS FOR THE SIX MONTHS ENDED 30 JUNE 2025,https://www1.hkexnews.hk/listedco/listconews/sehk/2025/0825/2025082500978.pdf,INTERIM_RESULTS,2025-06-30,2025-08-26T01:30:00+00:00,f748a687c84bfbfb2736a40132ae2a74811eaeb5df9df927135a25c6ab3b4161
HK-RESEARCH-03918-b899e5f1b173,HKEX:03918,03918,PUBLIC_OFFICIAL,FMDL5D_OFFICIAL_CURRENT_FINANCIAL_FILING,OFFICIAL_PRIMARY,344931a59432b46e61d734e41a0e37397f2ccdf8da045f93f4cca2528dd80688,FMDL-5D Current financial source for 03918,https://www1.hkexnews.hk/listedco/listconews/sehk/2026/0428/2026042801689.pdf,FINANCIAL_CURRENT_SOURCE,2025-12-31,2026-04-29T01:30:00+00:00,8cbf48ae068cd0b4f8ad3617886c8768c64ccd939481e801719be69a747593a0
HK-RESEARCH-03918-b899e5f1b173,HKEX:03918,03918,INTERNAL_ACCEPTED_EVIDENCE,FMDL5E_ACCEPTED_SCREENING_ROW,ACCEPTED_INTERNAL_RELEASE,FMDL5E_20260721_5fd74c13444b:HKEX:03918,FMDL5E_ACCEPTED_SCREENING_ROW,,,,2026-07-21,18098a78915489f89fdf9adc1f2551b22d7c9123c8323cf1fca66d0fe32a4ce4
HK-RESEARCH-03918-b899e5f1b173,HKEX:03918,03918,INTERNAL_ACCEPTED_EVIDENCE,FMDL5E_ACCEPTED_FACTOR_ROW,ACCEPTED_INTERNAL_RELEASE,FMDL5E_20260721_5fd74c13444b:HKEX:03918,FMDL5E_ACCEPTED_FACTOR_ROW,,,,2026-07-21,bb911a22077e92e26ba3e4fa117a8645ae0b157297ec9eac900ab4ab1297d00b
HK-RESEARCH-03918-b899e5f1b173,HKEX:03918,03918,INTERNAL_ACCEPTED_EVIDENCE,FMDL5D_ACCEPTED_FINANCIAL_CURRENT,ACCEPTED_INTERNAL_RELEASE,FMDL5D_20260721_0aee5654502c:HKEX:03918,FMDL5D_ACCEPTED_FINANCIAL_CURRENT,,,,2026-07-21,8cbf48ae068cd0b4f8ad3617886c8768c64ccd939481e801719be69a747593a0
HK-RESEARCH-00300-d8d08f515e36,HKEX:00300,00300,PUBLIC_OFFICIAL,HKEX_OFFICIAL_DISCLOSURE,OFFICIAL_PRIMARY,4e0fabe0ad7bbbe40125acdc29a30233a08239eedd4f884a16727a5e9c4cd40f,ANNUAL RESULTS ANNOUNCEMENT FOR THE YEAR ENDED 31 DECEMBER 2025,https://www1.hkexnews.hk/listedco/listconews/sehk/2026/0330/2026033001928.pdf,ANNUAL_RESULTS,2025-12-31,2026-03-31T01:30:00+00:00,c1b20b8c53119f1c0d4235a96055375bef1353e0d84ff76b2100068bfd5db305
HK-RESEARCH-00300-d8d08f515e36,HKEX:00300,00300,PUBLIC_OFFICIAL,HKEX_OFFICIAL_DISCLOSURE,OFFICIAL_PRIMARY,e95ae044ab739c901506443554d93196b6b88b144f90958ee1484243a447baab,INTERIM RESULTS ANNOUNCEMENT FOR THE SIX MONTHS ENDED 30 JUNE 2025,https://www1.hkexnews.hk/listedco/listconews/sehk/2025/0829/2025082902374.pdf,INTERIM_RESULTS,2025-06-30,2025-09-01T01:30:00+00:00,1337de20245a9854c9d7ba521085876df86f08bff5838d1cb1df6f8be4f2000d
HK-RESEARCH-00300-d8d08f515e36,HKEX:00300,00300,PUBLIC_OFFICIAL,FMDL5D_OFFICIAL_CURRENT_FINANCIAL_FILING,OFFICIAL_PRIMARY,16ca11afe510e5862428376b21a3ff2bdebb55c682f59e6d9a82b7ed007c9216,FMDL-5D Current financial source for 00300,https://www1.hkexnews.hk/listedco/listconews/sehk/2026/0429/2026042904598.pdf,FINANCIAL_CURRENT_SOURCE,2026-03-31,2026-04-30T01:30:00+00:00,4c497be02c8a096f508c1ac6824fc9ce42cf4f4cd43627ec5f375af9a8fe8c4d
HK-RESEARCH-00300-d8d08f515e36,HKEX:00300,00300,INTERNAL_ACCEPTED_EVIDENCE,FMDL5E_ACCEPTED_SCREENING_ROW,ACCEPTED_INTERNAL_RELEASE,FMDL5E_20260721_5fd74c13444b:HKEX:00300,FMDL5E_ACCEPTED_SCREENING_ROW,,,,2026-07-21,b88384afe5812ff39d9fe5fcf0c0e03a8dc98d37a8a2ac47d99971b3cb238268
HK-RESEARCH-00300-d8d08f515e36,HKEX:00300,00300,INTERNAL_ACCEPTED_EVIDENCE,FMDL5E_ACCEPTED_FACTOR_ROW,ACCEPTED_INTERNAL_RELEASE,FMDL5E_20260721_5fd74c13444b:HKEX:00300,FMDL5E_ACCEPTED_FACTOR_ROW,,,,2026-07-21,ee27634452c1424e0520c58b1feab4bf3b6a0a4e1801366a20800140b595b7e0
HK-RESEARCH-00300-d8d08f515e36,HKEX:00300,00300,INTERNAL_ACCEPTED_EVIDENCE,FMDL5D_ACCEPTED_FINANCIAL_CURRENT,ACCEPTED_INTERNAL_RELEASE,FMDL5D_20260721_0aee5654502c:HKEX:00300,FMDL5D_ACCEPTED_FINANCIAL_CURRENT,,,,2026-07-21,4c497be02c8a096f508c1ac6824fc9ce42cf4f4cd43627ec5f375af9a8fe8c4d
HK-RESEARCH-00270-cdf9b2a27a8c,HKEX:00270,00270,PUBLIC_OFFICIAL,HKEX_OFFICIAL_DISCLOSURE,OFFICIAL_PRIMARY,36b9f6630b3fe98e96848018eb6afbef469720b389d2e1d2c54979836e803e4b,2025 Annual Results Announcement,https://www1.hkexnews.hk/listedco/listconews/sehk/2026/0330/2026033002806.pdf,ANNUAL_RESULTS,2025-12-31,2026-03-31T01:30:00+00:00,c9df006c204d89e43563f231067d03a009ee77d02c26d0eb1ed4b0bfbd2007be
HK-RESEARCH-00270-cdf9b2a27a8c,HKEX:00270,00270,PUBLIC_OFFICIAL,HKEX_OFFICIAL_DISCLOSURE,OFFICIAL_PRIMARY,c62c62861a717c95c965de4f87f6f0246c62eaf2bc82dc624ebf0e0d252a05ed,Interim Results Announcement for the six months ended 30 June 2025,https://www1.hkexnews.hk/listedco/listconews/sehk/2025/0825/2025082501502.pdf,INTERIM_RESULTS,2025-06-30,2025-08-26T01:30:00+00:00,f80ebe7428ca43171da2f63f46e137811693294455d97080f87bf7c116ce98c8
HK-RESEARCH-00270-cdf9b2a27a8c,HKEX:00270,00270,PUBLIC_OFFICIAL,FMDL5D_OFFICIAL_CURRENT_FINANCIAL_FILING,OFFICIAL_PRIMARY,3939a6675376792e843bd88f2b2f01adc144d52b68cf0117b119ccfe1e481411,FMDL-5D Current financial source for 00270,https://www1.hkexnews.hk/listedco/listconews/sehk/2026/0428/2026042803403.pdf,FINANCIAL_CURRENT_SOURCE,2025-12-31,2026-04-29T01:30:00+00:00,c594c54e12e5cd4175f665bfc3ded6b24b3cac2ea7ae8a4ae4e8a7949dd418af
HK-RESEARCH-00270-cdf9b2a27a8c,HKEX:00270,00270,INTERNAL_ACCEPTED_EVIDENCE,FMDL5E_ACCEPTED_SCREENING_ROW,ACCEPTED_INTERNAL_RELEASE,FMDL5E_20260721_5fd74c13444b:HKEX:00270,FMDL5E_ACCEPTED_SCREENING_ROW,,,,2026-07-21,90382c77e6d69857487c40d649cb43686754073bd1eb406196ef4df181be1527
HK-RESEARCH-00270-cdf9b2a27a8c,HKEX:00270,00270,INTERNAL_ACCEPTED_EVIDENCE,FMDL5E_ACCEPTED_FACTOR_ROW,ACCEPTED_INTERNAL_RELEASE,FMDL5E_20260721_5fd74c13444b:HKEX:00270,FMDL5E_ACCEPTED_FACTOR_ROW,,,,2026-07-21,87990fb0f64d9c568579d1d740a87d4ef74dfec56f4f04c69c86f90c4d5b7de5
HK-RESEARCH-00270-cdf9b2a27a8c,HKEX:00270,00270,INTERNAL_ACCEPTED_EVIDENCE,FMDL5D_ACCEPTED_FINANCIAL_CURRENT,ACCEPTED_INTERNAL_RELEASE,FMDL5D_20260721_0aee5654502c:HKEX:00270,FMDL5D_ACCEPTED_FINANCIAL_CURRENT,,,,2026-07-21,c594c54e12e5cd4175f665bfc3ded6b24b3cac2ea7ae8a4ae4e8a7949dd418af
HK-RESEARCH-01308-07ddb6d27ebf,HKEX:01308,01308,PUBLIC_OFFICIAL,HKEX_OFFICIAL_DISCLOSURE,OFFICIAL_PRIMARY,7a869146558fd47933fbba6c0973afb02316f2819e0f5e079a901e99b77ac6cc,ANNOUNCEMENT OF ANNUAL RESULTS FOR THE YEAR ENDED 31 DECEMBER 2025,https://www1.hkexnews.hk/listedco/listconews/sehk/2026/0310/2026031000179.pdf,ANNUAL_RESULTS,2025-12-31,2026-03-11T01:30:00+00:00,ebcd9d3ae967c0a6e92cad1ac827a22e560aef7b1922ad8cb137c570b77e53d0
HK-RESEARCH-01308-07ddb6d27ebf,HKEX:01308,01308,PUBLIC_OFFICIAL,HKEX_OFFICIAL_DISCLOSURE,OFFICIAL_PRIMARY,48cc512e519e795739274760286c02377bda725254a717069100b4c4084e5406,ANNOUNCEMENT OF INTERIM RESULTS FOR THE SIX MONTHS ENDED 30 JUNE 2025,https://www1.hkexnews.hk/listedco/listconews/sehk/2025/0815/2025081500151.pdf,INTERIM_RESULTS,2025-06-30,2025-08-18T01:30:00+00:00,c18b1aac32209fe57deea0bdbf3d1a88d2b3c6bc671394a9635578bc583242c5
HK-RESEARCH-01308-07ddb6d27ebf,HKEX:01308,01308,PUBLIC_OFFICIAL,FMDL5D_OFFICIAL_CURRENT_FINANCIAL_FILING,OFFICIAL_PRIMARY,aaaddc05afef2c797f0d4e899ed382884b675297540236aee88a0e110a160a1e,FMDL-5D Current financial source for 01308,https://www1.hkexnews.hk/listedco/listconews/sehk/2026/0324/2026032400452.pdf,FINANCIAL_CURRENT_SOURCE,2025-12-31,2026-03-25T01:30:00+00:00,c85d6d8bfd4bd16646e3022e8a131152b4d7b393f6a48c49603d414d05ee8aea
HK-RESEARCH-01308-07ddb6d27ebf,HKEX:01308,01308,INTERNAL_ACCEPTED_EVIDENCE,FMDL5E_ACCEPTED_SCREENING_ROW,ACCEPTED_INTERNAL_RELEASE,FMDL5E_20260721_5fd74c13444b:HKEX:01308,FMDL5E_ACCEPTED_SCREENING_ROW,,,,2026-07-21,26cd4d40a3831047d12cf32da4ee72d7d35488d47fb54fb16d6b6dada743a6ad
HK-RESEARCH-01308-07ddb6d27ebf,HKEX:01308,01308,INTERNAL_ACCEPTED_EVIDENCE,FMDL5E_ACCEPTED_FACTOR_ROW,ACCEPTED_INTERNAL_RELEASE,FMDL5E_20260721_5fd74c13444b:HKEX:01308,FMDL5E_ACCEPTED_FACTOR_ROW,,,,2026-07-21,021513f75f8985fe244c89241e8c23d0b83ff83685b0688036bfd1364eed27d0
HK-RESEARCH-01308-07ddb6d27ebf,HKEX:01308,01308,INTERNAL_ACCEPTED_EVIDENCE,FMDL5D_ACCEPTED_FINANCIAL_CURRENT,ACCEPTED_INTERNAL_RELEASE,FMDL5D_20260721_0aee5654502c:HKEX:01308,FMDL5D_ACCEPTED_FINANCIAL_CURRENT,,,,2026-07-21,c85d6d8bfd4bd16646e3022e8a131152b4d7b393f6a48c49603d414d05ee8aea
HK-RESEARCH-00002-0fd1d517c01d,HKEX:00002,00002,PUBLIC_OFFICIAL,HKEX_OFFICIAL_DISCLOSURE,OFFICIAL_PRIMARY,90cb168f4e67b52ee86543443b7fdbdee3d468a36aa82ebd9fcb1a18ab9622d6,"Announcement of Annual Results from 1 January 2025 to 31 December 2025, Dividend Declaration and Closure of Books",https://www1.hkexnews.hk/listedco/listconews/sehk/2026/0226/2026022600152.pdf,ANNUAL_RESULTS,2025-12-31,2026-02-27T01:30:00+00:00,ef93fa992687ade239d358addb1ea21c96c2fb448658770a0cd6729121e50436
HK-RESEARCH-00002-0fd1d517c01d,HKEX:00002,00002,PUBLIC_OFFICIAL,HKEX_OFFICIAL_DISCLOSURE,OFFICIAL_PRIMARY,a4ea46a457bd4ad918727b5c7b0f5b82d0453658035a5c949553211054cdf72f,"Announcement of Interim Results as from 1 January 2025 to 30 June 2025, Dividend Declaration and Closure of Books",https://www1.hkexnews.hk/listedco/listconews/sehk/2025/0804/2025080400317.pdf,INTERIM_RESULTS,2025-06-30,2025-08-05T01:30:00+00:00,efc0adcc14e659cd691f9475e0bbe5e10ab37b9a756f0ef8ec61cc33a14bb404
HK-RESEARCH-00002-0fd1d517c01d,HKEX:00002,00002,PUBLIC_OFFICIAL,FMDL5D_OFFICIAL_CURRENT_FINANCIAL_FILING,OFFICIAL_PRIMARY,03ef12033cadc8ded0c18bcbf9ed6bd7ae4a58eb19346d09047b68b5ac7e1876,FMDL-5D Current financial source for 00002,https://www1.hkexnews.hk/listedco/listconews/sehk/2026/0508/2026050800993.pdf,FINANCIAL_CURRENT_SOURCE,2025-12-31,2026-05-11T01:30:00+00:00,2750460548226b53f92610ea5b95dfa418cb31f93305cf9f9253cd31a468fe28
HK-RESEARCH-00002-0fd1d517c01d,HKEX:00002,00002,INTERNAL_ACCEPTED_EVIDENCE,FMDL5E_ACCEPTED_SCREENING_ROW,ACCEPTED_INTERNAL_RELEASE,FMDL5E_20260721_5fd74c13444b:HKEX:00002,FMDL5E_ACCEPTED_SCREENING_ROW,,,,2026-07-21,b99893b5870483ef74eed029ee28482d61bcf4b5e76e48f86959e8ea3142b3ca
HK-RESEARCH-00002-0fd1d517c01d,HKEX:00002,00002,INTERNAL_ACCEPTED_EVIDENCE,FMDL5E_ACCEPTED_FACTOR_ROW,ACCEPTED_INTERNAL_RELEASE,FMDL5E_20260721_5fd74c13444b:HKEX:00002,FMDL5E_ACCEPTED_FACTOR_ROW,,,,2026-07-21,3279c43e4d4f491225beb66c7952556a31ef0dee08b1882eddb84c38e8dfca96
HK-RESEARCH-00002-0fd1d517c01d,HKEX:00002,00002,INTERNAL_ACCEPTED_EVIDENCE,FMDL5D_ACCEPTED_FINANCIAL_CURRENT,ACCEPTED_INTERNAL_RELEASE,FMDL5D_20260721_0aee5654502c:HKEX:00002,FMDL5D_ACCEPTED_FINANCIAL_CURRENT,,,,2026-07-21,2750460548226b53f92610ea5b95dfa418cb31f93305cf9f9253cd31a468fe28
HK-RESEARCH-02877-5738bfff97c1,HKEX:02877,02877,PUBLIC_OFFICIAL,HKEX_OFFICIAL_DISCLOSURE,OFFICIAL_PRIMARY,c240db6ba0fd45e88cfc32974036583e10c357adc31de2df5048604bd3005d5c,2025 ANNUAL RESULTS ANNOUNCEMENT AND DECLARATION OF 2026 FIRST INTERIM DIVIDEND,https://www1.hkexnews.hk/listedco/listconews/sehk/2026/0327/2026032700383.pdf,ANNUAL_RESULTS,2025-12-31,2026-03-30T01:30:00+00:00,6d52fccd753c83935ac3a2ee7e288ac2cb5e3e44f187a78473053c2cc3aa7f9d
HK-RESEARCH-02877-5738bfff97c1,HKEX:02877,02877,PUBLIC_OFFICIAL,HKEX_OFFICIAL_DISCLOSURE,OFFICIAL_PRIMARY,07562875cb12cc57a1e10119662548db1427293e97740e95192e1089878ef859,2025 INTERIM RESULTS ANNOUNCEMENT,https://www1.hkexnews.hk/listedco/listconews/sehk/2025/0827/2025082700257.pdf,INTERIM_RESULTS,2025-06-30,2025-08-28T01:30:00+00:00,03f9e2b9d1d75a412c6bf1743c8a82805cb6854e8ce7602daf6515441adebaab
HK-RESEARCH-02877-5738bfff97c1,HKEX:02877,02877,PUBLIC_OFFICIAL,FMDL5D_OFFICIAL_CURRENT_FINANCIAL_FILING,OFFICIAL_PRIMARY,9fa1f2fb63c7cbdf8f57803e867f407d6740b685b5ba436e0bd6ddf3f7251e5d,FMDL-5D Current financial source for 02877,https://www1.hkexnews.hk/listedco/listconews/sehk/2026/0423/2026042301743.pdf,FINANCIAL_CURRENT_SOURCE,2025-12-31,2026-04-24T01:30:00+00:00,346b23ae00074f7c7dc67ee3078aa4af46005e69edb1e1738a25a3798cf3485e
HK-RESEARCH-02877-5738bfff97c1,HKEX:02877,02877,INTERNAL_ACCEPTED_EVIDENCE,FMDL5E_ACCEPTED_SCREENING_ROW,ACCEPTED_INTERNAL_RELEASE,FMDL5E_20260721_5fd74c13444b:HKEX:02877,FMDL5E_ACCEPTED_SCREENING_ROW,,,,2026-07-21,9109a059820fbaf66165a4349478e22ca82acde329238ef4fc56f2d42e7eed11
HK-RESEARCH-02877-5738bfff97c1,HKEX:02877,02877,INTERNAL_ACCEPTED_EVIDENCE,FMDL5E_ACCEPTED_FACTOR_ROW,ACCEPTED_INTERNAL_RELEASE,FMDL5E_20260721_5fd74c13444b:HKEX:02877,FMDL5E_ACCEPTED_FACTOR_ROW,,,,2026-07-21,1db21e79a16234818600b992655e7a2d12a04e0f8cc6fb1a6dea08b2319f1ca6
HK-RESEARCH-02877-5738bfff97c1,HKEX:02877,02877,INTERNAL_ACCEPTED_EVIDENCE,FMDL5D_ACCEPTED_FINANCIAL_CURRENT,ACCEPTED_INTERNAL_RELEASE,FMDL5D_20260721_0aee5654502c:HKEX:02877,FMDL5D_ACCEPTED_FINANCIAL_CURRENT,,,,2026-07-21,346b23ae00074f7c7dc67ee3078aa4af46005e69edb1e1738a25a3798cf3485e
HK-RESEARCH-09999-0bcd8c3d119a,HKEX:09999,09999,PUBLIC_OFFICIAL,HKEX_OFFICIAL_DISCLOSURE,OFFICIAL_PRIMARY,604af09ce4a5fc8a329b4eef54ee3b41e594d4fd9a7bba6e0d56877a38a18fd9,UNAUDITED FINANCIAL RESULTS FOR THE SECOND QUARTER ENDED JUNE 30 2023 AND THE SECOND QUARTER DIVIDEND ANNOUNCEMENT,https://www1.hkexnews.hk/listedco/listconews/sehk/2023/0824/2023082400904.pdf,INTERIM_RESULTS,,2023-08-25T01:30:00+00:00,99166e371d8fae9968a43bfd94da3e4b557a1b55b6cf566f3a26d8834b853f61
HK-RESEARCH-09999-0bcd8c3d119a,HKEX:09999,09999,PUBLIC_OFFICIAL,FMDL5D_OFFICIAL_CURRENT_FINANCIAL_FILING,OFFICIAL_PRIMARY,3f97492a3326d27399de688ccfb20252275cfa8c76e3ca0be313959e8ab93250,FMDL-5D Current financial source for 09999,https://www1.hkexnews.hk/listedco/listconews/sehk/2026/0521/2026052100815.pdf,FINANCIAL_CURRENT_SOURCE,2026-03-31,2026-05-22T01:30:00+00:00,11fa7e445b1fcc52313e6958c21881d01e79acf22f4813a2e33d1e5b272ddfdb
HK-RESEARCH-09999-0bcd8c3d119a,HKEX:09999,09999,INTERNAL_ACCEPTED_EVIDENCE,FMDL5E_ACCEPTED_SCREENING_ROW,ACCEPTED_INTERNAL_RELEASE,FMDL5E_20260721_5fd74c13444b:HKEX:09999,FMDL5E_ACCEPTED_SCREENING_ROW,,,,2026-07-21,c998498dd757d69ebdb602527cdb68b355fcb3a382e006c6423a17a0041974cd
HK-RESEARCH-09999-0bcd8c3d119a,HKEX:09999,09999,INTERNAL_ACCEPTED_EVIDENCE,FMDL5E_ACCEPTED_FACTOR_ROW,ACCEPTED_INTERNAL_RELEASE,FMDL5E_20260721_5fd74c13444b:HKEX:09999,FMDL5E_ACCEPTED_FACTOR_ROW,,,,2026-07-21,c224884e2ba0296a318281d16c8437bc98929e9014442211bf9ee223343a5945
HK-RESEARCH-09999-0bcd8c3d119a,HKEX:09999,09999,INTERNAL_ACCEPTED_EVIDENCE,FMDL5D_ACCEPTED_FINANCIAL_CURRENT,ACCEPTED_INTERNAL_RELEASE,FMDL5D_20260721_0aee5654502c:HKEX:09999,FMDL5D_ACCEPTED_FINANCIAL_CURRENT,,,,2026-07-21,11fa7e445b1fcc52313e6958c21881d01e79acf22f4813a2e33d1e5b272ddfdb
HK-RESEARCH-00003-db6a70d6cb7a,HKEX:00003,00003,PUBLIC_OFFICIAL,HKEX_OFFICIAL_DISCLOSURE,OFFICIAL_PRIMARY,5ef5eada04889dbeb382da6c627047523da80c2e42bbfccd3aff5e03fac7acf7,2025 Annual Results Announcement,https://www1.hkexnews.hk/listedco/listconews/sehk/2026/0320/2026032000477.pdf,ANNUAL_RESULTS,2025-12-31,2026-03-23T01:30:00+00:00,c9fdb62001873eca5a2b4d68b9b2a88a46e03f4e5a4a3acdf7a871efb70c2a31
HK-RESEARCH-00003-db6a70d6cb7a,HKEX:00003,00003,PUBLIC_OFFICIAL,HKEX_OFFICIAL_DISCLOSURE,OFFICIAL_PRIMARY,c5238bae80ae2fec4c515a6fbf5251ac22720c5f196735ff8efffc56622a4c97,2025 Interim Results Announcement,https://www1.hkexnews.hk/listedco/listconews/sehk/2025/0820/2025082000307.pdf,INTERIM_RESULTS,2025-06-30,2025-08-21T01:30:00+00:00,f65458ec70af3d50eba5a9a6a3ebb12113943a60af725eb20e5bfd0be8fcc265
HK-RESEARCH-00003-db6a70d6cb7a,HKEX:00003,00003,PUBLIC_OFFICIAL,FMDL5D_OFFICIAL_CURRENT_FINANCIAL_FILING,OFFICIAL_PRIMARY,23c8bf1504cb13b98dab778304d4059eb1fffd25052e7ab6c6c39a2e1ff1fc89,FMDL-5D Current financial source for 00003,https://www1.hkexnews.hk/listedco/listconews/sehk/2026/0428/2026042801669.pdf,FINANCIAL_CURRENT_SOURCE,2025-12-31,2026-04-29T01:30:00+00:00,cc012dee6898a4fa1f835649b67ba9ee159bff2390ac5b575cfed1c3607888fd
HK-RESEARCH-00003-db6a70d6cb7a,HKEX:00003,00003,INTERNAL_ACCEPTED_EVIDENCE,FMDL5E_ACCEPTED_SCREENING_ROW,ACCEPTED_INTERNAL_RELEASE,FMDL5E_20260721_5fd74c13444b:HKEX:00003,FMDL5E_ACCEPTED_SCREENING_ROW,,,,2026-07-21,cdaf63fb3666e4d9acc315c0fa7fc30c02e9cc1da501ece208f578580b9a3643
HK-RESEARCH-00003-db6a70d6cb7a,HKEX:00003,00003,INTERNAL_ACCEPTED_EVIDENCE,FMDL5E_ACCEPTED_FACTOR_ROW,ACCEPTED_INTERNAL_RELEASE,FMDL5E_20260721_5fd74c13444b:HKEX:00003,FMDL5E_ACCEPTED_FACTOR_ROW,,,,2026-07-21,2f25bc315bc3f27a7dc73049238ac2fa091e3610d3595c636c9c877ecbacfaea
HK-RESEARCH-00003-db6a70d6cb7a,HKEX:00003,00003,INTERNAL_ACCEPTED_EVIDENCE,FMDL5D_ACCEPTED_FINANCIAL_CURRENT,ACCEPTED_INTERNAL_RELEASE,FMDL5D_20260721_0aee5654502c:HKEX:00003,FMDL5D_ACCEPTED_FINANCIAL_CURRENT,,,,2026-07-21,cc012dee6898a4fa1f835649b67ba9ee159bff2390ac5b575cfed1c3607888fd
HK-RESEARCH-02888-62d7c9db2137,HKEX:02888,02888,PUBLIC_OFFICIAL,HKEX_OFFICIAL_DISCLOSURE,OFFICIAL_PRIMARY,2bf7a8e9d78232b332e0b16f186dfceb6b99f55ed9e00a123e2a3a6ebc522118,Full-Year and Fourth Quarter 2025 Results,https://www1.hkexnews.hk/listedco/listconews/sehk/2026/0224/2026022400108.pdf,ANNUAL_RESULTS,2025-12-31,2026-02-25T01:30:00+00:00,376a941d67022ed23f4a53de36de80514354b33c549537cbb0c080c3b2c38458
HK-RESEARCH-02888-62d7c9db2137,HKEX:02888,02888,PUBLIC_OFFICIAL,HKEX_OFFICIAL_DISCLOSURE,OFFICIAL_PRIMARY,57b28678b19498bc3546112c59eed6898042ecde9ec27d5a910b4b0da33e0bfe,Statement on the Bank of England 2025 Bank Capital Stress Test results,https://www1.hkexnews.hk/listedco/listconews/sehk/2025/1202/2025120200715.pdf,FINANCIAL_STATEMENTS,2025-06-30,2025-12-03T01:30:00+00:00,e5dd38fc462b2fed7cf8b352d2895c9526d0a4e0fc6573871bf07be211a91891
HK-RESEARCH-02888-62d7c9db2137,HKEX:02888,02888,PUBLIC_OFFICIAL,FMDL5D_OFFICIAL_CURRENT_FINANCIAL_FILING,OFFICIAL_PRIMARY,d2b9160530550f4ce9357898c89ba8b3316e64e1afa225287b27629e4d208dff,FMDL-5D Current financial source for 02888,https://www1.hkexnews.hk/listedco/listconews/sehk/2026/0430/2026043000531.pdf,FINANCIAL_CURRENT_SOURCE,2025-12-31,2026-05-04T01:30:00+00:00,c0f0a331e1f5a6a13a1f08ef7a476d730d8db5ea31529eca1e4633eeb642d9cc
HK-RESEARCH-02888-62d7c9db2137,HKEX:02888,02888,INTERNAL_ACCEPTED_EVIDENCE,FMDL5E_ACCEPTED_SCREENING_ROW,ACCEPTED_INTERNAL_RELEASE,FMDL5E_20260721_5fd74c13444b:HKEX:02888,FMDL5E_ACCEPTED_SCREENING_ROW,,,,2026-07-21,d7fcec30474026587d3bd93169dd82b6efd8c216702cce6e659b15abbb977956
HK-RESEARCH-02888-62d7c9db2137,HKEX:02888,02888,INTERNAL_ACCEPTED_EVIDENCE,FMDL5E_ACCEPTED_FACTOR_ROW,ACCEPTED_INTERNAL_RELEASE,FMDL5E_20260721_5fd74c13444b:HKEX:02888,FMDL5E_ACCEPTED_FACTOR_ROW,,,,2026-07-21,c545e37b8f56ad07e8d60df91fd14f9b17c2c587e9efc3583b797ba203a41d95
HK-RESEARCH-02888-62d7c9db2137,HKEX:02888,02888,INTERNAL_ACCEPTED_EVIDENCE,FMDL5D_ACCEPTED_FINANCIAL_CURRENT,ACCEPTED_INTERNAL_RELEASE,FMDL5D_20260721_0aee5654502c:HKEX:02888,FMDL5D_ACCEPTED_FINANCIAL_CURRENT,,,,2026-07-21,c0f0a331e1f5a6a13a1f08ef7a476d730d8db5ea31529eca1e4633eeb642d9cc
