event_type,issuer_id_action,share_class_id_action,security_id_action,listing_id_action,required_link,pilot_membership_action
TICKER_CHANGE,PRESERVE,PRESERVE,PRESERVE,CLOSE_OLD_CREATE_NEW,OLD_LISTING_TO_NEW_LISTING,
EXCHANGE_TRANSFER,PRESERVE,PRESERVE,PRESERVE,CLOSE_OLD_CREATE_NEW,OLD_LISTING_TO_NEW_LISTING,
STOCK_SPLIT_OR_REVERSE_SPLIT,PRESERVE,PRESERVE,PRESERVE,PRESERVE,CORPORATE_ACTION_EVENT,
CASH_DIVIDEND,PRESERVE,PRESERVE,PRESERVE,PRESERVE,CORPORATE_ACTION_EVENT,
NEW_SHARE_CLASS,PRESERVE,CREATE_NEW,CREATE_NEW,CREATE_NEW_IF_LISTED,COMMON_ISSUER_LINK,
ADR_RATIO_CHANGE,PRESERVE,PRESERVE_OR_VERSION_ECONOMIC_RIGHTS,PRESERVE,PRESERVE_UNLESS_SYMBOL_OR_VENUE_CHANGES,ADR_RATIO_EVENT_AND_UNDERLYING_LINK,
MERGER_OR_ACQUISITION,TERMINATE_OR_LINK_PREDECESSOR,TERMINATE_PREDECESSOR_CLASS,TERMINATE_PREDECESSOR_SECURITY,CLOSE_PREDECESSOR_LISTING,PREDECESSOR_TO_SUCCESSOR,
SPINOFF,CREATE_NEW_ISSUER_WHEN_LEGALLY_DISTINCT,CREATE_NEW,CREATE_NEW,CREATE_NEW_IF_LISTED,PARENT_TO_SPINOFF,
DELISTING_TO_OTC,PRESERVE_IF_ISSUER_CONTINUES,PRESERVE,PRESERVE_WITH_NON_PILOT_STATUS,CLOSE_EXCHANGE_LISTING,DELISTING_EVENT,REMOVE_NO_OTC_FALLBACK
BANKRUPTCY_OR_LIQUIDATION,PRESERVE_HISTORICAL_IDENTITY,TERMINATE_WHEN_LEGALLY_CANCELLED,TERMINATE_WHEN_LEGALLY_CANCELLED,CLOSE_WHEN_DELISTED,LEGAL_STATUS_EVENT,
