symbol,name,profile,board,source_id,report_period_end,announcement_timestamp_raw,announcement_date,filing_title_raw,filing_title,filing_link,is_revision,revision_sequence,available_from,effective_from,superseded_at,structured_value_status,revision_id
605090.SH,九丰能源,GENERAL_NON_FINANCIAL,SH_MAIN,SRC-CNINFO-605090,2023-12-31,2024-04-02T00:00:00,2024-04-02,关于变更《2023年年度<em>报告</em>》披露日期的公告,关于变更《2023年年度报告》披露日期的公告,http://www.cninfo.com.cn/new/disclosure/detail?stockCode=605090&announcementId=1219489692&orgId=9900037724&announcementTime=2024-04-02,False,1,2024-04-03T09:30:00+08:00,2024-04-03T09:30:00+08:00,2024-04-11T09:30:00+08:00,DOCUMENT_ONLY_PRIOR_REVISION_NO_HISTORICAL_STRUCTURED_VALUE,f05974bb97bf1fabca4ff484cd7844843539122c98636970b2755f65a6848dc7
605090.SH,九丰能源,GENERAL_NON_FINANCIAL,SH_MAIN,SRC-CNINFO-605090,2023-12-31,2024-04-10T00:00:00,2024-04-10,2023年年度<em>报告</em>,2023年年度报告,http://www.cninfo.com.cn/new/disclosure/detail?stockCode=605090&announcementId=1219551898&orgId=9900037724&announcementTime=2024-04-10,False,2,2024-04-11T09:30:00+08:00,2024-04-11T09:30:00+08:00,,CURRENT_PROVIDER_VALUE_BOUND_TO_LATEST_REVISION,a00830860af69766f8d1e77c157d20eff961671251fda7f5b72b285284276235
605090.SH,九丰能源,GENERAL_NON_FINANCIAL,SH_MAIN,SRC-CNINFO-605090,2024-03-31,2024-04-23T00:00:00,2024-04-23,2024年第一季度<em>报告</em>,2024年第一季度报告,http://www.cninfo.com.cn/new/disclosure/detail?stockCode=605090&announcementId=1219738314&orgId=9900037724&announcementTime=2024-04-23,False,1,2024-04-24T09:30:00+08:00,2024-04-24T09:30:00+08:00,,CURRENT_PROVIDER_VALUE_BOUND_TO_LATEST_REVISION,53326a0f538ffe56295a5071a69c1049fbc1b747e5a857daf1d5e7e1098ab3d9
605090.SH,九丰能源,GENERAL_NON_FINANCIAL,SH_MAIN,SRC-CNINFO-605090,2024-06-30,2024-08-14T00:00:00,2024-08-14,2024年半年度<em>报告</em>,2024年半年度报告,http://www.cninfo.com.cn/new/disclosure/detail?stockCode=605090&announcementId=1220861425&orgId=9900037724&announcementTime=2024-08-14,False,1,2024-08-15T09:30:00+08:00,2024-08-15T09:30:00+08:00,,CURRENT_PROVIDER_VALUE_BOUND_TO_LATEST_REVISION,81d0852df605f6c7c259cc026c805ac67eaed9c9518d2226ff9fffe449a7e720
605090.SH,九丰能源,GENERAL_NON_FINANCIAL,SH_MAIN,SRC-CNINFO-605090,2024-09-30,2024-10-22T00:00:00,2024-10-22,2024年第三季度<em>报告</em>,2024年第三季度报告,http://www.cninfo.com.cn/new/disclosure/detail?stockCode=605090&announcementId=1221449712&orgId=9900037724&announcementTime=2024-10-22,False,1,2024-10-23T09:30:00+08:00,2024-10-23T09:30:00+08:00,,CURRENT_PROVIDER_VALUE_BOUND_TO_LATEST_REVISION,5e254ba66d8e5478a61101ae7195ffb9a34cfb965726f69e6c306c94d09755a0
605090.SH,九丰能源,GENERAL_NON_FINANCIAL,SH_MAIN,SRC-CNINFO-605090,2024-12-31,2025-04-18T00:00:00,2025-04-18,2024年年度<em>报告</em>,2024年年度报告,http://www.cninfo.com.cn/new/disclosure/detail?stockCode=605090&announcementId=1223124690&orgId=9900037724&announcementTime=2025-04-18,False,1,2025-04-21T09:30:00+08:00,2025-04-21T09:30:00+08:00,,CURRENT_PROVIDER_VALUE_BOUND_TO_LATEST_REVISION,7376ad0eecf3fb5b1852106eebda96d45b3b272348d7bbe1b70c66fdb09cb980
605090.SH,九丰能源,GENERAL_NON_FINANCIAL,SH_MAIN,SRC-CNINFO-605090,2025-03-31,2025-04-18T00:00:00,2025-04-18,2025年第一季度<em>报告</em>,2025年第一季度报告,http://www.cninfo.com.cn/new/disclosure/detail?stockCode=605090&announcementId=1223124661&orgId=9900037724&announcementTime=2025-04-18,False,1,2025-04-21T09:30:00+08:00,2025-04-21T09:30:00+08:00,,CURRENT_PROVIDER_VALUE_BOUND_TO_LATEST_REVISION,73b1a4d122bf8b56422f96ecfcbd07f1224a421cefe56a8d340778e262b6a897
605090.SH,九丰能源,GENERAL_NON_FINANCIAL,SH_MAIN,SRC-CNINFO-605090,2025-06-30,2025-08-19T00:00:00,2025-08-19,2025年半年度<em>报告</em>,2025年半年度报告,http://www.cninfo.com.cn/new/disclosure/detail?stockCode=605090&announcementId=1224502180&orgId=9900037724&announcementTime=2025-08-19,False,1,2025-08-20T09:30:00+08:00,2025-08-20T09:30:00+08:00,,CURRENT_PROVIDER_VALUE_BOUND_TO_LATEST_REVISION,a6a28fcf1c31e8cf83bb64a6022a10bb3e7f81d3f9ef4557c8a82ac435ee0220
605090.SH,九丰能源,GENERAL_NON_FINANCIAL,SH_MAIN,SRC-CNINFO-605090,2025-09-30,2025-10-28T00:00:00,2025-10-28,2025年第三季度<em>报告</em>,2025年第三季度报告,http://www.cninfo.com.cn/new/disclosure/detail?stockCode=605090&announcementId=1224740525&orgId=9900037724&announcementTime=2025-10-28,False,1,2025-10-29T09:30:00+08:00,2025-10-29T09:30:00+08:00,,CURRENT_PROVIDER_VALUE_BOUND_TO_LATEST_REVISION,ff696ef6308c131b822249d03820e3eef6cca33f14f6f8a8702a25ad7262277c
605090.SH,九丰能源,GENERAL_NON_FINANCIAL,SH_MAIN,SRC-CNINFO-605090,2025-12-31,2026-04-24T00:00:00,2026-04-24,2025年年度<em>报告</em>,2025年年度报告,http://www.cninfo.com.cn/new/disclosure/detail?stockCode=605090&announcementId=1225161725&orgId=9900037724&announcementTime=2026-04-24,False,1,2026-04-27T09:30:00+08:00,2026-04-27T09:30:00+08:00,,CURRENT_PROVIDER_VALUE_BOUND_TO_LATEST_REVISION,759b2cb14801eb44da7b32f66d8e8e1a06475b651a6dd445ec723784a68962e9
605090.SH,九丰能源,GENERAL_NON_FINANCIAL,SH_MAIN,SRC-CNINFO-605090,2026-03-31,2026-04-24T00:00:00,2026-04-24,2026年第一季度<em>报告</em>,2026年第一季度报告,http://www.cninfo.com.cn/new/disclosure/detail?stockCode=605090&announcementId=1225161694&orgId=9900037724&announcementTime=2026-04-24,False,1,2026-04-27T09:30:00+08:00,2026-04-27T09:30:00+08:00,,CURRENT_PROVIDER_VALUE_BOUND_TO_LATEST_REVISION,09742e6f954a3dbe7fe0c13ef4af4c65d2917502522918be270521fa5574e158
300750.SZ,宁德时代,GENERAL_NON_FINANCIAL,CHINEXT,SRC-CNINFO-300750,2023-12-31,2024-03-16T00:00:00,2024-03-16,2023年年度<em>报告</em>,2023年年度报告,http://www.cninfo.com.cn/new/disclosure/detail?stockCode=300750&announcementId=1219313047&orgId=GD165627&announcementTime=2024-03-16 00:00:00,False,1,2024-03-18T09:30:00+08:00,2024-03-18T09:30:00+08:00,,CURRENT_PROVIDER_VALUE_BOUND_TO_LATEST_REVISION,d6372758ead613162d7509ced3af2863dacb7b90e300aaad3ac1224094a1f881
300750.SZ,宁德时代,GENERAL_NON_FINANCIAL,CHINEXT,SRC-CNINFO-300750,2024-03-31,2024-04-16T00:00:00,2024-04-16,2024年一季度<em>报告</em>,2024年一季度报告,http://www.cninfo.com.cn/new/disclosure/detail?stockCode=300750&announcementId=1219619642&orgId=GD165627&announcementTime=2024-04-16 00:00:00,False,1,2024-04-17T09:30:00+08:00,2024-04-17T09:30:00+08:00,,CURRENT_PROVIDER_VALUE_BOUND_TO_LATEST_REVISION,7285a55de9d293fc8770e2ac55369f1141c5f4c803da094c5fecaf19480ba78f
300750.SZ,宁德时代,GENERAL_NON_FINANCIAL,CHINEXT,SRC-CNINFO-300750,2024-06-30,2024-07-27T00:00:00,2024-07-27,2024年半年度<em>报告</em>,2024年半年度报告,http://www.cninfo.com.cn/new/disclosure/detail?stockCode=300750&announcementId=1220740372&orgId=GD165627&announcementTime=2024-07-27 00:00:00,False,1,2024-07-29T09:30:00+08:00,2024-07-29T09:30:00+08:00,,CURRENT_PROVIDER_VALUE_BOUND_TO_LATEST_REVISION,aa834f1911167e4cd5fe4da0f1d80e3edd0e8777e4ca0be72fdb44f96939fc6d
300750.SZ,宁德时代,GENERAL_NON_FINANCIAL,CHINEXT,SRC-CNINFO-300750,2024-09-30,2024-10-19T00:00:00,2024-10-19,2024年三季度<em>报告</em>,2024年三季度报告,http://www.cninfo.com.cn/new/disclosure/detail?stockCode=300750&announcementId=1221432744&orgId=GD165627&announcementTime=2024-10-19 00:00:00,False,1,2024-10-21T09:30:00+08:00,2024-10-21T09:30:00+08:00,,CURRENT_PROVIDER_VALUE_BOUND_TO_LATEST_REVISION,a871486077391eb04f03095406a7f69f2207f7a8a5d827cb6172aa34e7c1d821
300750.SZ,宁德时代,GENERAL_NON_FINANCIAL,CHINEXT,SRC-CNINFO-300750,2024-12-31,2025-03-15T00:00:00,2025-03-15,2024年年度<em>报告</em>,2024年年度报告,http://www.cninfo.com.cn/new/disclosure/detail?stockCode=300750&announcementId=1222806982&orgId=GD165627&announcementTime=2025-03-15 00:00:00,False,1,2025-03-17T09:30:00+08:00,2025-03-17T09:30:00+08:00,,CURRENT_PROVIDER_VALUE_BOUND_TO_LATEST_REVISION,35c47e944c3540d6fd69823a2f7b8e0724c2976acdb007a94050ba4b65ea6a83
300750.SZ,宁德时代,GENERAL_NON_FINANCIAL,CHINEXT,SRC-CNINFO-300750,2025-03-31,2025-04-15T00:00:00,2025-04-15,2025年一季度<em>报告</em>,2025年一季度报告,http://www.cninfo.com.cn/new/disclosure/detail?stockCode=300750&announcementId=1223094849&orgId=GD165627&announcementTime=2025-04-15 00:00:00,False,1,2025-04-16T09:30:00+08:00,2025-04-16T09:30:00+08:00,,CURRENT_PROVIDER_VALUE_BOUND_TO_LATEST_REVISION,b8e999f08b49f84803cd817629b19f604200c70ee4e1a62e7fe836ff3d50ef3c
300750.SZ,宁德时代,GENERAL_NON_FINANCIAL,CHINEXT,SRC-CNINFO-300750,2025-06-30,2025-07-31T00:00:00,2025-07-31,2025年半年度<em>报告</em>,2025年半年度报告,http://www.cninfo.com.cn/new/disclosure/detail?stockCode=300750&announcementId=1224342874&orgId=GD165627&announcementTime=2025-07-31 00:00:00,False,1,2025-08-01T09:30:00+08:00,2025-08-01T09:30:00+08:00,2025-08-05T09:30:00+08:00,DOCUMENT_ONLY_PRIOR_REVISION_NO_HISTORICAL_STRUCTURED_VALUE,6856dd0556b0bb594d1296d7a766ea3ac7e8a7d0dc674141d4b29c7c8d75aa67
300750.SZ,宁德时代,GENERAL_NON_FINANCIAL,CHINEXT,SRC-CNINFO-300750,2025-06-30,2025-08-04T17:10:08,2025-08-04,H股公告（2025年中期<em>报告</em>）,H股公告（2025年中期报告）,http://www.cninfo.com.cn/new/disclosure/detail?stockCode=300750&announcementId=1224385911&orgId=GD165627&announcementTime=2025-08-04 17:10:08,False,2,2025-08-05T09:30:00+08:00,2025-08-05T09:30:00+08:00,,CURRENT_PROVIDER_VALUE_BOUND_TO_LATEST_REVISION,e8105862fcecccd828f52571b9e2e79de0ab6cf14de4b4e93d8944776abb685a
300750.SZ,宁德时代,GENERAL_NON_FINANCIAL,CHINEXT,SRC-CNINFO-300750,2025-09-30,2025-10-21T00:00:00,2025-10-21,2025年三季度<em>报告</em>,2025年三季度报告,http://www.cninfo.com.cn/new/disclosure/detail?stockCode=300750&announcementId=1224721971&orgId=GD165627&announcementTime=2025-10-21 00:00:00,False,1,2025-10-22T09:30:00+08:00,2025-10-22T09:30:00+08:00,,CURRENT_PROVIDER_VALUE_BOUND_TO_LATEST_REVISION,a3ab3355522edcbe958e656e93aec038e070604b08279b2c41452c3ffb242ba4
300750.SZ,宁德时代,GENERAL_NON_FINANCIAL,CHINEXT,SRC-CNINFO-300750,2025-12-31,2026-03-10T00:00:00,2026-03-10,2025年年度<em>报告</em>,2025年年度报告,http://www.cninfo.com.cn/new/disclosure/detail?stockCode=300750&announcementId=1225002214&orgId=GD165627&announcementTime=2026-03-10 00:00:00,False,1,2026-03-11T09:30:00+08:00,2026-03-11T09:30:00+08:00,,CURRENT_PROVIDER_VALUE_BOUND_TO_LATEST_REVISION,24e3079b2f55047e1465d84d0334e08dc10db94ad48c03175e5f6944fc8d9022
300750.SZ,宁德时代,GENERAL_NON_FINANCIAL,CHINEXT,SRC-CNINFO-300750,2026-03-31,2026-04-16T00:00:00,2026-04-16,2026年一季度<em>报告</em>,2026年一季度报告,http://www.cninfo.com.cn/new/disclosure/detail?stockCode=300750&announcementId=1225107946&orgId=GD165627&announcementTime=2026-04-16 00:00:00,False,1,2026-04-17T09:30:00+08:00,2026-04-17T09:30:00+08:00,,CURRENT_PROVIDER_VALUE_BOUND_TO_LATEST_REVISION,eb71a3cb1ee74486918afb6a91889146fb7a38688e3b3099edbb0cf166e563a5
000333.SZ,美的集团,GENERAL_NON_FINANCIAL,SZ_MAIN,SRC-CNINFO-000333,2023-12-31,2024-03-28T00:00:00,2024-03-28,2023年年度<em>报告</em>,2023年年度报告,http://www.cninfo.com.cn/new/disclosure/detail?stockCode=000333&announcementId=1219429374&orgId=9900005965&announcementTime=2024-03-28,False,1,2024-03-29T09:30:00+08:00,2024-03-29T09:30:00+08:00,,CURRENT_PROVIDER_VALUE_BOUND_TO_LATEST_REVISION,98c7278889bb49dd07bb90bfd570cf3d2af5df9d4860f547a1eb482edd2f5523
000333.SZ,美的集团,GENERAL_NON_FINANCIAL,SZ_MAIN,SRC-CNINFO-000333,2024-03-31,2024-04-30T00:00:00,2024-04-30,2024年一季度<em>报告</em>,2024年一季度报告,http://www.cninfo.com.cn/new/disclosure/detail?stockCode=000333&announcementId=1219910111&orgId=9900005965&announcementTime=2024-04-30,False,1,2024-05-06T09:30:00+08:00,2024-05-06T09:30:00+08:00,,CURRENT_PROVIDER_VALUE_BOUND_TO_LATEST_REVISION,ef6738f6445524c12a5f90906f55f7a6aade879afa41b39ef76ca2861a930920
000333.SZ,美的集团,GENERAL_NON_FINANCIAL,SZ_MAIN,SRC-CNINFO-000333,2024-06-30,2024-08-20T00:00:00,2024-08-20,2024年半年度<em>报告</em>,2024年半年度报告,http://www.cninfo.com.cn/new/disclosure/detail?stockCode=000333&announcementId=1220909926&orgId=9900005965&announcementTime=2024-08-20,False,1,2024-08-21T09:30:00+08:00,2024-08-21T09:30:00+08:00,,CURRENT_PROVIDER_VALUE_BOUND_TO_LATEST_REVISION,7547efde8ba76d762e5cfaaecb13fd374db2a3002a2e7203bb9b1c56731bf1a9
000333.SZ,美的集团,GENERAL_NON_FINANCIAL,SZ_MAIN,SRC-CNINFO-000333,2024-09-30,2024-10-31T00:00:00,2024-10-31,2024年三季度<em>报告</em>,2024年三季度报告,http://www.cninfo.com.cn/new/disclosure/detail?stockCode=000333&announcementId=1221570980&orgId=9900005965&announcementTime=2024-10-31,False,1,2024-11-01T09:30:00+08:00,2024-11-01T09:30:00+08:00,,CURRENT_PROVIDER_VALUE_BOUND_TO_LATEST_REVISION,32a05a0c6207fa2030acf55f71c11b3fdee0b5bce20de506104dfed6aebb4d1f
000333.SZ,美的集团,GENERAL_NON_FINANCIAL,SZ_MAIN,SRC-CNINFO-000333,2024-12-31,2024-08-20T00:00:00,2024-08-20,2024年半年度财务<em>报告</em>,2024年半年度财务报告,http://www.cninfo.com.cn/new/disclosure/detail?stockCode=000333&announcementId=1220909927&orgId=9900005965&announcementTime=2024-08-20,False,1,2024-08-21T09:30:00+08:00,2024-08-21T09:30:00+08:00,2025-03-31T09:30:00+08:00,DOCUMENT_ONLY_PRIOR_REVISION_NO_HISTORICAL_STRUCTURED_VALUE,6fbc9af9d970a250408f75cb0e2208be389e91977b944cd39d3f207bae03f3af
000333.SZ,美的集团,GENERAL_NON_FINANCIAL,SZ_MAIN,SRC-CNINFO-000333,2024-12-31,2025-03-29T00:00:00,2025-03-29,2024年年度<em>报告</em>,2024年年度报告,http://www.cninfo.com.cn/new/disclosure/detail?stockCode=000333&announcementId=1222951181&orgId=9900005965&announcementTime=2025-03-29,False,2,2025-03-31T09:30:00+08:00,2025-03-31T09:30:00+08:00,,CURRENT_PROVIDER_VALUE_BOUND_TO_LATEST_REVISION,46a16b006a00288bf14c0153402d82d97c511bcb9871a5405108cfca97a9654b
000333.SZ,美的集团,GENERAL_NON_FINANCIAL,SZ_MAIN,SRC-CNINFO-000333,2025-03-31,2025-04-30T00:00:00,2025-04-30,2025年一季度<em>报告</em>,2025年一季度报告,http://www.cninfo.com.cn/new/disclosure/detail?stockCode=000333&announcementId=1223412432&orgId=9900005965&announcementTime=2025-04-30,False,1,2025-05-06T09:30:00+08:00,2025-05-06T09:30:00+08:00,,CURRENT_PROVIDER_VALUE_BOUND_TO_LATEST_REVISION,3ca0813001809836ae896e3df59b0754f3f870ba1a20b4bda67cf8fb778f0d67
000333.SZ,美的集团,GENERAL_NON_FINANCIAL,SZ_MAIN,SRC-CNINFO-000333,2025-06-30,2025-08-30T00:00:00,2025-08-30,2025年半年度<em>报告</em>,2025年半年度报告,http://www.cninfo.com.cn/new/disclosure/detail?stockCode=000333&announcementId=1224626720&orgId=9900005965&announcementTime=2025-08-30,False,1,2025-09-01T09:30:00+08:00,2025-09-01T09:30:00+08:00,,CURRENT_PROVIDER_VALUE_BOUND_TO_LATEST_REVISION,cfbeeaa8fd6e01db0dabf409731f09acaec2115ccf103f4d9cef842a73a98c7b
000333.SZ,美的集团,GENERAL_NON_FINANCIAL,SZ_MAIN,SRC-CNINFO-000333,2025-09-30,2025-10-30T00:00:00,2025-10-30,2025年三季度<em>报告</em>,2025年三季度报告,http://www.cninfo.com.cn/new/disclosure/detail?stockCode=000333&announcementId=1224767336&orgId=9900005965&announcementTime=2025-10-30,False,1,2025-10-31T09:30:00+08:00,2025-10-31T09:30:00+08:00,,CURRENT_PROVIDER_VALUE_BOUND_TO_LATEST_REVISION,cc023183ef1e921487393845190c0ce6fa6b3525c17e7ab4f58844d8e2ae5277
000333.SZ,美的集团,GENERAL_NON_FINANCIAL,SZ_MAIN,SRC-CNINFO-000333,2025-12-31,2025-08-30T00:00:00,2025-08-30,2025年半年度财务<em>报告</em>,2025年半年度财务报告,http://www.cninfo.com.cn/new/disclosure/detail?stockCode=000333&announcementId=1224626719&orgId=9900005965&announcementTime=2025-08-30,False,1,2025-09-01T09:30:00+08:00,2025-09-01T09:30:00+08:00,2026-04-01T09:30:00+08:00,DOCUMENT_ONLY_PRIOR_REVISION_NO_HISTORICAL_STRUCTURED_VALUE,dfe0f3bb663383e0a220cc1e4d0fdfad3103c38e2c6704ddd5d39d628c5ae452
000333.SZ,美的集团,GENERAL_NON_FINANCIAL,SZ_MAIN,SRC-CNINFO-000333,2025-12-31,2026-03-31T00:00:00,2026-03-31,2025年年度<em>报告</em>,2025年年度报告,http://www.cninfo.com.cn/new/disclosure/detail?stockCode=000333&announcementId=1225065145&orgId=9900005965&announcementTime=2026-03-31,False,2,2026-04-01T09:30:00+08:00,2026-04-01T09:30:00+08:00,,CURRENT_PROVIDER_VALUE_BOUND_TO_LATEST_REVISION,257c38b717c9617232d58b7729a8c5aa3e04256d58ac53f54903f10a6627648f
000333.SZ,美的集团,GENERAL_NON_FINANCIAL,SZ_MAIN,SRC-CNINFO-000333,2026-03-31,2026-04-30T00:00:00,2026-04-30,2026年一季度<em>报告</em>,2026年一季度报告,http://www.cninfo.com.cn/new/disclosure/detail?stockCode=000333&announcementId=1225259066&orgId=9900005965&announcementTime=2026-04-30,False,1,2026-05-06T09:30:00+08:00,2026-05-06T09:30:00+08:00,,CURRENT_PROVIDER_VALUE_BOUND_TO_LATEST_REVISION,afb0606f2b738819f348de884665813c3e4e52bcab0e60717192a0310ede80df
835185.BJ,贝特瑞,GENERAL_NON_FINANCIAL,BSE,SRC-CNINFO-835185,2023-12-31,2024-04-15T00:00:00,2024-04-15,2023年年度<em>报告</em>,2023年年度报告,http://www.cninfo.com.cn/new/disclosure/detail?stockCode=835185&announcementId=1219622345&orgId=gfbj0835185&announcementTime=2024-04-15,False,1,2024-04-16T09:30:00+08:00,2024-04-16T09:30:00+08:00,2024-04-19T09:30:00+08:00,DOCUMENT_ONLY_PRIOR_REVISION_NO_HISTORICAL_STRUCTURED_VALUE,ac9326dd59f0873919cf481df49d54330123357592c4ae14f6b42541d48a5257
835185.BJ,贝特瑞,GENERAL_NON_FINANCIAL,BSE,SRC-CNINFO-835185,2023-12-31,2024-04-18T00:00:00,2024-04-18,2023 年年度<em>报告</em>业绩说明会预告公告,2023年年度报告业绩说明会预告公告,http://www.cninfo.com.cn/new/disclosure/detail?stockCode=835185&announcementId=1219673566&orgId=gfbj0835185&announcementTime=2024-04-18,False,2,2024-04-19T09:30:00+08:00,2024-04-19T09:30:00+08:00,,CURRENT_PROVIDER_VALUE_BOUND_TO_LATEST_REVISION,d5f87d7b2cb91c1983ebe08c9ef01464f4edd7938b36dcfabd1ab66c8b8208a6
835185.BJ,贝特瑞,GENERAL_NON_FINANCIAL,BSE,SRC-CNINFO-835185,2024-03-31,2024-04-29T00:00:00,2024-04-29,2024年一季度<em>报告</em>,2024年一季度报告,http://www.cninfo.com.cn/new/disclosure/detail?stockCode=835185&announcementId=1219928993&orgId=gfbj0835185&announcementTime=2024-04-29,False,1,2024-04-30T09:30:00+08:00,2024-04-30T09:30:00+08:00,,CURRENT_PROVIDER_VALUE_BOUND_TO_LATEST_REVISION,8bc247ffb16098344ce53a2068f5f5b140d67cd1645c1b4c35dabc13622bfca5
835185.BJ,贝特瑞,GENERAL_NON_FINANCIAL,BSE,SRC-CNINFO-835185,2024-06-30,2024-08-29T00:00:00,2024-08-29,2024年半年度<em>报告</em>,2024年半年度报告,http://www.cninfo.com.cn/new/disclosure/detail?stockCode=835185&announcementId=1221056973&orgId=gfbj0835185&announcementTime=2024-08-29,False,1,2024-08-30T09:30:00+08:00,2024-08-30T09:30:00+08:00,,CURRENT_PROVIDER_VALUE_BOUND_TO_LATEST_REVISION,1ec6def54dfa0918cc76d69d21a7c1d6c9dfb4c35eb19cee91aa0fa43c2802a1
835185.BJ,贝特瑞,GENERAL_NON_FINANCIAL,BSE,SRC-CNINFO-835185,2024-09-30,2024-10-30T00:00:00,2024-10-30,2024年三季度<em>报告</em>,2024年三季度报告,http://www.cninfo.com.cn/new/disclosure/detail?stockCode=835185&announcementId=1221577376&orgId=gfbj0835185&announcementTime=2024-10-30,False,1,2024-10-31T09:30:00+08:00,2024-10-31T09:30:00+08:00,,CURRENT_PROVIDER_VALUE_BOUND_TO_LATEST_REVISION,301105c9777d4ca7f63f670cec61490791a336c31b5851bfdfc17ecdf1366603
835185.BJ,贝特瑞,GENERAL_NON_FINANCIAL,BSE,SRC-CNINFO-835185,2024-12-31,2025-04-15T00:00:00,2025-04-15,2024年年度<em>报告</em>,2024年年度报告,http://www.cninfo.com.cn/new/disclosure/detail?stockCode=835185&announcementId=1223104318&orgId=gfbj0835185&announcementTime=2025-04-15,False,1,2025-04-16T09:30:00+08:00,2025-04-16T09:30:00+08:00,2025-04-18T09:30:00+08:00,DOCUMENT_ONLY_PRIOR_REVISION_NO_HISTORICAL_STRUCTURED_VALUE,10c68879030054ee88a8b5d88fdde0b4f2a0122d32e8279bbb25ceb3ccc7998e
835185.BJ,贝特瑞,GENERAL_NON_FINANCIAL,BSE,SRC-CNINFO-835185,2024-12-31,2025-04-17T00:00:00,2025-04-17,2024年年度<em>报告</em>业绩说明会预告公告,2024年年度报告业绩说明会预告公告,http://www.cninfo.com.cn/new/disclosure/detail?stockCode=835185&announcementId=1223130386&orgId=gfbj0835185&announcementTime=2025-04-17,False,2,2025-04-18T09:30:00+08:00,2025-04-18T09:30:00+08:00,,CURRENT_PROVIDER_VALUE_BOUND_TO_LATEST_REVISION,8be1f27adb58ecb478804679a3cba4bd5b967a1b967776a211c5d22fdc8af096
835185.BJ,贝特瑞,GENERAL_NON_FINANCIAL,BSE,SRC-CNINFO-835185,2025-03-31,2025-04-29T00:00:00,2025-04-29,2025年一季度<em>报告</em>,2025年一季度报告,http://www.cninfo.com.cn/new/disclosure/detail?stockCode=835185&announcementId=1223429104&orgId=gfbj0835185&announcementTime=2025-04-29,False,1,2025-04-30T09:30:00+08:00,2025-04-30T09:30:00+08:00,,CURRENT_PROVIDER_VALUE_BOUND_TO_LATEST_REVISION,adc386c110ac41d260041e37829bca17a577bb01ffe00d82a4b56bb6cca102b2
835185.BJ,贝特瑞,GENERAL_NON_FINANCIAL,BSE,SRC-CNINFO-835185,2025-06-30,2025-08-28T00:00:00,2025-08-28,2025年半年度<em>报告</em>,2025年半年度报告,http://www.cninfo.com.cn/new/disclosure/detail?stockCode=835185&announcementId=1224616254&orgId=gfbj0835185&announcementTime=2025-08-28,False,1,2025-08-29T09:30:00+08:00,2025-08-29T09:30:00+08:00,,CURRENT_PROVIDER_VALUE_BOUND_TO_LATEST_REVISION,b65b033b64e03d3f06d07523fe1c08da7431d22028b061240de1cd5a9171e6b4
835185.BJ,贝特瑞,GENERAL_NON_FINANCIAL,BSE,SRC-CNINFO-835185,2025-09-30,2025-10-30T00:00:00,2025-10-30,2025年三季度<em>报告</em>,2025年三季度报告,http://www.cninfo.com.cn/new/disclosure/detail?stockCode=920185&announcementId=1224778049&orgId=gfbj0835185&announcementTime=2025-10-30,False,1,2025-10-31T09:30:00+08:00,2025-10-31T09:30:00+08:00,,CURRENT_PROVIDER_VALUE_BOUND_TO_LATEST_REVISION,c0461949f112acb3140b1c387ef2a218399498cce57355713fdeaab6f06dd70c
835185.BJ,贝特瑞,GENERAL_NON_FINANCIAL,BSE,SRC-CNINFO-835185,2025-12-31,2026-04-24T00:00:00,2026-04-24,2025年年度<em>报告</em>,2025年年度报告,http://www.cninfo.com.cn/new/disclosure/detail?stockCode=920185&announcementId=1225197178&orgId=gfbj0835185&announcementTime=2026-04-24,False,1,2026-04-27T09:30:00+08:00,2026-04-27T09:30:00+08:00,2026-04-29T09:30:00+08:00,DOCUMENT_ONLY_PRIOR_REVISION_NO_HISTORICAL_STRUCTURED_VALUE,be56fe999ad966fb64adadc0d93298d9247efc7071ba1bf1498eaec299b40ec7
835185.BJ,贝特瑞,GENERAL_NON_FINANCIAL,BSE,SRC-CNINFO-835185,2025-12-31,2026-04-28T00:00:00,2026-04-28,2025年年度<em>报告</em>业绩说明会预告公告,2025年年度报告业绩说明会预告公告,http://www.cninfo.com.cn/new/disclosure/detail?stockCode=920185&announcementId=1225245533&orgId=gfbj0835185&announcementTime=2026-04-28,False,2,2026-04-29T09:30:00+08:00,2026-04-29T09:30:00+08:00,,CURRENT_PROVIDER_VALUE_BOUND_TO_LATEST_REVISION,cb2142da80dde5757bbc2c8fd40357ec2149d26be6d3e1cb9a03e225b82a3444
835185.BJ,贝特瑞,GENERAL_NON_FINANCIAL,BSE,SRC-CNINFO-835185,2026-03-31,2026-04-29T00:00:00,2026-04-29,2026年一季度<em>报告</em>,2026年一季度报告,http://www.cninfo.com.cn/new/disclosure/detail?stockCode=920185&announcementId=1225267129&orgId=gfbj0835185&announcementTime=2026-04-29,False,1,2026-04-30T09:30:00+08:00,2026-04-30T09:30:00+08:00,,CURRENT_PROVIDER_VALUE_BOUND_TO_LATEST_REVISION,35bd2285dd3afdb58d703160feea7e3ee26b186937466391b4d38be9f3774ba2
600519.SH,贵州茅台,GENERAL_NON_FINANCIAL,SH_MAIN,SRC-CNINFO-600519,2023-12-31,2024-04-03T00:00:00,2024-04-03,贵州茅台2023年年度<em>报告</em>,贵州茅台2023年年度报告,http://www.cninfo.com.cn/new/disclosure/detail?stockCode=600519&announcementId=1219506510&orgId=gssh0600519&announcementTime=2024-04-03,False,1,2024-04-08T09:30:00+08:00,2024-04-08T09:30:00+08:00,,CURRENT_PROVIDER_VALUE_BOUND_TO_LATEST_REVISION,4f00264f843060650982de11f73eb4abae0d164e9708da9a97a0d6fed3128bcc
600519.SH,贵州茅台,GENERAL_NON_FINANCIAL,SH_MAIN,SRC-CNINFO-600519,2024-03-31,2024-04-27T00:00:00,2024-04-27,贵州茅台2024年第一季度<em>报告</em>,贵州茅台2024年第一季度报告,http://www.cninfo.com.cn/new/disclosure/detail?stockCode=600519&announcementId=1219875828&orgId=gssh0600519&announcementTime=2024-04-27,False,1,2024-04-29T09:30:00+08:00,2024-04-29T09:30:00+08:00,,CURRENT_PROVIDER_VALUE_BOUND_TO_LATEST_REVISION,97ae41167bf8c89ae8a534c658aa5e33c37af13c3b60272dade3543522d2ffc2
600519.SH,贵州茅台,GENERAL_NON_FINANCIAL,SH_MAIN,SRC-CNINFO-600519,2024-06-30,2024-08-09T00:00:00,2024-08-09,贵州茅台2024年半年度<em>报告</em>,贵州茅台2024年半年度报告,http://www.cninfo.com.cn/new/disclosure/detail?stockCode=600519&announcementId=1220825189&orgId=gssh0600519&announcementTime=2024-08-09,False,1,2024-08-12T09:30:00+08:00,2024-08-12T09:30:00+08:00,,CURRENT_PROVIDER_VALUE_BOUND_TO_LATEST_REVISION,f1492dbc6b6cc5b4ee8ad23286ce2e78795c0616fd76075ae254d57101950bc9
600519.SH,贵州茅台,GENERAL_NON_FINANCIAL,SH_MAIN,SRC-CNINFO-600519,2024-09-30,2024-10-26T00:00:00,2024-10-26,贵州茅台2024年第三季度<em>报告</em>,贵州茅台2024年第三季度报告,http://www.cninfo.com.cn/new/disclosure/detail?stockCode=600519&announcementId=1221523519&orgId=gssh0600519&announcementTime=2024-10-26,False,1,2024-10-28T09:30:00+08:00,2024-10-28T09:30:00+08:00,,CURRENT_PROVIDER_VALUE_BOUND_TO_LATEST_REVISION,5dfc127e335379850435c68c95238aa1dd27ef6908f7482885c9d9524a2b6c14
600519.SH,贵州茅台,GENERAL_NON_FINANCIAL,SH_MAIN,SRC-CNINFO-600519,2024-12-31,2025-04-03T00:00:00,2025-04-03,贵州茅台2024年年度<em>报告</em>,贵州茅台2024年年度报告,http://www.cninfo.com.cn/new/disclosure/detail?stockCode=600519&announcementId=1222993920&orgId=gssh0600519&announcementTime=2025-04-03,False,1,2025-04-07T09:30:00+08:00,2025-04-07T09:30:00+08:00,,CURRENT_PROVIDER_VALUE_BOUND_TO_LATEST_REVISION,d159046ca577f50815407c30ee7356b9727184c9cd68f5fa6494dc99f81370fd
600519.SH,贵州茅台,GENERAL_NON_FINANCIAL,SH_MAIN,SRC-CNINFO-600519,2025-03-31,2025-04-30T00:00:00,2025-04-30,贵州茅台2025年第一季度<em>报告</em>,贵州茅台2025年第一季度报告,http://www.cninfo.com.cn/new/disclosure/detail?stockCode=600519&announcementId=1223413786&orgId=gssh0600519&announcementTime=2025-04-30,False,1,2025-05-06T09:30:00+08:00,2025-05-06T09:30:00+08:00,,CURRENT_PROVIDER_VALUE_BOUND_TO_LATEST_REVISION,8bf7e513bcc4ce4d2fcdbd5805a8cbbb242cf299d8e5c9e9162844de79ed0de5
600519.SH,贵州茅台,GENERAL_NON_FINANCIAL,SH_MAIN,SRC-CNINFO-600519,2025-06-30,2025-08-13T00:00:00,2025-08-13,贵州茅台2025年半年度<em>报告</em>,贵州茅台2025年半年度报告,http://www.cninfo.com.cn/new/disclosure/detail?stockCode=600519&announcementId=1224462930&orgId=gssh0600519&announcementTime=2025-08-13,False,1,2025-08-14T09:30:00+08:00,2025-08-14T09:30:00+08:00,,CURRENT_PROVIDER_VALUE_BOUND_TO_LATEST_REVISION,cd7cd72972e82cbab94a9cbb7e58873bc69e85cd5fc6d9dc45828d788c529ef4
600519.SH,贵州茅台,GENERAL_NON_FINANCIAL,SH_MAIN,SRC-CNINFO-600519,2025-09-30,2025-10-30T00:00:00,2025-10-30,贵州茅台2025年第三季度<em>报告</em>,贵州茅台2025年第三季度报告,http://www.cninfo.com.cn/new/disclosure/detail?stockCode=600519&announcementId=1224764517&orgId=gssh0600519&announcementTime=2025-10-30,False,1,2025-10-31T09:30:00+08:00,2025-10-31T09:30:00+08:00,,CURRENT_PROVIDER_VALUE_BOUND_TO_LATEST_REVISION,7d59dd4864d9c51c6f7fda5ec11a655a01762a44bb3c3c7bebda66d2a419b5e7
600519.SH,贵州茅台,GENERAL_NON_FINANCIAL,SH_MAIN,SRC-CNINFO-600519,2025-12-31,2026-04-17T00:00:00,2026-04-17,贵州茅台2025年年度<em>报告</em>,贵州茅台2025年年度报告,http://www.cninfo.com.cn/new/disclosure/detail?stockCode=600519&announcementId=1225114741&orgId=gssh0600519&announcementTime=2026-04-17,False,1,2026-04-20T09:30:00+08:00,2026-04-20T09:30:00+08:00,,CURRENT_PROVIDER_VALUE_BOUND_TO_LATEST_REVISION,be9b44ef2ac328afbbc0e6e97aba7cd9ebcd9c47664049fdd69b59670a73d30d
600519.SH,贵州茅台,GENERAL_NON_FINANCIAL,SH_MAIN,SRC-CNINFO-600519,2026-03-31,2026-04-25T00:00:00,2026-04-25,贵州茅台2026年第一季度<em>报告</em>,贵州茅台2026年第一季度报告,http://www.cninfo.com.cn/new/disclosure/detail?stockCode=600519&announcementId=1225187851&orgId=gssh0600519&announcementTime=2026-04-25,False,1,2026-04-27T09:30:00+08:00,2026-04-27T09:30:00+08:00,,CURRENT_PROVIDER_VALUE_BOUND_TO_LATEST_REVISION,09f575e7aeec98dcabb464378e967236d5cb9923817e1406e9406d6c0798e8bd
688981.SH,中芯国际,GENERAL_NON_FINANCIAL,STAR,SRC-CNINFO-688981,2023-12-31,2024-03-29T00:00:00,2024-03-29,中芯国际2023年年度<em>报告</em>,中芯国际2023年年度报告,http://www.cninfo.com.cn/new/disclosure/detail?stockCode=688981&announcementId=1219447098&orgId=gshk0000981&announcementTime=2024-03-29,False,1,2024-04-01T09:30:00+08:00,2024-04-01T09:30:00+08:00,,CURRENT_PROVIDER_VALUE_BOUND_TO_LATEST_REVISION,1fa1fe281b9d9eb022b8246b4fcb338fb92f8ab1f0c8ba036f910279b44bcf90
688981.SH,中芯国际,GENERAL_NON_FINANCIAL,STAR,SRC-CNINFO-688981,2024-03-31,2024-05-10T00:00:00,2024-05-10,中芯国际2024年第一季度<em>报告</em>,中芯国际2024年第一季度报告,http://www.cninfo.com.cn/new/disclosure/detail?stockCode=688981&announcementId=1220022807&orgId=gshk0000981&announcementTime=2024-05-10,False,1,2024-05-13T09:30:00+08:00,2024-05-13T09:30:00+08:00,,CURRENT_PROVIDER_VALUE_BOUND_TO_LATEST_REVISION,4d150cadf5feced804e83636fed612a05a59ec3171457b68051d70293527f4d8
688981.SH,中芯国际,GENERAL_NON_FINANCIAL,STAR,SRC-CNINFO-688981,2024-06-30,2024-08-30T00:00:00,2024-08-30,中芯国际2024年半年度<em>报告</em>,中芯国际2024年半年度报告,http://www.cninfo.com.cn/new/disclosure/detail?stockCode=688981&announcementId=1221050804&orgId=gshk0000981&announcementTime=2024-08-30,False,1,2024-09-02T09:30:00+08:00,2024-09-02T09:30:00+08:00,2024-09-11T09:30:00+08:00,DOCUMENT_ONLY_PRIOR_REVISION_NO_HISTORICAL_STRUCTURED_VALUE,a5007bb323d5fc37d56e3bbc61e29549360c736d5aab4e645d605d03cb5e5159
688981.SH,中芯国际,GENERAL_NON_FINANCIAL,STAR,SRC-CNINFO-688981,2024-06-30,2024-09-10T00:00:00,2024-09-10,港股公告：2024中期<em>报告</em>,港股公告：2024中期报告,http://www.cninfo.com.cn/new/disclosure/detail?stockCode=688981&announcementId=1221175395&orgId=gshk0000981&announcementTime=2024-09-10,False,2,2024-09-11T09:30:00+08:00,2024-09-11T09:30:00+08:00,,CURRENT_PROVIDER_VALUE_BOUND_TO_LATEST_REVISION,212801464374255adc83684969041c36cc68592948f06d8c54ef28ce4841692e
688981.SH,中芯国际,GENERAL_NON_FINANCIAL,STAR,SRC-CNINFO-688981,2024-09-30,2024-11-08T00:00:00,2024-11-08,中芯国际2024年第三季度<em>报告</em>,中芯国际2024年第三季度报告,http://www.cninfo.com.cn/new/disclosure/detail?stockCode=688981&announcementId=1221649951&orgId=gshk0000981&announcementTime=2024-11-08,False,1,2024-11-11T09:30:00+08:00,2024-11-11T09:30:00+08:00,,CURRENT_PROVIDER_VALUE_BOUND_TO_LATEST_REVISION,f21f02e4a44dfe549f2a633002d94e88c8bf330e58e057448c5728212c00fe71
688981.SH,中芯国际,GENERAL_NON_FINANCIAL,STAR,SRC-CNINFO-688981,2024-12-31,2025-03-28T00:00:00,2025-03-28,中芯国际2024年年度<em>报告</em>,中芯国际2024年年度报告,http://www.cninfo.com.cn/new/disclosure/detail?stockCode=688981&announcementId=1222924320&orgId=gshk0000981&announcementTime=2025-03-28,False,1,2025-03-31T09:30:00+08:00,2025-03-31T09:30:00+08:00,,CURRENT_PROVIDER_VALUE_BOUND_TO_LATEST_REVISION,8710ecde7feb9129a7b939d209f6d5e705e64479c64bfdcb8ea3e62a86e8cd4c
688981.SH,中芯国际,GENERAL_NON_FINANCIAL,STAR,SRC-CNINFO-688981,2025-03-31,2025-05-09T00:00:00,2025-05-09,中芯国际2025年第一季度<em>报告</em>,中芯国际2025年第一季度报告,http://www.cninfo.com.cn/new/disclosure/detail?stockCode=688981&announcementId=1223496514&orgId=gshk0000981&announcementTime=2025-05-09,False,1,2025-05-12T09:30:00+08:00,2025-05-12T09:30:00+08:00,,CURRENT_PROVIDER_VALUE_BOUND_TO_LATEST_REVISION,220f160622d8015b57ad68f291f01ad49413599593a40043cbed39aa15ff2e9e
688981.SH,中芯国际,GENERAL_NON_FINANCIAL,STAR,SRC-CNINFO-688981,2025-06-30,2025-08-29T00:00:00,2025-08-29,中芯国际2025年半年度<em>报告</em>,中芯国际2025年半年度报告,http://www.cninfo.com.cn/new/disclosure/detail?stockCode=688981&announcementId=1224608545&orgId=gshk0000981&announcementTime=2025-08-29,False,1,2025-09-01T09:30:00+08:00,2025-09-01T09:30:00+08:00,2025-09-04T09:30:00+08:00,DOCUMENT_ONLY_PRIOR_REVISION_NO_HISTORICAL_STRUCTURED_VALUE,f4b92d4e1549d6e9da713d289a2df16fbac6f163e47aea5824077f54edfe8094
688981.SH,中芯国际,GENERAL_NON_FINANCIAL,STAR,SRC-CNINFO-688981,2025-06-30,2025-09-03T00:00:00,2025-09-03,港股公告：2025中期<em>报告</em>,港股公告：2025中期报告,http://www.cninfo.com.cn/new/disclosure/detail?stockCode=688981&announcementId=1224635184&orgId=gshk0000981&announcementTime=2025-09-03,False,2,2025-09-04T09:30:00+08:00,2025-09-04T09:30:00+08:00,,CURRENT_PROVIDER_VALUE_BOUND_TO_LATEST_REVISION,949bc40fde8eb7b5cce79bd37dff998bf80f95c076b24c62b6b110493289ca40
688981.SH,中芯国际,GENERAL_NON_FINANCIAL,STAR,SRC-CNINFO-688981,2025-09-30,2025-11-14T00:00:00,2025-11-14,中芯国际2025年第三季度<em>报告</em>,中芯国际2025年第三季度报告,http://www.cninfo.com.cn/new/disclosure/detail?stockCode=688981&announcementId=1224804086&orgId=gshk0000981&announcementTime=2025-11-14,False,1,2025-11-17T09:30:00+08:00,2025-11-17T09:30:00+08:00,,CURRENT_PROVIDER_VALUE_BOUND_TO_LATEST_REVISION,bf7c66af873b51b94af80cd6004b9ca95c4ea3a6f2d9d8fdf94f3e32aaf5f060
688981.SH,中芯国际,GENERAL_NON_FINANCIAL,STAR,SRC-CNINFO-688981,2025-12-31,2026-03-27T00:00:00,2026-03-27,中芯国际2025年年度<em>报告</em>,中芯国际2025年年度报告,http://www.cninfo.com.cn/new/disclosure/detail?stockCode=688981&announcementId=1225037057&orgId=gshk0000981&announcementTime=2026-03-27,False,1,2026-03-30T09:30:00+08:00,2026-03-30T09:30:00+08:00,,CURRENT_PROVIDER_VALUE_BOUND_TO_LATEST_REVISION,8aa7a4879aa85e0b74f25322939e9b6d39e46303e5b669347b270cb124815883
688981.SH,中芯国际,GENERAL_NON_FINANCIAL,STAR,SRC-CNINFO-688981,2026-03-31,2026-05-15T00:00:00,2026-05-15,中芯国际2026年第一季度<em>报告</em>,中芯国际2026年第一季度报告,http://www.cninfo.com.cn/new/disclosure/detail?stockCode=688981&announcementId=1225307101&orgId=gshk0000981&announcementTime=2026-05-15,False,1,2026-05-18T09:30:00+08:00,2026-05-18T09:30:00+08:00,,CURRENT_PROVIDER_VALUE_BOUND_TO_LATEST_REVISION,3e5eb0eb458ebaec23a64fb3aa21921eaefc358b2d93b2e8eb69d1e88e860d3f
000001.SZ,平安银行,BANK,SZ_MAIN,SRC-CNINFO-000001,2023-12-31,2024-03-15T00:00:00,2024-03-15,2023年年度<em>报告</em>,2023年年度报告,http://www.cninfo.com.cn/new/disclosure/detail?stockCode=000001&announcementId=1219306493&orgId=gssz0000001&announcementTime=2024-03-15,False,1,2024-03-18T09:30:00+08:00,2024-03-18T09:30:00+08:00,2024-12-09T09:30:00+08:00,DOCUMENT_ONLY_PRIOR_REVISION_NO_HISTORICAL_STRUCTURED_VALUE,e9ab70b8416b7d53f29859de807101e47cf26cbdcfab221e4070d6a52f71dc15
000001.SZ,平安银行,BANK,SZ_MAIN,SRC-CNINFO-000001,2023-12-31,2024-12-07T00:00:00,2024-12-07,2023年年度<em>报告</em>补充公告,2023年年度报告补充公告,http://www.cninfo.com.cn/new/disclosure/detail?stockCode=000001&announcementId=1221956854&orgId=gssz0000001&announcementTime=2024-12-07,True,2,2024-12-09T09:30:00+08:00,2024-12-09T09:30:00+08:00,,CURRENT_PROVIDER_VALUE_BOUND_TO_LATEST_REVISION,6e742f6133df2493941daffdf810d7c7c8d628d2ff733de4017c6bdbc0c68e9f
000001.SZ,平安银行,BANK,SZ_MAIN,SRC-CNINFO-000001,2024-03-31,2024-04-20T00:00:00,2024-04-20,2024年第一季度<em>报告</em>,2024年第一季度报告,http://www.cninfo.com.cn/new/disclosure/detail?stockCode=000001&announcementId=1219692666&orgId=gssz0000001&announcementTime=2024-04-20,False,1,2024-04-22T09:30:00+08:00,2024-04-22T09:30:00+08:00,,CURRENT_PROVIDER_VALUE_BOUND_TO_LATEST_REVISION,4d3f72165a99d158017e2f6656e6f38f4b986bbb428852a5bf618357e6e5ea3f
000001.SZ,平安银行,BANK,SZ_MAIN,SRC-CNINFO-000001,2024-06-30,2024-08-16T00:00:00,2024-08-16,2024年半年度<em>报告</em>,2024年半年度报告,http://www.cninfo.com.cn/new/disclosure/detail?stockCode=000001&announcementId=1220882160&orgId=gssz0000001&announcementTime=2024-08-16,False,1,2024-08-19T09:30:00+08:00,2024-08-19T09:30:00+08:00,,CURRENT_PROVIDER_VALUE_BOUND_TO_LATEST_REVISION,1579966e61a8bbf1f551aa117c8fcfdb461151e0c087dd61a53a62d3e925b7c5
000001.SZ,平安银行,BANK,SZ_MAIN,SRC-CNINFO-000001,2024-09-30,2024-10-19T00:00:00,2024-10-19,2024年第三季度<em>报告</em>,2024年第三季度报告,http://www.cninfo.com.cn/new/disclosure/detail?stockCode=000001&announcementId=1221432574&orgId=gssz0000001&announcementTime=2024-10-19,False,1,2024-10-21T09:30:00+08:00,2024-10-21T09:30:00+08:00,,CURRENT_PROVIDER_VALUE_BOUND_TO_LATEST_REVISION,94e79a20e2476849320d58119b9c1f053e39e66fa8ec83dc33d8f6e0175bf9b0
000001.SZ,平安银行,BANK,SZ_MAIN,SRC-CNINFO-000001,2024-12-31,2024-08-16T00:00:00,2024-08-16,2024年半年度财务<em>报告</em>,2024年半年度财务报告,http://www.cninfo.com.cn/new/disclosure/detail?stockCode=000001&announcementId=1220882166&orgId=gssz0000001&announcementTime=2024-08-16,False,1,2024-08-19T09:30:00+08:00,2024-08-19T09:30:00+08:00,2025-03-17T09:30:00+08:00,DOCUMENT_ONLY_PRIOR_REVISION_NO_HISTORICAL_STRUCTURED_VALUE,59ccb715e71d3ebee5380003ddd80ce7b69101f350980c4dc61492e314d1b1cd
000001.SZ,平安银行,BANK,SZ_MAIN,SRC-CNINFO-000001,2024-12-31,2025-03-15T00:00:00,2025-03-15,2024年年度<em>报告</em>,2024年年度报告,http://www.cninfo.com.cn/new/disclosure/detail?stockCode=000001&announcementId=1222806505&orgId=gssz0000001&announcementTime=2025-03-15,False,2,2025-03-17T09:30:00+08:00,2025-03-17T09:30:00+08:00,,CURRENT_PROVIDER_VALUE_BOUND_TO_LATEST_REVISION,cdd0de2591bf969bda2bfc6be6cd9b870862dc105211ada5766b5c699ab84fa8
000001.SZ,平安银行,BANK,SZ_MAIN,SRC-CNINFO-000001,2025-03-31,2025-04-19T00:00:00,2025-04-19,2025年第一季度<em>报告</em>,2025年第一季度报告,http://www.cninfo.com.cn/new/disclosure/detail?stockCode=000001&announcementId=1223145614&orgId=gssz0000001&announcementTime=2025-04-19,False,1,2025-04-21T09:30:00+08:00,2025-04-21T09:30:00+08:00,,CURRENT_PROVIDER_VALUE_BOUND_TO_LATEST_REVISION,ec0ab29fed04c9f39d5ba17a02bae9d60412c078de43f850f749207ebfac0563
000001.SZ,平安银行,BANK,SZ_MAIN,SRC-CNINFO-000001,2025-06-30,2025-08-23T00:00:00,2025-08-23,2025年半年度<em>报告</em>,2025年半年度报告,http://www.cninfo.com.cn/new/disclosure/detail?stockCode=000001&announcementId=1224558635&orgId=gssz0000001&announcementTime=2025-08-23,False,1,2025-08-25T09:30:00+08:00,2025-08-25T09:30:00+08:00,,CURRENT_PROVIDER_VALUE_BOUND_TO_LATEST_REVISION,72fcbcbb0652aaea60c1e5403525910da863d2548dca21bb32614560c346c764
000001.SZ,平安银行,BANK,SZ_MAIN,SRC-CNINFO-000001,2025-09-30,2025-10-25T00:00:00,2025-10-25,2025年三季度<em>报告</em>,2025年三季度报告,http://www.cninfo.com.cn/new/disclosure/detail?stockCode=000001&announcementId=1224735526&orgId=gssz0000001&announcementTime=2025-10-25,False,1,2025-10-27T09:30:00+08:00,2025-10-27T09:30:00+08:00,,CURRENT_PROVIDER_VALUE_BOUND_TO_LATEST_REVISION,c18d09d89583afb5028da36b6f166b2e5c22fffb11f688bf3fd8b0ec75ff3643
000001.SZ,平安银行,BANK,SZ_MAIN,SRC-CNINFO-000001,2025-12-31,2025-08-23T00:00:00,2025-08-23,2025年半年度财务<em>报告</em>,2025年半年度财务报告,http://www.cninfo.com.cn/new/disclosure/detail?stockCode=000001&announcementId=1224558634&orgId=gssz0000001&announcementTime=2025-08-23,False,1,2025-08-25T09:30:00+08:00,2025-08-25T09:30:00+08:00,2026-03-23T09:30:00+08:00,DOCUMENT_ONLY_PRIOR_REVISION_NO_HISTORICAL_STRUCTURED_VALUE,c6d130569eafd6626990463d2ae2e9b64d87360e64aaa5e53702f68511e8a782
000001.SZ,平安银行,BANK,SZ_MAIN,SRC-CNINFO-000001,2025-12-31,2026-03-21T00:00:00,2026-03-21,2025年年度<em>报告</em>,2025年年度报告,http://www.cninfo.com.cn/new/disclosure/detail?stockCode=000001&announcementId=1225022887&orgId=gssz0000001&announcementTime=2026-03-21,False,2,2026-03-23T09:30:00+08:00,2026-03-23T09:30:00+08:00,,CURRENT_PROVIDER_VALUE_BOUND_TO_LATEST_REVISION,82b581bb37733b481f5671b451f3424f8429478a5f65067d84b00237e8f171a3
000001.SZ,平安银行,BANK,SZ_MAIN,SRC-CNINFO-000001,2026-03-31,2026-04-25T00:00:00,2026-04-25,2026年一季度<em>报告</em>,2026年一季度报告,http://www.cninfo.com.cn/new/disclosure/detail?stockCode=000001&announcementId=1225188741&orgId=gssz0000001&announcementTime=2026-04-25,False,1,2026-04-27T09:30:00+08:00,2026-04-27T09:30:00+08:00,,CURRENT_PROVIDER_VALUE_BOUND_TO_LATEST_REVISION,b9101788753b40830320766ac1cf4de55ec0b66555560d55fca267e7f7664d7b
601318.SH,中国平安,INSURANCE,SH_MAIN,SRC-CNINFO-601318,2023-12-31,2024-03-22T00:00:00,2024-03-22,中国平安2023年年度<em>报告</em>,中国平安2023年年度报告,http://www.cninfo.com.cn/new/disclosure/detail?stockCode=601318&announcementId=1219376072&orgId=9900002221&announcementTime=2024-03-22,False,1,2024-03-25T09:30:00+08:00,2024-03-25T09:30:00+08:00,,CURRENT_PROVIDER_VALUE_BOUND_TO_LATEST_REVISION,15b2fb05d3a5f3dba1cdeb284bea60833933b6ac3075b0c6f856dff8e9af150a
601318.SH,中国平安,INSURANCE,SH_MAIN,SRC-CNINFO-601318,2024-03-31,2024-04-20T00:00:00,2024-04-20,中国平安关于披露平安银行2024年第一季度<em>报告</em>的公告,中国平安关于披露平安银行2024年第一季度报告的公告,http://www.cninfo.com.cn/new/disclosure/detail?stockCode=601318&announcementId=1219698838&orgId=9900002221&announcementTime=2024-04-20,False,1,2024-04-22T09:30:00+08:00,2024-04-22T09:30:00+08:00,2024-04-22T09:30:00+08:00,DOCUMENT_ONLY_PRIOR_REVISION_NO_HISTORICAL_STRUCTURED_VALUE,4c13816cca007e201e173b8675d613174c2dc683ccb4e906fdf6fe00669b6b5c
601318.SH,中国平安,INSURANCE,SH_MAIN,SRC-CNINFO-601318,2024-03-31,2024-04-20T00:00:00,2024-04-20,平安银行股份有限公司2024年第一季度<em>报告</em>,平安银行股份有限公司2024年第一季度报告,http://www.cninfo.com.cn/new/disclosure/detail?stockCode=601318&announcementId=1219698844&orgId=9900002221&announcementTime=2024-04-20,False,2,2024-04-22T09:30:00+08:00,2024-04-22T09:30:00+08:00,2024-04-25T09:30:00+08:00,DOCUMENT_ONLY_PRIOR_REVISION_NO_HISTORICAL_STRUCTURED_VALUE,5a3b8b38a398272badad9d3c971b32082e92eb1d64bacf70371307ebad945592
601318.SH,中国平安,INSURANCE,SH_MAIN,SRC-CNINFO-601318,2024-03-31,2024-04-24T00:00:00,2024-04-24,中国平安2024年第一季度<em>报告</em>,中国平安2024年第一季度报告,http://www.cninfo.com.cn/new/disclosure/detail?stockCode=601318&announcementId=1219767035&orgId=9900002221&announcementTime=2024-04-24,False,3,2024-04-25T09:30:00+08:00,2024-04-25T09:30:00+08:00,,CURRENT_PROVIDER_VALUE_BOUND_TO_LATEST_REVISION,937605456f1adba4fc88a544367ea3c1868684a9302faa368e819c83bd91d6ce
601318.SH,中国平安,INSURANCE,SH_MAIN,SRC-CNINFO-601318,2024-06-30,2024-08-23T00:00:00,2024-08-23,中国平安2024年中期<em>报告</em>,中国平安2024年中期报告,http://www.cninfo.com.cn/new/disclosure/detail?stockCode=601318&announcementId=1220953914&orgId=9900002221&announcementTime=2024-08-23,False,1,2024-08-26T09:30:00+08:00,2024-08-26T09:30:00+08:00,,CURRENT_PROVIDER_VALUE_BOUND_TO_LATEST_REVISION,ad5f69013d50f6c2597d6eb47e37f3b7316848626791126e9a250d24891647e0
601318.SH,中国平安,INSURANCE,SH_MAIN,SRC-CNINFO-601318,2024-09-30,2024-10-19T00:00:00,2024-10-19,中国平安关于披露平安银行2024年第三季度<em>报告</em>的公告,中国平安关于披露平安银行2024年第三季度报告的公告,http://www.cninfo.com.cn/new/disclosure/detail?stockCode=601318&announcementId=1221433609&orgId=9900002221&announcementTime=2024-10-19,False,1,2024-10-21T09:30:00+08:00,2024-10-21T09:30:00+08:00,2024-10-21T09:30:00+08:00,DOCUMENT_ONLY_PRIOR_REVISION_NO_HISTORICAL_STRUCTURED_VALUE,6e0914d7c260738492e883e6e0520f87a6f525978e781abb88bb583546d22254
601318.SH,中国平安,INSURANCE,SH_MAIN,SRC-CNINFO-601318,2024-09-30,2024-10-19T00:00:00,2024-10-19,中国平安：平安银行股份有限公司2024年第三季度<em>报告</em>,中国平安：平安银行股份有限公司2024年第三季度报告,http://www.cninfo.com.cn/new/disclosure/detail?stockCode=601318&announcementId=1221433608&orgId=9900002221&announcementTime=2024-10-19,False,2,2024-10-21T09:30:00+08:00,2024-10-21T09:30:00+08:00,2024-10-23T09:30:00+08:00,DOCUMENT_ONLY_PRIOR_REVISION_NO_HISTORICAL_STRUCTURED_VALUE,e4a8aa539d7a5df9eaffda6e07ae6d4b685f401dd24525825640d6d9bd0763e0
601318.SH,中国平安,INSURANCE,SH_MAIN,SRC-CNINFO-601318,2024-09-30,2024-10-22T00:00:00,2024-10-22,中国平安2024年第三季度<em>报告</em>,中国平安2024年第三季度报告,http://www.cninfo.com.cn/new/disclosure/detail?stockCode=601318&announcementId=1221451424&orgId=9900002221&announcementTime=2024-10-22,False,3,2024-10-23T09:30:00+08:00,2024-10-23T09:30:00+08:00,,CURRENT_PROVIDER_VALUE_BOUND_TO_LATEST_REVISION,aa6c19d29e4a828a212c21ce6d21cb7431f130351588c24377af99fd5540f407
601318.SH,中国平安,INSURANCE,SH_MAIN,SRC-CNINFO-601318,2024-12-31,2025-03-20T00:00:00,2025-03-20,中国平安2024年年度<em>报告</em>,中国平安2024年年度报告,http://www.cninfo.com.cn/new/disclosure/detail?stockCode=601318&announcementId=1222847447&orgId=9900002221&announcementTime=2025-03-20,False,1,2025-03-21T09:30:00+08:00,2025-03-21T09:30:00+08:00,,CURRENT_PROVIDER_VALUE_BOUND_TO_LATEST_REVISION,ebc62af2e1ec13f45c3d4758c5c4ecac9c5c146199299b566725055860f5461a
601318.SH,中国平安,INSURANCE,SH_MAIN,SRC-CNINFO-601318,2025-03-31,2025-04-19T00:00:00,2025-04-19,中国平安关于披露平安银行2025年第一季度<em>报告</em>的公告,中国平安关于披露平安银行2025年第一季度报告的公告,http://www.cninfo.com.cn/new/disclosure/detail?stockCode=601318&announcementId=1223148114&orgId=9900002221&announcementTime=2025-04-19,False,1,2025-04-21T09:30:00+08:00,2025-04-21T09:30:00+08:00,2025-04-21T09:30:00+08:00,DOCUMENT_ONLY_PRIOR_REVISION_NO_HISTORICAL_STRUCTURED_VALUE,6771ac96b1b9aae26fb0dd19a0d3e98e8617f8b129f093cbfb2b3b5dcfcb0043
601318.SH,中国平安,INSURANCE,SH_MAIN,SRC-CNINFO-601318,2025-03-31,2025-04-19T00:00:00,2025-04-19,中国平安：平安银行股份有限公司2025年第一季度<em>报告</em>,中国平安：平安银行股份有限公司2025年第一季度报告,http://www.cninfo.com.cn/new/disclosure/detail?stockCode=601318&announcementId=1223148112&orgId=9900002221&announcementTime=2025-04-19,False,2,2025-04-21T09:30:00+08:00,2025-04-21T09:30:00+08:00,2025-04-28T09:30:00+08:00,DOCUMENT_ONLY_PRIOR_REVISION_NO_HISTORICAL_STRUCTURED_VALUE,b0d8870ef4ca08ccfb0efcc04f6d095cf42581bbdb461635fa8e2ff8af6eed65
601318.SH,中国平安,INSURANCE,SH_MAIN,SRC-CNINFO-601318,2025-03-31,2025-04-26T00:00:00,2025-04-26,中国平安2025年第一季度<em>报告</em>,中国平安2025年第一季度报告,http://www.cninfo.com.cn/new/disclosure/detail?stockCode=601318&announcementId=1223314258&orgId=9900002221&announcementTime=2025-04-26,False,3,2025-04-28T09:30:00+08:00,2025-04-28T09:30:00+08:00,,CURRENT_PROVIDER_VALUE_BOUND_TO_LATEST_REVISION,9a65234c46d03a1bbb3759d5fc98316f208ad7a1d4d84bb75f4a21e71ae6dd82
601318.SH,中国平安,INSURANCE,SH_MAIN,SRC-CNINFO-601318,2025-06-30,2025-08-27T00:00:00,2025-08-27,中国平安2025年中期<em>报告</em>,中国平安2025年中期报告,http://www.cninfo.com.cn/new/disclosure/detail?stockCode=601318&announcementId=1224583359&orgId=9900002221&announcementTime=2025-08-27,False,1,2025-08-28T09:30:00+08:00,2025-08-28T09:30:00+08:00,,CURRENT_PROVIDER_VALUE_BOUND_TO_LATEST_REVISION,eb504b683ffd7dfb604cd34cd403621b9e733c55eff60aac48dd3447b76b2869
601318.SH,中国平安,INSURANCE,SH_MAIN,SRC-CNINFO-601318,2025-09-30,2025-10-25T00:00:00,2025-10-25,中国平安关于披露平安银行2025年第三季度<em>报告</em>的公告,中国平安关于披露平安银行2025年第三季度报告的公告,http://www.cninfo.com.cn/new/disclosure/detail?stockCode=601318&announcementId=1224737633&orgId=9900002221&announcementTime=2025-10-25,False,1,2025-10-27T09:30:00+08:00,2025-10-27T09:30:00+08:00,2025-10-27T09:30:00+08:00,DOCUMENT_ONLY_PRIOR_REVISION_NO_HISTORICAL_STRUCTURED_VALUE,238ca706d75d931d59e9c8a3fed4acc07bbc07d09fa7b67b27a69557be5d3af8
601318.SH,中国平安,INSURANCE,SH_MAIN,SRC-CNINFO-601318,2025-09-30,2025-10-25T00:00:00,2025-10-25,中国平安：平安银行股份有限公司2025年第三季度<em>报告</em>,中国平安：平安银行股份有限公司2025年第三季度报告,http://www.cninfo.com.cn/new/disclosure/detail?stockCode=601318&announcementId=1224737634&orgId=9900002221&announcementTime=2025-10-25,False,2,2025-10-27T09:30:00+08:00,2025-10-27T09:30:00+08:00,2025-10-30T09:30:00+08:00,DOCUMENT_ONLY_PRIOR_REVISION_NO_HISTORICAL_STRUCTURED_VALUE,0c588fe5ca77d1c680e5da27dbccfa4369de079fc3040cd9e25a8612c4d4d5c6
601318.SH,中国平安,INSURANCE,SH_MAIN,SRC-CNINFO-601318,2025-09-30,2025-10-29T00:00:00,2025-10-29,中国平安2025年第三季度<em>报告</em>,中国平安2025年第三季度报告,http://www.cninfo.com.cn/new/disclosure/detail?stockCode=601318&announcementId=1224756115&orgId=9900002221&announcementTime=2025-10-29,False,3,2025-10-30T09:30:00+08:00,2025-10-30T09:30:00+08:00,,CURRENT_PROVIDER_VALUE_BOUND_TO_LATEST_REVISION,1bb38fedbfe1f7b1c3d9c3a9af6777c5fce4d1086bc53a71fe38bb68641d1e53
601318.SH,中国平安,INSURANCE,SH_MAIN,SRC-CNINFO-601318,2025-12-31,2026-03-27T00:00:00,2026-03-27,中国平安2025年年度<em>报告</em>,中国平安2025年年度报告,http://www.cninfo.com.cn/new/disclosure/detail?stockCode=601318&announcementId=1225038263&orgId=9900002221&announcementTime=2026-03-27,False,1,2026-03-30T09:30:00+08:00,2026-03-30T09:30:00+08:00,,CURRENT_PROVIDER_VALUE_BOUND_TO_LATEST_REVISION,6ad4ad78f4dccec36e6e5b052099310b89e0f9e6ce76a8c542558e9129827dbb
601318.SH,中国平安,INSURANCE,SH_MAIN,SRC-CNINFO-601318,2026-03-31,2026-04-25T00:00:00,2026-04-25,中国平安关于披露平安银行2026年第一季度<em>报告</em>的公告,中国平安关于披露平安银行2026年第一季度报告的公告,http://www.cninfo.com.cn/new/disclosure/detail?stockCode=601318&announcementId=1225193586&orgId=9900002221&announcementTime=2026-04-25,False,1,2026-04-27T09:30:00+08:00,2026-04-27T09:30:00+08:00,2026-04-27T09:30:00+08:00,DOCUMENT_ONLY_PRIOR_REVISION_NO_HISTORICAL_STRUCTURED_VALUE,2781b60fa46eadba9255b2018411eb8e720ff766697d16936e550561ffdb99de
601318.SH,中国平安,INSURANCE,SH_MAIN,SRC-CNINFO-601318,2026-03-31,2026-04-25T00:00:00,2026-04-25,中国平安：平安银行股份有限公司2026年第一季度<em>报告</em>,中国平安：平安银行股份有限公司2026年第一季度报告,http://www.cninfo.com.cn/new/disclosure/detail?stockCode=601318&announcementId=1225193720&orgId=9900002221&announcementTime=2026-04-25,False,2,2026-04-27T09:30:00+08:00,2026-04-27T09:30:00+08:00,2026-04-30T09:30:00+08:00,DOCUMENT_ONLY_PRIOR_REVISION_NO_HISTORICAL_STRUCTURED_VALUE,4c94e80bb322bd7b12b53d82226d6349011c3c1f17615ca86f53c2ad9a180bfc
601318.SH,中国平安,INSURANCE,SH_MAIN,SRC-CNINFO-601318,2026-03-31,2026-04-29T00:00:00,2026-04-29,中国平安2026年第一季度<em>报告</em>,中国平安2026年第一季度报告,http://www.cninfo.com.cn/new/disclosure/detail?stockCode=601318&announcementId=1225235613&orgId=9900002221&announcementTime=2026-04-29,False,3,2026-04-30T09:30:00+08:00,2026-04-30T09:30:00+08:00,,CURRENT_PROVIDER_VALUE_BOUND_TO_LATEST_REVISION,8f94a84ad99c61c1a5a258d9eabe24590c6027b84ccda81bacda83c306e7c1a4
600030.SH,中信证券,SECURITIES_AND_BROKERAGE,SH_MAIN,SRC-CNINFO-600030,2023-12-31,2024-03-27T00:00:00,2024-03-27,中信证券股份有限公司2023年年度<em>报告</em>,中信证券股份有限公司2023年年度报告,http://www.cninfo.com.cn/new/disclosure/detail?stockCode=600030&announcementId=1219411922&orgId=gssh0600030&announcementTime=2024-03-27,False,1,2024-03-28T09:30:00+08:00,2024-03-28T09:30:00+08:00,2024-03-28T09:30:00+08:00,DOCUMENT_ONLY_PRIOR_REVISION_NO_HISTORICAL_STRUCTURED_VALUE,1c5c528354ae519fc408690abe9e3f7b3da411dece6eeaf136cad022ae6f34ae
600030.SH,中信证券,SECURITIES_AND_BROKERAGE,SH_MAIN,SRC-CNINFO-600030,2023-12-31,2024-03-27T00:00:00,2024-03-27,天风证券股份有限公司、中邮证券有限责任公司关于中信证券股份有限公司2023年度持续督导年度<em>报告</em>书,天风证券股份有限公司、中邮证券有限责任公司关于中信证券股份有限公司2023年度持续督导年度报告书,http://www.cninfo.com.cn/new/disclosure/detail?stockCode=600030&announcementId=1219411932&orgId=gssh0600030&announcementTime=2024-03-27,False,2,2024-03-28T09:30:00+08:00,2024-03-28T09:30:00+08:00,,CURRENT_PROVIDER_VALUE_BOUND_TO_LATEST_REVISION,a07fe618486c1a2eedee05638319483fd8f762e9e91b3d204f086da77da28f75
600030.SH,中信证券,SECURITIES_AND_BROKERAGE,SH_MAIN,SRC-CNINFO-600030,2024-03-31,2024-04-27T00:00:00,2024-04-27,中信证券股份有限公司2024年第一季度<em>报告</em>,中信证券股份有限公司2024年第一季度报告,http://www.cninfo.com.cn/new/disclosure/detail?stockCode=600030&announcementId=1219856506&orgId=gssh0600030&announcementTime=2024-04-27,False,1,2024-04-29T09:30:00+08:00,2024-04-29T09:30:00+08:00,,CURRENT_PROVIDER_VALUE_BOUND_TO_LATEST_REVISION,8a5802b12d128c77fdc446c8f532c53eefedf5eab5a94ca4a560c050fdd477f9
600030.SH,中信证券,SECURITIES_AND_BROKERAGE,SH_MAIN,SRC-CNINFO-600030,2024-06-30,2024-08-29T00:00:00,2024-08-29,中信证券股份有限公司2024年半年度<em>报告</em>,中信证券股份有限公司2024年半年度报告,http://www.cninfo.com.cn/new/disclosure/detail?stockCode=600030&announcementId=1221029674&orgId=gssh0600030&announcementTime=2024-08-29,False,1,2024-08-30T09:30:00+08:00,2024-08-30T09:30:00+08:00,,CURRENT_PROVIDER_VALUE_BOUND_TO_LATEST_REVISION,7eb0dc294fb5a4103ee3f074600a18ee7bdbfb242f29ac7303db3334294a1f3b
600030.SH,中信证券,SECURITIES_AND_BROKERAGE,SH_MAIN,SRC-CNINFO-600030,2024-09-30,2024-10-30T00:00:00,2024-10-30,中信证券股份有限公司2024年第三季度<em>报告</em>,中信证券股份有限公司2024年第三季度报告,http://www.cninfo.com.cn/new/disclosure/detail?stockCode=600030&announcementId=1221555199&orgId=gssh0600030&announcementTime=2024-10-30,False,1,2024-10-31T09:30:00+08:00,2024-10-31T09:30:00+08:00,,CURRENT_PROVIDER_VALUE_BOUND_TO_LATEST_REVISION,988ae1d8aa983585f7d81a9821a8d21a213c302ec42e1aaaafceed2d9419a203
600030.SH,中信证券,SECURITIES_AND_BROKERAGE,SH_MAIN,SRC-CNINFO-600030,2024-12-31,2025-03-27T00:00:00,2025-03-27,中信证券股份有限公司2024年年度<em>报告</em>,中信证券股份有限公司2024年年度报告,http://www.cninfo.com.cn/new/disclosure/detail?stockCode=600030&announcementId=1222912838&orgId=gssh0600030&announcementTime=2025-03-27,False,1,2025-03-28T09:30:00+08:00,2025-03-28T09:30:00+08:00,,CURRENT_PROVIDER_VALUE_BOUND_TO_LATEST_REVISION,fc06f6b8e76064225d9ea1d4d53259bf01f2f4bed749a05c76aa41c52673c3a5
600030.SH,中信证券,SECURITIES_AND_BROKERAGE,SH_MAIN,SRC-CNINFO-600030,2025-03-31,2025-04-30T00:00:00,2025-04-30,中信证券股份有限公司2025年第一季度<em>报告</em>,中信证券股份有限公司2025年第一季度报告,http://www.cninfo.com.cn/new/disclosure/detail?stockCode=600030&announcementId=1223408380&orgId=gssh0600030&announcementTime=2025-04-30,False,1,2025-05-06T09:30:00+08:00,2025-05-06T09:30:00+08:00,,CURRENT_PROVIDER_VALUE_BOUND_TO_LATEST_REVISION,460d999f3877681bf531a76863b034dcc45a59ae0960d35da4fa858b7ddba4f2
600030.SH,中信证券,SECURITIES_AND_BROKERAGE,SH_MAIN,SRC-CNINFO-600030,2025-06-30,2025-08-29T00:00:00,2025-08-29,中信证券股份有限公司2025年半年度<em>报告</em>,中信证券股份有限公司2025年半年度报告,http://www.cninfo.com.cn/new/disclosure/detail?stockCode=600030&announcementId=1224609003&orgId=gssh0600030&announcementTime=2025-08-29,False,1,2025-09-01T09:30:00+08:00,2025-09-01T09:30:00+08:00,,CURRENT_PROVIDER_VALUE_BOUND_TO_LATEST_REVISION,acb066f12944233762cd2bc0111c6255817ef5165fb10463bcee301e46592574
600030.SH,中信证券,SECURITIES_AND_BROKERAGE,SH_MAIN,SRC-CNINFO-600030,2025-09-30,2025-10-25T00:00:00,2025-10-25,中信证券股份有限公司2025年第三季度<em>报告</em>,中信证券股份有限公司2025年第三季度报告,http://www.cninfo.com.cn/new/disclosure/detail?stockCode=600030&announcementId=1224735112&orgId=gssh0600030&announcementTime=2025-10-25,False,1,2025-10-27T09:30:00+08:00,2025-10-27T09:30:00+08:00,,CURRENT_PROVIDER_VALUE_BOUND_TO_LATEST_REVISION,c4842c10111d0b32f0faec5b4aefcd093fd1b5aa2c5c5199724c7efb4ffc43fd
600030.SH,中信证券,SECURITIES_AND_BROKERAGE,SH_MAIN,SRC-CNINFO-600030,2025-12-31,2026-03-27T00:00:00,2026-03-27,中信证券股份有限公司2025年年度<em>报告</em>,中信证券股份有限公司2025年年度报告,http://www.cninfo.com.cn/new/disclosure/detail?stockCode=600030&announcementId=1225036081&orgId=gssh0600030&announcementTime=2026-03-27,False,1,2026-03-30T09:30:00+08:00,2026-03-30T09:30:00+08:00,,CURRENT_PROVIDER_VALUE_BOUND_TO_LATEST_REVISION,004f86c92da40a20c88b808d11eae852a6b435739d143c606aafcafcfd8b2ece
600030.SH,中信证券,SECURITIES_AND_BROKERAGE,SH_MAIN,SRC-CNINFO-600030,2026-03-31,2026-04-25T00:00:00,2026-04-25,中信证券股份有限公司2026年第一季度<em>报告</em>,中信证券股份有限公司2026年第一季度报告,http://www.cninfo.com.cn/new/disclosure/detail?stockCode=600030&announcementId=1225179675&orgId=gssh0600030&announcementTime=2026-04-25,False,1,2026-04-27T09:30:00+08:00,2026-04-27T09:30:00+08:00,,CURRENT_PROVIDER_VALUE_BOUND_TO_LATEST_REVISION,f4a28e592ac77a12417a5259ad0b89f7f60a978763ead429b58619d2287b7357
600036.SH,招商银行,BANK,SH_MAIN,SRC-CNINFO-600036,2023-12-31,2024-03-26T00:00:00,2024-03-26,招商银行股份有限公司2023年度<em>报告</em>,招商银行股份有限公司2023年度报告,http://www.cninfo.com.cn/new/disclosure/detail?stockCode=600036&announcementId=1219403503&orgId=gssh0600036&announcementTime=2024-03-26,False,1,2024-03-27T09:30:00+08:00,2024-03-27T09:30:00+08:00,,CURRENT_PROVIDER_VALUE_BOUND_TO_LATEST_REVISION,246452591675e60673b535d2687ee10e07a6d03a78bad52cd88c6abdd8ce9e0d
600036.SH,招商银行,BANK,SH_MAIN,SRC-CNINFO-600036,2024-03-31,2024-04-30T00:00:00,2024-04-30,招商银行股份有限公司2024年第一季度<em>报告</em>,招商银行股份有限公司2024年第一季度报告,http://www.cninfo.com.cn/new/disclosure/detail?stockCode=600036&announcementId=1219910214&orgId=gssh0600036&announcementTime=2024-04-30,False,1,2024-05-06T09:30:00+08:00,2024-05-06T09:30:00+08:00,,CURRENT_PROVIDER_VALUE_BOUND_TO_LATEST_REVISION,8d90056e96a552e5ec14d26b89fb38706b8f76f8e0f8182ab89cf5fdbc4a3265
600036.SH,招商银行,BANK,SH_MAIN,SRC-CNINFO-600036,2024-06-30,2024-08-30T00:00:00,2024-08-30,招商银行股份有限公司2024年半年度<em>报告</em>,招商银行股份有限公司2024年半年度报告,http://www.cninfo.com.cn/new/disclosure/detail?stockCode=600036&announcementId=1221051750&orgId=gssh0600036&announcementTime=2024-08-30,False,1,2024-09-02T09:30:00+08:00,2024-09-02T09:30:00+08:00,,CURRENT_PROVIDER_VALUE_BOUND_TO_LATEST_REVISION,6d29223a60a24d33144d6826dd8d8d33905f94591a962a9c0f25c88068008e52
600036.SH,招商银行,BANK,SH_MAIN,SRC-CNINFO-600036,2024-09-30,2024-10-30T00:00:00,2024-10-30,招商银行股份有限公司2024年第三季度<em>报告</em>,招商银行股份有限公司2024年第三季度报告,http://www.cninfo.com.cn/new/disclosure/detail?stockCode=600036&announcementId=1221556764&orgId=gssh0600036&announcementTime=2024-10-30,False,1,2024-10-31T09:30:00+08:00,2024-10-31T09:30:00+08:00,,CURRENT_PROVIDER_VALUE_BOUND_TO_LATEST_REVISION,04f551c0b440e18337dc57e2de807912b27bd5979555f57d3054518f90ee86cf
600036.SH,招商银行,BANK,SH_MAIN,SRC-CNINFO-600036,2024-12-31,2025-03-26T00:00:00,2025-03-26,招商银行股份有限公司2024年度<em>报告</em>,招商银行股份有限公司2024年度报告,http://www.cninfo.com.cn/new/disclosure/detail?stockCode=600036&announcementId=1222895154&orgId=gssh0600036&announcementTime=2025-03-26,False,1,2025-03-27T09:30:00+08:00,2025-03-27T09:30:00+08:00,,CURRENT_PROVIDER_VALUE_BOUND_TO_LATEST_REVISION,486ab4c8036b593f323ab84af88f66f9167ecaba52454e46303490ea1c6f02ef
600036.SH,招商银行,BANK,SH_MAIN,SRC-CNINFO-600036,2025-03-31,2025-04-30T00:00:00,2025-04-30,招商银行股份有限公司2025年第一季度<em>报告</em>,招商银行股份有限公司2025年第一季度报告,http://www.cninfo.com.cn/new/disclosure/detail?stockCode=600036&announcementId=1223412232&orgId=gssh0600036&announcementTime=2025-04-30,False,1,2025-05-06T09:30:00+08:00,2025-05-06T09:30:00+08:00,,CURRENT_PROVIDER_VALUE_BOUND_TO_LATEST_REVISION,7e207fa514641eff6956a688ddadbeb48f7783937bb37368be31f7274af99a80
600036.SH,招商银行,BANK,SH_MAIN,SRC-CNINFO-600036,2025-06-30,2025-08-30T00:00:00,2025-08-30,招商银行股份有限公司2025年半年度<em>报告</em>,招商银行股份有限公司2025年半年度报告,http://www.cninfo.com.cn/new/disclosure/detail?stockCode=600036&announcementId=1224624358&orgId=gssh0600036&announcementTime=2025-08-30,False,1,2025-09-01T09:30:00+08:00,2025-09-01T09:30:00+08:00,,CURRENT_PROVIDER_VALUE_BOUND_TO_LATEST_REVISION,eaa94f727a86959a64e2c73894cca5bb4b786a1005d4c86574c4fcd335c6f3ab
600036.SH,招商银行,BANK,SH_MAIN,SRC-CNINFO-600036,2025-09-30,2025-10-30T00:00:00,2025-10-30,招商银行股份有限公司2025年第三季度<em>报告</em>,招商银行股份有限公司2025年第三季度报告,http://www.cninfo.com.cn/new/disclosure/detail?stockCode=600036&announcementId=1224763992&orgId=gssh0600036&announcementTime=2025-10-30,False,1,2025-10-31T09:30:00+08:00,2025-10-31T09:30:00+08:00,,CURRENT_PROVIDER_VALUE_BOUND_TO_LATEST_REVISION,81eb3195dd3a4bcb00661f11238679ba7bdb2b09738582541c8af2baca034662
600036.SH,招商银行,BANK,SH_MAIN,SRC-CNINFO-600036,2025-12-31,2026-03-28T00:00:00,2026-03-28,招商银行股份有限公司2025年度<em>报告</em>,招商银行股份有限公司2025年度报告,http://www.cninfo.com.cn/new/disclosure/detail?stockCode=600036&announcementId=1225047590&orgId=gssh0600036&announcementTime=2026-03-28,False,1,2026-03-30T09:30:00+08:00,2026-03-30T09:30:00+08:00,,CURRENT_PROVIDER_VALUE_BOUND_TO_LATEST_REVISION,b45f9f7a78d365d93a528f101104e63c7ddc9abb8c19816cc3314b969b60e5a4
600036.SH,招商银行,BANK,SH_MAIN,SRC-CNINFO-600036,2026-03-31,2026-04-29T00:00:00,2026-04-29,招商银行股份有限公司2026年第一季度<em>报告</em>,招商银行股份有限公司2026年第一季度报告,http://www.cninfo.com.cn/new/disclosure/detail?stockCode=600036&announcementId=1225231394&orgId=gssh0600036&announcementTime=2026-04-29,False,1,2026-04-30T09:30:00+08:00,2026-04-30T09:30:00+08:00,,CURRENT_PROVIDER_VALUE_BOUND_TO_LATEST_REVISION,643951cb83c6d1f9745996952e3c06be65f4d0f4eadfcb69d69674ddf4b9151e
430047.BJ,诺思兰德,PRE_PROFIT_OR_NEGATIVE_EARNINGS,BSE,SRC-CNINFO-430047,2023-12-31,2024-04-25T00:00:00,2024-04-25,2023年年度<em>报告</em>,2023年年度报告,http://www.cninfo.com.cn/new/disclosure/detail?stockCode=430047&announcementId=1219838101&orgId=9900006121&announcementTime=2024-04-25,False,1,2024-04-26T09:30:00+08:00,2024-04-26T09:30:00+08:00,2024-05-15T09:30:00+08:00,DOCUMENT_ONLY_PRIOR_REVISION_NO_HISTORICAL_STRUCTURED_VALUE,b7a1748196755c9c232de051d921053d316c74895e80b399c91c10c30fbcae74
430047.BJ,诺思兰德,PRE_PROFIT_OR_NEGATIVE_EARNINGS,BSE,SRC-CNINFO-430047,2023-12-31,2024-05-14T00:00:00,2024-05-14,2023年年度<em>报告</em>业绩说明会预告公告,2023年年度报告业绩说明会预告公告,http://www.cninfo.com.cn/new/disclosure/detail?stockCode=430047&announcementId=1220053312&orgId=9900006121&announcementTime=2024-05-14,False,2,2024-05-15T09:30:00+08:00,2024-05-15T09:30:00+08:00,,CURRENT_PROVIDER_VALUE_BOUND_TO_LATEST_REVISION,6b843fcaa3c0c4d5bf6f9b1c267b349cf8ef273dc3d3dc063fc3e6fdf0dbc279
430047.BJ,诺思兰德,PRE_PROFIT_OR_NEGATIVE_EARNINGS,BSE,SRC-CNINFO-430047,2024-03-31,2024-04-25T00:00:00,2024-04-25,2024年一季度<em>报告</em>,2024年一季度报告,http://www.cninfo.com.cn/new/disclosure/detail?stockCode=430047&announcementId=1219838379&orgId=9900006121&announcementTime=2024-04-25,False,1,2024-04-26T09:30:00+08:00,2024-04-26T09:30:00+08:00,,CURRENT_PROVIDER_VALUE_BOUND_TO_LATEST_REVISION,4baefb56a21af029806ef74da3d05863cc8496615c2953258d9187050f371f85
430047.BJ,诺思兰德,PRE_PROFIT_OR_NEGATIVE_EARNINGS,BSE,SRC-CNINFO-430047,2024-06-30,2024-08-28T00:00:00,2024-08-28,2024年半年度<em>报告</em>,2024年半年度报告,http://www.cninfo.com.cn/new/disclosure/detail?stockCode=430047&announcementId=1221029366&orgId=9900006121&announcementTime=2024-08-28,False,1,2024-08-29T09:30:00+08:00,2024-08-29T09:30:00+08:00,,CURRENT_PROVIDER_VALUE_BOUND_TO_LATEST_REVISION,5fa0b1027ab653ef52363720e77808ed9ebfef77a1f27b32f56520b7db8ef6ef
430047.BJ,诺思兰德,PRE_PROFIT_OR_NEGATIVE_EARNINGS,BSE,SRC-CNINFO-430047,2024-09-30,2024-10-25T00:00:00,2024-10-25,2024年三季度<em>报告</em>,2024年三季度报告,http://www.cninfo.com.cn/new/disclosure/detail?stockCode=430047&announcementId=1221525207&orgId=9900006121&announcementTime=2024-10-25,False,1,2024-10-28T09:30:00+08:00,2024-10-28T09:30:00+08:00,,CURRENT_PROVIDER_VALUE_BOUND_TO_LATEST_REVISION,dedea339f0762a61794cd97bf5095e5ba7ccaa75e80d3a0f98a3e629ab9e96cb
430047.BJ,诺思兰德,PRE_PROFIT_OR_NEGATIVE_EARNINGS,BSE,SRC-CNINFO-430047,2024-12-31,2025-04-23T00:00:00,2025-04-23,2024年年度<em>报告</em>,2024年年度报告,http://www.cninfo.com.cn/new/disclosure/detail?stockCode=430047&announcementId=1223247821&orgId=9900006121&announcementTime=2025-04-23,False,1,2025-04-24T09:30:00+08:00,2025-04-24T09:30:00+08:00,2025-04-24T09:30:00+08:00,DOCUMENT_ONLY_PRIOR_REVISION_NO_HISTORICAL_STRUCTURED_VALUE,e41e40265d88106ffacef7a7322aa0fd05c435f52e9bc7529e7fc52ecdb36690
430047.BJ,诺思兰德,PRE_PROFIT_OR_NEGATIVE_EARNINGS,BSE,SRC-CNINFO-430047,2024-12-31,2025-04-23T00:00:00,2025-04-23,2024年年度<em>报告</em>业绩说明会预告公告,2024年年度报告业绩说明会预告公告,http://www.cninfo.com.cn/new/disclosure/detail?stockCode=430047&announcementId=1223247820&orgId=9900006121&announcementTime=2025-04-23,False,2,2025-04-24T09:30:00+08:00,2025-04-24T09:30:00+08:00,,CURRENT_PROVIDER_VALUE_BOUND_TO_LATEST_REVISION,0a7fa095fee4561fc70855db44668d608039bb1bfa3319b7b0a367c303e9e0c0
430047.BJ,诺思兰德,PRE_PROFIT_OR_NEGATIVE_EARNINGS,BSE,SRC-CNINFO-430047,2025-03-31,2025-04-23T00:00:00,2025-04-23,2025年一季度<em>报告</em>,2025年一季度报告,http://www.cninfo.com.cn/new/disclosure/detail?stockCode=430047&announcementId=1223247866&orgId=9900006121&announcementTime=2025-04-23,False,1,2025-04-24T09:30:00+08:00,2025-04-24T09:30:00+08:00,,CURRENT_PROVIDER_VALUE_BOUND_TO_LATEST_REVISION,793ff2694ad558eb47b0f40e08adc66f493d1ca84e53af82ef593ebd9574b7ce
430047.BJ,诺思兰德,PRE_PROFIT_OR_NEGATIVE_EARNINGS,BSE,SRC-CNINFO-430047,2025-06-30,2025-08-28T00:00:00,2025-08-28,2025年半年度<em>报告</em>,2025年半年度报告,http://www.cninfo.com.cn/new/disclosure/detail?stockCode=430047&announcementId=1224614108&orgId=9900006121&announcementTime=2025-08-28,False,1,2025-08-29T09:30:00+08:00,2025-08-29T09:30:00+08:00,,CURRENT_PROVIDER_VALUE_BOUND_TO_LATEST_REVISION,e2a7d23f9ca2802737d3fbe55184802b3b7a360c4cc631bddb1d9609cbc85b92
430047.BJ,诺思兰德,PRE_PROFIT_OR_NEGATIVE_EARNINGS,BSE,SRC-CNINFO-430047,2025-09-30,2025-10-30T00:00:00,2025-10-30,2025年三季度<em>报告</em>,2025年三季度报告,http://www.cninfo.com.cn/new/disclosure/detail?stockCode=920047&announcementId=1224775543&orgId=9900006121&announcementTime=2025-10-30,False,1,2025-10-31T09:30:00+08:00,2025-10-31T09:30:00+08:00,2025-11-04T09:30:00+08:00,DOCUMENT_ONLY_PRIOR_REVISION_NO_HISTORICAL_STRUCTURED_VALUE,9f15454277f9818582dfc2e869613decd77242284305760860f58d56853b2f42
430047.BJ,诺思兰德,PRE_PROFIT_OR_NEGATIVE_EARNINGS,BSE,SRC-CNINFO-430047,2025-09-30,2025-11-03T00:00:00,2025-11-03,2025年第三季度<em>报告</em>业绩说明会预告公告,2025年第三季度报告业绩说明会预告公告,http://www.cninfo.com.cn/new/disclosure/detail?stockCode=920047&announcementId=1224783834&orgId=9900006121&announcementTime=2025-11-03,False,2,2025-11-04T09:30:00+08:00,2025-11-04T09:30:00+08:00,,CURRENT_PROVIDER_VALUE_BOUND_TO_LATEST_REVISION,3c5f5cea3984ab22ba9f216caf2b0298056aebdf431933ebb4cefd7dc664fa89
430047.BJ,诺思兰德,PRE_PROFIT_OR_NEGATIVE_EARNINGS,BSE,SRC-CNINFO-430047,2025-12-31,2026-04-23T00:00:00,2026-04-23,2025年年度<em>报告</em>,2025年年度报告,http://www.cninfo.com.cn/new/disclosure/detail?stockCode=920047&announcementId=1225172382&orgId=9900006121&announcementTime=2026-04-23,False,1,2026-04-24T09:30:00+08:00,2026-04-24T09:30:00+08:00,2026-04-29T09:30:00+08:00,DOCUMENT_ONLY_PRIOR_REVISION_NO_HISTORICAL_STRUCTURED_VALUE,329be902479b5a02fd190332f3c31dd9146d472ec406e4451101e498ccd78f34
430047.BJ,诺思兰德,PRE_PROFIT_OR_NEGATIVE_EARNINGS,BSE,SRC-CNINFO-430047,2025-12-31,2026-04-28T00:00:00,2026-04-28,2025年年度<em>报告</em>业绩说明会预告公告,2025年年度报告业绩说明会预告公告,http://www.cninfo.com.cn/new/disclosure/detail?stockCode=920047&announcementId=1225224094&orgId=9900006121&announcementTime=2026-04-28,False,2,2026-04-29T09:30:00+08:00,2026-04-29T09:30:00+08:00,,CURRENT_PROVIDER_VALUE_BOUND_TO_LATEST_REVISION,c6a992a7352a4578edd353006d69810920a130cda140670ab74cda852ff1286a
430047.BJ,诺思兰德,PRE_PROFIT_OR_NEGATIVE_EARNINGS,BSE,SRC-CNINFO-430047,2026-03-31,2026-04-23T00:00:00,2026-04-23,2026年一季度<em>报告</em>,2026年一季度报告,http://www.cninfo.com.cn/new/disclosure/detail?stockCode=920047&announcementId=1225171733&orgId=9900006121&announcementTime=2026-04-23,False,1,2026-04-24T09:30:00+08:00,2026-04-24T09:30:00+08:00,,CURRENT_PROVIDER_VALUE_BOUND_TO_LATEST_REVISION,dabb5a8bf4edaf32b34da8812a095ec5a0d98528d4c37d3e849a878d94dce21f
688256.SH,寒武纪,PRE_PROFIT_OR_NEGATIVE_EARNINGS,STAR,SRC-CNINFO-688256,2023-12-31,2024-04-30T00:00:00,2024-04-30,2023年年度<em>报告</em>,2023年年度报告,http://www.cninfo.com.cn/new/disclosure/detail?stockCode=688256&announcementId=1219923837&orgId=nssc1000595&announcementTime=2024-04-30,False,1,2024-05-06T09:30:00+08:00,2024-05-06T09:30:00+08:00,,CURRENT_PROVIDER_VALUE_BOUND_TO_LATEST_REVISION,ae2d5e96391cf16c1156d37a08ae59a97098eb604f0015e3f70a7ff9d16e60e8
688256.SH,寒武纪,PRE_PROFIT_OR_NEGATIVE_EARNINGS,STAR,SRC-CNINFO-688256,2024-03-31,2024-04-30T00:00:00,2024-04-30,2024年第一季度<em>报告</em>,2024年第一季度报告,http://www.cninfo.com.cn/new/disclosure/detail?stockCode=688256&announcementId=1219923834&orgId=nssc1000595&announcementTime=2024-04-30,False,1,2024-05-06T09:30:00+08:00,2024-05-06T09:30:00+08:00,,CURRENT_PROVIDER_VALUE_BOUND_TO_LATEST_REVISION,e4eed2d364f5d98608e03e0e0a2eac67e0b0f559bbd79b685e07da6f15806c32
688256.SH,寒武纪,PRE_PROFIT_OR_NEGATIVE_EARNINGS,STAR,SRC-CNINFO-688256,2024-06-30,2024-08-31T00:00:00,2024-08-31,2024年半年度<em>报告</em>,2024年半年度报告,http://www.cninfo.com.cn/new/disclosure/detail?stockCode=688256&announcementId=1221086221&orgId=nssc1000595&announcementTime=2024-08-31,False,1,2024-09-02T09:30:00+08:00,2024-09-02T09:30:00+08:00,,CURRENT_PROVIDER_VALUE_BOUND_TO_LATEST_REVISION,18fef37072fcc912678ca5dc18a8ecad2cd7f8ba7e0f7caffcf637cab2b79c3f
688256.SH,寒武纪,PRE_PROFIT_OR_NEGATIVE_EARNINGS,STAR,SRC-CNINFO-688256,2024-09-30,2024-10-31T00:00:00,2024-10-31,2024年第三季度<em>报告</em>,2024年第三季度报告,http://www.cninfo.com.cn/new/disclosure/detail?stockCode=688256&announcementId=1221574137&orgId=nssc1000595&announcementTime=2024-10-31,False,1,2024-11-01T09:30:00+08:00,2024-11-01T09:30:00+08:00,,CURRENT_PROVIDER_VALUE_BOUND_TO_LATEST_REVISION,3a83dc2bc366e5de380b091bdcc1dd06e26a7cc0fd7218a1da05ed8ccd106c4a
688256.SH,寒武纪,PRE_PROFIT_OR_NEGATIVE_EARNINGS,STAR,SRC-CNINFO-688256,2024-12-31,2025-04-19T00:00:00,2025-04-19,2024年年度<em>报告</em>,2024年年度报告,http://www.cninfo.com.cn/new/disclosure/detail?stockCode=688256&announcementId=1223155683&orgId=nssc1000595&announcementTime=2025-04-19,False,1,2025-04-21T09:30:00+08:00,2025-04-21T09:30:00+08:00,,CURRENT_PROVIDER_VALUE_BOUND_TO_LATEST_REVISION,ae71302d12a58003d9dec7e02f0c48532ae48d0eba62d84636329d932177e101
688256.SH,寒武纪,PRE_PROFIT_OR_NEGATIVE_EARNINGS,STAR,SRC-CNINFO-688256,2025-03-31,2025-04-19T00:00:00,2025-04-19,2025年第一季度<em>报告</em>,2025年第一季度报告,http://www.cninfo.com.cn/new/disclosure/detail?stockCode=688256&announcementId=1223155692&orgId=nssc1000595&announcementTime=2025-04-19,False,1,2025-04-21T09:30:00+08:00,2025-04-21T09:30:00+08:00,,CURRENT_PROVIDER_VALUE_BOUND_TO_LATEST_REVISION,65c766516e4973d03aba141d173abbb5e0d7548479383732291107ea6c6ebf04
688256.SH,寒武纪,PRE_PROFIT_OR_NEGATIVE_EARNINGS,STAR,SRC-CNINFO-688256,2025-06-30,2025-08-27T00:00:00,2025-08-27,2025年半年度<em>报告</em>,2025年半年度报告,http://www.cninfo.com.cn/new/disclosure/detail?stockCode=688256&announcementId=1224586025&orgId=nssc1000595&announcementTime=2025-08-27,False,1,2025-08-28T09:30:00+08:00,2025-08-28T09:30:00+08:00,,CURRENT_PROVIDER_VALUE_BOUND_TO_LATEST_REVISION,1987acda2ad49593d1441f5d699849d0f6f198e09ce649ddf7b7e35def94a803
688256.SH,寒武纪,PRE_PROFIT_OR_NEGATIVE_EARNINGS,STAR,SRC-CNINFO-688256,2025-09-30,2025-10-18T00:00:00,2025-10-18,2025年第三季度<em>报告</em>,2025年第三季度报告,http://www.cninfo.com.cn/new/disclosure/detail?stockCode=688256&announcementId=1224719401&orgId=nssc1000595&announcementTime=2025-10-18,False,1,2025-10-20T09:30:00+08:00,2025-10-20T09:30:00+08:00,,CURRENT_PROVIDER_VALUE_BOUND_TO_LATEST_REVISION,ff082b5715586651a6e2a62b10413909a7d669d552158ec76b68f1c4aaf673a5
688256.SH,寒武纪,PRE_PROFIT_OR_NEGATIVE_EARNINGS,STAR,SRC-CNINFO-688256,2025-12-31,2026-03-13T00:00:00,2026-03-13,2025年年度<em>报告</em>,2025年年度报告,http://www.cninfo.com.cn/new/disclosure/detail?stockCode=688256&announcementId=1225007336&orgId=nssc1000595&announcementTime=2026-03-13,False,1,2026-03-16T09:30:00+08:00,2026-03-16T09:30:00+08:00,,CURRENT_PROVIDER_VALUE_BOUND_TO_LATEST_REVISION,aeaf99e61e21b3d8dfe89ccabf781a7057afdcf27ab7c32ce9f97d86d229ec3c
688256.SH,寒武纪,PRE_PROFIT_OR_NEGATIVE_EARNINGS,STAR,SRC-CNINFO-688256,2026-03-31,2026-04-30T00:00:00,2026-04-30,2026年第一季度<em>报告</em>,2026年第一季度报告,http://www.cninfo.com.cn/new/disclosure/detail?stockCode=688256&announcementId=1225264337&orgId=nssc1000595&announcementTime=2026-04-30,False,1,2026-05-06T09:30:00+08:00,2026-05-06T09:30:00+08:00,,CURRENT_PROVIDER_VALUE_BOUND_TO_LATEST_REVISION,edd2f52d55e344375c0ea96e72ee49b04b5e4bb202be75454719ef93477ead6f
000776.SZ,广发证券,SECURITIES_AND_BROKERAGE,SZ_MAIN,SRC-CNINFO-000776,2023-12-31,2024-03-29T00:00:00,2024-03-29,2023年年度<em>报告</em>,2023年年度报告,http://www.cninfo.com.cn/new/disclosure/detail?stockCode=000776&announcementId=1219445383&orgId=gssz0000776&announcementTime=2024-03-29 00:00:00,False,1,2024-04-01T09:30:00+08:00,2024-04-01T09:30:00+08:00,,CURRENT_PROVIDER_VALUE_BOUND_TO_LATEST_REVISION,84b1e605f55858741e1503bde608bfa9e2a24240b48ebca84f23d9b8a0792b13
000776.SZ,广发证券,SECURITIES_AND_BROKERAGE,SZ_MAIN,SRC-CNINFO-000776,2024-03-31,2024-04-30T00:00:00,2024-04-30,2024年一季度<em>报告</em>,2024年一季度报告,http://www.cninfo.com.cn/new/disclosure/detail?stockCode=000776&announcementId=1219914766&orgId=gssz0000776&announcementTime=2024-04-30 00:00:00,False,1,2024-05-06T09:30:00+08:00,2024-05-06T09:30:00+08:00,,CURRENT_PROVIDER_VALUE_BOUND_TO_LATEST_REVISION,8aff962ec1e036af455d7831260463b45b74b7f63ad2b7da912a668ef5ceb630
000776.SZ,广发证券,SECURITIES_AND_BROKERAGE,SZ_MAIN,SRC-CNINFO-000776,2024-06-30,2024-08-31T00:00:00,2024-08-31,2024年半年度<em>报告</em>,2024年半年度报告,http://www.cninfo.com.cn/new/disclosure/detail?stockCode=000776&announcementId=1221084704&orgId=gssz0000776&announcementTime=2024-08-31 00:00:00,False,1,2024-09-02T09:30:00+08:00,2024-09-02T09:30:00+08:00,,CURRENT_PROVIDER_VALUE_BOUND_TO_LATEST_REVISION,b7a70f7e97d1ef519f0efa247ddf82ee715b0ebc74777b48b6f17a58c8e0b244
000776.SZ,广发证券,SECURITIES_AND_BROKERAGE,SZ_MAIN,SRC-CNINFO-000776,2024-09-30,2024-10-31T00:00:00,2024-10-31,2024年三季度<em>报告</em>,2024年三季度报告,http://www.cninfo.com.cn/new/disclosure/detail?stockCode=000776&announcementId=1221576718&orgId=gssz0000776&announcementTime=2024-10-31 00:00:00,False,1,2024-11-01T09:30:00+08:00,2024-11-01T09:30:00+08:00,,CURRENT_PROVIDER_VALUE_BOUND_TO_LATEST_REVISION,fd42deaf1f472bf76bd8fdd6b286f18a67ed1efd1112f9a67d4f711bdfed7e7b
000776.SZ,广发证券,SECURITIES_AND_BROKERAGE,SZ_MAIN,SRC-CNINFO-000776,2024-12-31,2024-08-31T00:00:00,2024-08-31,2024年半年度财务<em>报告</em>,2024年半年度财务报告,http://www.cninfo.com.cn/new/disclosure/detail?stockCode=000776&announcementId=1221084698&orgId=gssz0000776&announcementTime=2024-08-31 00:00:00,False,1,2024-09-02T09:30:00+08:00,2024-09-02T09:30:00+08:00,2025-03-31T09:30:00+08:00,DOCUMENT_ONLY_PRIOR_REVISION_NO_HISTORICAL_STRUCTURED_VALUE,c03545f7592e4b5c923a32378230de851af2534d822285235a6edefb00274808
000776.SZ,广发证券,SECURITIES_AND_BROKERAGE,SZ_MAIN,SRC-CNINFO-000776,2024-12-31,2025-03-29T00:00:00,2025-03-29,2024年年度<em>报告</em>,2024年年度报告,http://www.cninfo.com.cn/new/disclosure/detail?stockCode=000776&announcementId=1222949775&orgId=gssz0000776&announcementTime=2025-03-29 00:00:00,False,2,2025-03-31T09:30:00+08:00,2025-03-31T09:30:00+08:00,,CURRENT_PROVIDER_VALUE_BOUND_TO_LATEST_REVISION,cff47e4ab53cedb45702db8b73b43a5d4cd6a3c6871634e9b0d6e8812425f575
000776.SZ,广发证券,SECURITIES_AND_BROKERAGE,SZ_MAIN,SRC-CNINFO-000776,2025-03-31,2025-04-30T00:00:00,2025-04-30,2025年一季度<em>报告</em>,2025年一季度报告,http://www.cninfo.com.cn/new/disclosure/detail?stockCode=000776&announcementId=1223409814&orgId=gssz0000776&announcementTime=2025-04-30 00:00:00,False,1,2025-05-06T09:30:00+08:00,2025-05-06T09:30:00+08:00,,CURRENT_PROVIDER_VALUE_BOUND_TO_LATEST_REVISION,0f835b45701db24cc3011f440d5d3a5afadbde7042e8ca66f395d3e4d596e83f
000776.SZ,广发证券,SECURITIES_AND_BROKERAGE,SZ_MAIN,SRC-CNINFO-000776,2025-06-30,2025-08-30T00:00:00,2025-08-30,2025年半年度<em>报告</em>,2025年半年度报告,http://www.cninfo.com.cn/new/disclosure/detail?stockCode=000776&announcementId=1224626919&orgId=gssz0000776&announcementTime=2025-08-30 00:00:00,False,1,2025-09-01T09:30:00+08:00,2025-09-01T09:30:00+08:00,,CURRENT_PROVIDER_VALUE_BOUND_TO_LATEST_REVISION,fd8143130ad8d4fc31f478360829d6f792d5dd9b7410f00238006a55d155093f
000776.SZ,广发证券,SECURITIES_AND_BROKERAGE,SZ_MAIN,SRC-CNINFO-000776,2025-09-30,2025-10-31T00:00:00,2025-10-31,2025年三季度<em>报告</em>,2025年三季度报告,http://www.cninfo.com.cn/new/disclosure/detail?stockCode=000776&announcementId=1224776462&orgId=gssz0000776&announcementTime=2025-10-31 00:00:00,False,1,2025-11-03T09:30:00+08:00,2025-11-03T09:30:00+08:00,,CURRENT_PROVIDER_VALUE_BOUND_TO_LATEST_REVISION,492cd635d0c5f26e838c976b5a4725168781bdc84da5a0884549257aff133ad9
000776.SZ,广发证券,SECURITIES_AND_BROKERAGE,SZ_MAIN,SRC-CNINFO-000776,2025-12-31,2025-08-30T00:00:00,2025-08-30,2025年半年度财务<em>报告</em>,2025年半年度财务报告,http://www.cninfo.com.cn/new/disclosure/detail?stockCode=000776&announcementId=1224626920&orgId=gssz0000776&announcementTime=2025-08-30 00:00:00,False,1,2025-09-01T09:30:00+08:00,2025-09-01T09:30:00+08:00,2026-04-01T09:30:00+08:00,DOCUMENT_ONLY_PRIOR_REVISION_NO_HISTORICAL_STRUCTURED_VALUE,4a98822e914da1a2814423c70f580330bdc9e54131ddb6fca50aec20af8e3ef5
000776.SZ,广发证券,SECURITIES_AND_BROKERAGE,SZ_MAIN,SRC-CNINFO-000776,2025-12-31,2026-03-31T00:00:00,2026-03-31,2025年年度<em>报告</em>,2025年年度报告,http://www.cninfo.com.cn/new/disclosure/detail?stockCode=000776&announcementId=1225060422&orgId=gssz0000776&announcementTime=2026-03-31 00:00:00,False,2,2026-04-01T09:30:00+08:00,2026-04-01T09:30:00+08:00,,CURRENT_PROVIDER_VALUE_BOUND_TO_LATEST_REVISION,a42b118a316ef5898dfa368f24bb84540856621b31ee865529589ed4f84b0c75
000776.SZ,广发证券,SECURITIES_AND_BROKERAGE,SZ_MAIN,SRC-CNINFO-000776,2026-03-31,2026-04-28T00:00:00,2026-04-28,2026年一季度<em>报告</em>,2026年一季度报告,http://www.cninfo.com.cn/new/disclosure/detail?stockCode=000776&announcementId=1225212102&orgId=gssz0000776&announcementTime=2026-04-28 00:00:00,False,1,2026-04-29T09:30:00+08:00,2026-04-29T09:30:00+08:00,,CURRENT_PROVIDER_VALUE_BOUND_TO_LATEST_REVISION,efcd8c98c58169f5e9d10e335b9e248f0d2c8cde8d4b58bbcccd2d00a431d39a
