statement,provider_field_name,mapping_status,canonical_field_id,fact_count
income_statement,SECURITY_TYPE_CODE,UNMAPPED_RAW_ONLY,,46693
income_statement,PARENT_NETPROFIT,MAPPED_EXACT_ALIAS,net_income_parent,46693
income_statement,__period,UNMAPPED_RAW_ONLY,,46693
income_statement,TOTAL_PROFIT,MAPPED_EXACT_ALIAS,pretax_income,46684
cash_flow,NETCASH_OPERATE,MAPPED_EXACT_ALIAS,cfo,46676
cash_flow,__period,UNMAPPED_RAW_ONLY,,46676
cash_flow,SECURITY_TYPE_CODE,UNMAPPED_RAW_ONLY,,46676
income_statement,OPERATE_PROFIT,MAPPED_EXACT_ALIAS,operating_income,46675
income_statement,DEDUCT_PARENT_NETPROFIT,UNMAPPED_RAW_ONLY,,46671
cash_flow,PAY_ALL_TAX,UNMAPPED_RAW_ONLY,,46624
cash_flow,TOTAL_OPERATE_OUTFLOW,UNMAPPED_RAW_ONLY,,46624
cash_flow,TOTAL_OPERATE_INFLOW,UNMAPPED_RAW_ONLY,,46624
cash_flow,END_CCE,MAPPED_EXACT_ALIAS,ending_cash,46624
cash_flow,CCE_ADD,MAPPED_EXACT_ALIAS,net_change_cash,46624
income_statement,NETPROFIT,MAPPED_EXACT_ALIAS,net_income,46623
cash_flow,BEGIN_CCE,MAPPED_EXACT_ALIAS,beginning_cash,46623
cash_flow,PAY_STAFF_CASH,UNMAPPED_RAW_ONLY,,46622
cash_flow,PAY_OTHER_OPERATE,UNMAPPED_RAW_ONLY,,46620
income_statement,OPERATE_TAX_ADD,UNMAPPED_RAW_ONLY,,46617
cash_flow,END_CCE_BALANCE,MAPPED_EXACT_ALIAS,cash_rollforward_adjustment,46615
cash_flow,OPERATE_OUTFLOW_BALANCE,UNMAPPED_RAW_ONLY,,46615
cash_flow,CCE_ADD_BALANCE,UNMAPPED_RAW_ONLY,,46615
cash_flow,OPERATE_INFLOW_BALANCE,UNMAPPED_RAW_ONLY,,46615
cash_flow,OPERATE_NETCASH_BALANCE,UNMAPPED_RAW_ONLY,,46615
income_statement,OPERATE_INCOME,MAPPED_EXACT_ALIAS,revenue,46614
income_statement,TOTAL_PROFIT_BALANCE,UNMAPPED_RAW_ONLY,,46612
cash_flow,RECEIVE_OTHER_OPERATE,UNMAPPED_RAW_ONLY,,46609
income_statement,BASIC_EPS,MAPPED_EXACT_ALIAS,eps_basic,46596
income_statement,TOTAL_COMPRE_INCOME,UNMAPPED_RAW_ONLY,,46584
cash_flow,NETCASH_INVEST,MAPPED_EXACT_ALIAS,cfi,46580
cash_flow,INVEST_NETCASH_BALANCE,UNMAPPED_RAW_ONLY,,46571
cash_flow,TOTAL_INVEST_OUTFLOW,UNMAPPED_RAW_ONLY,,46528
cash_flow,INVEST_OUTFLOW_BALANCE,UNMAPPED_RAW_ONLY,,46522
income_statement,OTHER_INCOME,UNMAPPED_RAW_ONLY,,46483
balance_sheet,SECURITY_TYPE_CODE,UNMAPPED_RAW_ONLY,,46464
balance_sheet,TOTAL_ASSETS,MAPPED_EXACT_ALIAS,total_assets,46464
balance_sheet,__period,UNMAPPED_RAW_ONLY,,46464
balance_sheet,LISTING_STATE,UNMAPPED_RAW_ONLY,,46464
balance_sheet,TOTAL_PARENT_EQUITY,MAPPED_EXACT_ALIAS,parent_equity,46463
balance_sheet,TOTAL_LIABILITIES,MAPPED_EXACT_ALIAS,total_liabilities,46453
cash_flow,CONSTRUCT_LONG_ASSET,MAPPED_EXACT_ALIAS,capex,46448
income_statement,PARENT_NETPROFIT_YOY,UNMAPPED_RAW_ONLY,,46410
balance_sheet,TOTAL_EQUITY,MAPPED_EXACT_ALIAS,total_equity,46379
balance_sheet,UNASSIGN_RPOFIT,UNMAPPED_RAW_ONLY,,46379
balance_sheet,TOTAL_LIAB_EQUITY,MAPPED_EXACT_ALIAS,liabilities_equity,46379
balance_sheet,SHARE_CAPITAL,UNMAPPED_RAW_ONLY,,46379
balance_sheet,FIXED_ASSET,MAPPED_EXACT_ALIAS,ppne_net,46378
balance_sheet,LIAB_BALANCE,UNMAPPED_RAW_ONLY,,46378
balance_sheet,PARENT_EQUITY_BALANCE,UNMAPPED_RAW_ONLY,,46378
balance_sheet,ASSET_BALANCE,UNMAPPED_RAW_ONLY,,46378
balance_sheet,TAX_PAYABLE,UNMAPPED_RAW_ONLY,,46377
income_statement,TOTAL_PROFIT_YOY,UNMAPPED_RAW_ONLY,,46374
income_statement,PARENT_TCI,UNMAPPED_RAW_ONLY,,46373
cash_flow,NETCASH_OPERATE_YOY,UNMAPPED_RAW_ONLY,,46369
income_statement,OPERATE_PROFIT_YOY,UNMAPPED_RAW_ONLY,,46365
income_statement,DEDUCT_PARENT_NETPROFIT_YOY,UNMAPPED_RAW_ONLY,,46351
balance_sheet,EQUITY_BALANCE,UNMAPPED_RAW_ONLY,,46333
balance_sheet,STAFF_SALARY_PAYABLE,UNMAPPED_RAW_ONLY,,46305
cash_flow,END_CCE_YOY,UNMAPPED_RAW_ONLY,,46274
cash_flow,CCE_ADD_YOY,UNMAPPED_RAW_ONLY,,46274
cash_flow,TOTAL_OPERATE_INFLOW_YOY,UNMAPPED_RAW_ONLY,,46274
cash_flow,TOTAL_OPERATE_OUTFLOW_YOY,UNMAPPED_RAW_ONLY,,46274
cash_flow,PAY_ALL_TAX_YOY,UNMAPPED_RAW_ONLY,,46273
cash_flow,BEGIN_CCE_YOY,UNMAPPED_RAW_ONLY,,46273
cash_flow,PAY_STAFF_CASH_YOY,UNMAPPED_RAW_ONLY,,46272
income_statement,NETPROFIT_YOY,UNMAPPED_RAW_ONLY,,46272
balance_sheet,CAPITAL_RESERVE,UNMAPPED_RAW_ONLY,,46270
cash_flow,PAY_OTHER_OPERATE_YOY,UNMAPPED_RAW_ONLY,,46270
income_statement,OPERATE_TAX_ADD_YOY,UNMAPPED_RAW_ONLY,,46263
income_statement,OPERATE_INCOME_YOY,UNMAPPED_RAW_ONLY,,46258
cash_flow,RECEIVE_OTHER_OPERATE_YOY,UNMAPPED_RAW_ONLY,,46256
income_statement,TOTAL_COMPRE_INCOME_YOY,UNMAPPED_RAW_ONLY,,46223
income_statement,OPERATE_PROFIT_BALANCE,UNMAPPED_RAW_ONLY,,46216
cash_flow,NETCASH_INVEST_YOY,UNMAPPED_RAW_ONLY,,46199
balance_sheet,INTANGIBLE_ASSET,MAPPED_EXACT_ALIAS,intangibles_net,46180
income_statement,CONTINUED_NETPROFIT,UNMAPPED_RAW_ONLY,,46166
income_statement,BASIC_EPS_YOY,UNMAPPED_RAW_ONLY,,46140
cash_flow,TOTAL_INVEST_OUTFLOW_YOY,UNMAPPED_RAW_ONLY,,46115
income_statement,OTHER_INCOME_YOY,UNMAPPED_RAW_ONLY,,46059
cash_flow,NETCASH_FINANCE,MAPPED_EXACT_ALIAS,cff,46046
cash_flow,FINANCE_NETCASH_BALANCE,UNMAPPED_RAW_ONLY,,46040
income_statement,INCOME_TAX,MAPPED_EXACT_ALIAS,tax_expense,46039
balance_sheet,TOTAL_ASSETS_YOY,UNMAPPED_RAW_ONLY,,46003
balance_sheet,TOTAL_PARENT_EQUITY_YOY,UNMAPPED_RAW_ONLY,,46001
cash_flow,CONSTRUCT_LONG_ASSET_YOY,UNMAPPED_RAW_ONLY,,45994
income_statement,DILUTED_EPS,MAPPED_EXACT_ALIAS,eps_diluted,45994
balance_sheet,TOTAL_LIABILITIES_YOY,UNMAPPED_RAW_ONLY,,45976
balance_sheet,MONETARYFUNDS,MAPPED_EXACT_ALIAS,cash_equivalents,45974
income_statement,PARENT_TCI_YOY,UNMAPPED_RAW_ONLY,,45968
balance_sheet,ACCOUNTS_PAYABLE,MAPPED_EXACT_ALIAS,accounts_payable,45936
cash_flow,TOTAL_FINANCE_OUTFLOW,UNMAPPED_RAW_ONLY,,45921
cash_flow,FINANCE_OUTFLOW_BALANCE,UNMAPPED_RAW_ONLY,,45912
balance_sheet,SHARE_CAPITAL_YOY,UNMAPPED_RAW_ONLY,,45846
balance_sheet,TOTAL_LIAB_EQUITY_YOY,UNMAPPED_RAW_ONLY,,45846
balance_sheet,TOTAL_EQUITY_YOY,UNMAPPED_RAW_ONLY,,45846
balance_sheet,FIXED_ASSET_YOY,UNMAPPED_RAW_ONLY,,45845
balance_sheet,UNASSIGN_RPOFIT_YOY,UNMAPPED_RAW_ONLY,,45844
balance_sheet,TAX_PAYABLE_YOY,UNMAPPED_RAW_ONLY,,45838
income_statement,TOTAL_OPERATE_INCOME,MAPPED_EXACT_ALIAS,revenue_total,45792
balance_sheet,STAFF_SALARY_PAYABLE_YOY,UNMAPPED_RAW_ONLY,,45745
income_statement,TOTAL_OPERATE_COST,MAPPED_EXACT_ALIAS,opex_total,45732
income_statement,MANAGE_EXPENSE,MAPPED_EXACT_ALIAS,general_admin,45731
balance_sheet,SURPLUS_RESERVE,UNMAPPED_RAW_ONLY,,45716
cash_flow,SALES_SERVICES,UNMAPPED_RAW_ONLY,,45715
income_statement,FINANCE_EXPENSE,MAPPED_EXACT_ALIAS,finance_expense,45707
cash_flow,BUY_SERVICES,UNMAPPED_RAW_ONLY,,45707
income_statement,OPERATE_COST,MAPPED_EXACT_ALIAS,cogs,45704
balance_sheet,CAPITAL_RESERVE_YOY,UNMAPPED_RAW_ONLY,,45699
income_statement,CONTINUED_NETPROFIT_YOY,UNMAPPED_RAW_ONLY,,45677
income_statement,NONBUSINESS_EXPENSE,UNMAPPED_RAW_ONLY,,45627
balance_sheet,INTANGIBLE_ASSET_YOY,UNMAPPED_RAW_ONLY,,45598
income_statement,TOTAL_OPERATE_INCOME_YOY,UNMAPPED_RAW_ONLY,,45504
balance_sheet,TOTAL_CURRENT_ASSETS,MAPPED_EXACT_ALIAS,total_current_assets,45479
balance_sheet,TOTAL_CURRENT_LIAB,MAPPED_EXACT_ALIAS,total_current_liabilities,45479
balance_sheet,TOTAL_NONCURRENT_ASSETS,UNMAPPED_RAW_ONLY,,45478
balance_sheet,CURRENT_ASSET_BALANCE,UNMAPPED_RAW_ONLY,,45474
balance_sheet,CURRENT_LIAB_BALANCE,UNMAPPED_RAW_ONLY,,45474
balance_sheet,NONCURRENT_ASSET_BALANCE,UNMAPPED_RAW_ONLY,,45474
balance_sheet,NOTE_ACCOUNTS_PAYABLE,UNMAPPED_RAW_ONLY,,45472
income_statement,INCOME_TAX_YOY,UNMAPPED_RAW_ONLY,,45466
balance_sheet,TOTAL_OTHER_RECE,UNMAPPED_RAW_ONLY,,45455
income_statement,DILUTED_EPS_YOY,UNMAPPED_RAW_ONLY,,45450
balance_sheet,TOTAL_OTHER_PAYABLE,UNMAPPED_RAW_ONLY,,45446
balance_sheet,MONETARYFUNDS_YOY,UNMAPPED_RAW_ONLY,,45439
balance_sheet,ACCOUNTS_RECE,MAPPED_EXACT_ALIAS,accounts_receivable,45423
balance_sheet,TOTAL_NONCURRENT_LIAB,UNMAPPED_RAW_ONLY,,45413
balance_sheet,NONCURRENT_LIAB_BALANCE,UNMAPPED_RAW_ONLY,,45409
balance_sheet,PREPAYMENT,UNMAPPED_RAW_ONLY,,45405
balance_sheet,ACCOUNTS_PAYABLE_YOY,UNMAPPED_RAW_ONLY,,45387
balance_sheet,NOTE_ACCOUNTS_RECE,UNMAPPED_RAW_ONLY,,45385
income_statement,TOTAL_OPERATE_COST_YOY,UNMAPPED_RAW_ONLY,,45381
income_statement,MANAGE_EXPENSE_YOY,UNMAPPED_RAW_ONLY,,45379
cash_flow,SALES_SERVICES_YOY,UNMAPPED_RAW_ONLY,,45356
income_statement,FINANCE_EXPENSE_YOY,UNMAPPED_RAW_ONLY,,45355
cash_flow,BUY_SERVICES_YOY,UNMAPPED_RAW_ONLY,,45349
income_statement,OPERATE_COST_YOY,UNMAPPED_RAW_ONLY,,45342
balance_sheet,DEFER_TAX_ASSET,UNMAPPED_RAW_ONLY,,45287
cash_flow,NETCASH_FINANCE_YOY,UNMAPPED_RAW_ONLY,,45271
balance_sheet,OTHER_CURRENT_ASSET,UNMAPPED_RAW_ONLY,,45181
balance_sheet,CONTRACT_LIAB,UNMAPPED_RAW_ONLY,,45156
income_statement,NONBUSINESS_INCOME,UNMAPPED_RAW_ONLY,,45150
income_statement,SALE_EXPENSE,MAPPED_EXACT_ALIAS,sales_marketing,45140
balance_sheet,SURPLUS_RESERVE_YOY,UNMAPPED_RAW_ONLY,,45130
cash_flow,TOTAL_FINANCE_OUTFLOW_YOY,UNMAPPED_RAW_ONLY,,45066
balance_sheet,INVENTORY,MAPPED_EXACT_ALIAS,inventory,45027
income_statement,CREDIT_IMPAIRMENT_INCOME,UNMAPPED_RAW_ONLY,,45017
balance_sheet,TOTAL_CURRENT_LIAB_YOY,UNMAPPED_RAW_ONLY,,44950
balance_sheet,TOTAL_NONCURRENT_ASSETS_YOY,UNMAPPED_RAW_ONLY,,44950
balance_sheet,TOTAL_CURRENT_ASSETS_YOY,UNMAPPED_RAW_ONLY,,44950
balance_sheet,NOTE_ACCOUNTS_PAYABLE_YOY,UNMAPPED_RAW_ONLY,,44935
balance_sheet,TOTAL_OTHER_RECE_YOY,UNMAPPED_RAW_ONLY,,44905
balance_sheet,TOTAL_OTHER_PAYABLE_YOY,UNMAPPED_RAW_ONLY,,44885
balance_sheet,ACCOUNTS_RECE_YOY,UNMAPPED_RAW_ONLY,,44835
balance_sheet,PREPAYMENT_YOY,UNMAPPED_RAW_ONLY,,44830
balance_sheet,TOTAL_NONCURRENT_LIAB_YOY,UNMAPPED_RAW_ONLY,,44829
income_statement,FE_INTEREST_INCOME,UNMAPPED_RAW_ONLY,,44816
balance_sheet,NOTE_ACCOUNTS_RECE_YOY,UNMAPPED_RAW_ONLY,,44807
income_statement,SALE_EXPENSE_YOY,UNMAPPED_RAW_ONLY,,44727
cash_flow,TOTAL_INVEST_INFLOW,UNMAPPED_RAW_ONLY,,44699
cash_flow,INVEST_INFLOW_BALANCE,UNMAPPED_RAW_ONLY,,44696
balance_sheet,DEFER_TAX_ASSET_YOY,UNMAPPED_RAW_ONLY,,44477
balance_sheet,CONTRACT_LIAB_YOY,UNMAPPED_RAW_ONLY,,44432
income_statement,NONBUSINESS_EXPENSE_YOY,UNMAPPED_RAW_ONLY,,44391
balance_sheet,INVENTORY_YOY,UNMAPPED_RAW_ONLY,,44377
balance_sheet,OTHER_CURRENT_ASSET_YOY,UNMAPPED_RAW_ONLY,,44363
income_statement,CREDIT_IMPAIRMENT_INCOME_YOY,UNMAPPED_RAW_ONLY,,44334
income_statement,FE_INTEREST_INCOME_YOY,UNMAPPED_RAW_ONLY,,44322
income_statement,NONBUSINESS_INCOME_YOY,UNMAPPED_RAW_ONLY,,43812
income_statement,INVEST_INCOME,UNMAPPED_RAW_ONLY,,43739
balance_sheet,OTHER_CURRENT_LIAB,UNMAPPED_RAW_ONLY,,43527
income_statement,RESEARCH_EXPENSE,MAPPED_EXACT_ALIAS,research_development,43526
income_statement,FE_INTEREST_EXPENSE,UNMAPPED_RAW_ONLY,,43328
cash_flow,ASSIGN_DIVIDEND_PORFIT,MAPPED_EXACT_ALIAS,distribution_profit_interest_cash_paid,43114
income_statement,RESEARCH_EXPENSE_YOY,UNMAPPED_RAW_ONLY,,42814
cash_flow,TOTAL_INVEST_INFLOW_YOY,UNMAPPED_RAW_ONLY,,42776
balance_sheet,NONCURRENT_LIAB_1YEAR,UNMAPPED_RAW_ONLY,,42722
balance_sheet,USERIGHT_ASSET,UNMAPPED_RAW_ONLY,,42301
balance_sheet,OTHER_CURRENT_LIAB_YOY,UNMAPPED_RAW_ONLY,,42299
income_statement,FE_INTEREST_EXPENSE_YOY,UNMAPPED_RAW_ONLY,,42185
cash_flow,PAY_OTHER_FINANCE,UNMAPPED_RAW_ONLY,,41797
income_statement,INVEST_INCOME_YOY,UNMAPPED_RAW_ONLY,,41714
balance_sheet,LONG_PREPAID_EXPENSE,UNMAPPED_RAW_ONLY,,41372
cash_flow,ASSIGN_DIVIDEND_PORFIT_YOY,UNMAPPED_RAW_ONLY,,41316
balance_sheet,OTHER_NONCURRENT_ASSET,UNMAPPED_RAW_ONLY,,41060
balance_sheet,NONCURRENT_LIAB_1YEAR_YOY,UNMAPPED_RAW_ONLY,,41012
balance_sheet,USERIGHT_ASSET_YOY,UNMAPPED_RAW_ONLY,,40716
cash_flow,FINANCE_INFLOW_BALANCE,UNMAPPED_RAW_ONLY,,40628
cash_flow,TOTAL_FINANCE_INFLOW,UNMAPPED_RAW_ONLY,,40620
balance_sheet,CIP,UNMAPPED_RAW_ONLY,,40445
balance_sheet,LEASE_LIAB,UNMAPPED_RAW_ONLY,,40026
balance_sheet,DEFER_INCOME,UNMAPPED_RAW_ONLY,,39809
balance_sheet,LONG_PREPAID_EXPENSE_YOY,UNMAPPED_RAW_ONLY,,39779
balance_sheet,OTHER_NONCURRENT_ASSET_YOY,UNMAPPED_RAW_ONLY,,38856
cash_flow,PAY_OTHER_FINANCE_YOY,UNMAPPED_RAW_ONLY,,38825
income_statement,ASSET_IMPAIRMENT_INCOME,UNMAPPED_RAW_ONLY,,38716
balance_sheet,CIP_YOY,UNMAPPED_RAW_ONLY,,38615
balance_sheet,DEFER_TAX_LIAB,UNMAPPED_RAW_ONLY,,38356
balance_sheet,DEFER_INCOME_YOY,UNMAPPED_RAW_ONLY,,38233
income_statement,MINORITY_TCI,UNMAPPED_RAW_ONLY,,37824
income_statement,MINORITY_INTEREST,UNMAPPED_RAW_ONLY,,37813
income_statement,ASSET_DISPOSAL_INCOME,UNMAPPED_RAW_ONLY,,37767
cash_flow,RATE_CHANGE_EFFECT,MAPPED_EXACT_ALIAS,fx_cash_effect,37733
balance_sheet,MINORITY_EQUITY,UNMAPPED_RAW_ONLY,,37529
cash_flow,TOTAL_FINANCE_INFLOW_YOY,UNMAPPED_RAW_ONLY,,37379
cash_flow,DISPOSAL_LONG_ASSET,UNMAPPED_RAW_ONLY,,37358
balance_sheet,LEASE_LIAB_YOY,UNMAPPED_RAW_ONLY,,37342
cash_flow,PAY_DEBT_CASH,UNMAPPED_RAW_ONLY,,37224
cash_flow,RECEIVE_TAX_REFUND,UNMAPPED_RAW_ONLY,,37076
balance_sheet,SHORT_LOAN,MAPPED_EXACT_ALIAS,short_term_debt,36252
cash_flow,RECEIVE_LOAN_CASH,UNMAPPED_RAW_ONLY,,36178
income_statement,MINORITY_INTEREST_YOY,UNMAPPED_RAW_ONLY,,35952
cash_flow,RATE_CHANGE_EFFECT_YOY,UNMAPPED_RAW_ONLY,,35947
income_statement,MINORITY_TCI_YOY,UNMAPPED_RAW_ONLY,,35929
income_statement,ASSET_IMPAIRMENT_INCOME_YOY,UNMAPPED_RAW_ONLY,,35821
balance_sheet,DEFER_TAX_LIAB_YOY,UNMAPPED_RAW_ONLY,,35784
balance_sheet,MINORITY_EQUITY_YOY,UNMAPPED_RAW_ONLY,,35490
cash_flow,RECEIVE_INVEST_INCOME,UNMAPPED_RAW_ONLY,,34521
balance_sheet,OTHER_COMPRE_INCOME,UNMAPPED_RAW_ONLY,,34386
cash_flow,RECEIVE_TAX_REFUND_YOY,UNMAPPED_RAW_ONLY,,34355
cash_flow,PAY_DEBT_CASH_YOY,UNMAPPED_RAW_ONLY,,33924
balance_sheet,NOTE_RECE,UNMAPPED_RAW_ONLY,,33874
balance_sheet,SHORT_LOAN_YOY,UNMAPPED_RAW_ONLY,,33033
cash_flow,INVEST_PAY_CASH,UNMAPPED_RAW_ONLY,,32751
cash_flow,RECEIVE_LOAN_CASH_YOY,UNMAPPED_RAW_ONLY,,32684
income_statement,ASSET_DISPOSAL_INCOME_YOY,UNMAPPED_RAW_ONLY,,32579
cash_flow,DISPOSAL_LONG_ASSET_YOY,UNMAPPED_RAW_ONLY,,32339
balance_sheet,LONG_EQUITY_INVEST,UNMAPPED_RAW_ONLY,,32241
balance_sheet,FINANCE_RECE,UNMAPPED_RAW_ONLY,,31964
balance_sheet,OTHER_COMPRE_INCOME_YOY,UNMAPPED_RAW_ONLY,,31933
balance_sheet,NOTE_PAYABLE,UNMAPPED_RAW_ONLY,,31654
cash_flow,WITHDRAW_INVEST,UNMAPPED_RAW_ONLY,,31028
balance_sheet,NOTE_RECE_YOY,UNMAPPED_RAW_ONLY,,30403
income_statement,OTHER_COMPRE_INCOME,UNMAPPED_RAW_ONLY,,30289
income_statement,PARENT_OCI,UNMAPPED_RAW_ONLY,,30241
balance_sheet,TRADE_FINASSET_NOTFVTPL,UNMAPPED_RAW_ONLY,,30209
income_statement,FAIRVALUE_CHANGE_INCOME,UNMAPPED_RAW_ONLY,,30039
balance_sheet,LONG_EQUITY_INVEST_YOY,UNMAPPED_RAW_ONLY,,29887
cash_flow,RECEIVE_INVEST_INCOME_YOY,UNMAPPED_RAW_ONLY,,29773
balance_sheet,FINANCE_RECE_YOY,UNMAPPED_RAW_ONLY,,29132
income_statement,INVEST_JOINT_INCOME,UNMAPPED_RAW_ONLY,,28760
balance_sheet,NOTE_PAYABLE_YOY,UNMAPPED_RAW_ONLY,,28664
balance_sheet,LONG_LOAN,MAPPED_EXACT_ALIAS,long_term_debt,28160
income_statement,OTHER_COMPRE_INCOME_YOY,UNMAPPED_RAW_ONLY,,27682
income_statement,PARENT_OCI_YOY,UNMAPPED_RAW_ONLY,,27664
cash_flow,INVEST_PAY_CASH_YOY,UNMAPPED_RAW_ONLY,,27243
income_statement,ABLE_OCI,UNMAPPED_RAW_ONLY,,27031
income_statement,INVEST_JOINT_INCOME_YOY,UNMAPPED_RAW_ONLY,,26471
income_statement,FAIRVALUE_CHANGE_INCOME_YOY,UNMAPPED_RAW_ONLY,,25708
balance_sheet,TRADE_FINASSET_NOTFVTPL_YOY,UNMAPPED_RAW_ONLY,,25545
cash_flow,WITHDRAW_INVEST_YOY,UNMAPPED_RAW_ONLY,,25414
income_statement,CONVERT_DIFF,UNMAPPED_RAW_ONLY,,24900
income_statement,ABLE_OCI_YOY,UNMAPPED_RAW_ONLY,,24661
balance_sheet,LONG_LOAN_YOY,UNMAPPED_RAW_ONLY,,24427
balance_sheet,INVEST_REALESTATE,UNMAPPED_RAW_ONLY,,24338
balance_sheet,GOODWILL,MAPPED_EXACT_ALIAS,goodwill,23356
balance_sheet,OTHER_EQUITY_INVEST,UNMAPPED_RAW_ONLY,,23337
income_statement,CONVERT_DIFF_YOY,UNMAPPED_RAW_ONLY,,22697
balance_sheet,INVEST_REALESTATE_YOY,UNMAPPED_RAW_ONLY,,22312
balance_sheet,GOODWILL_YOY,UNMAPPED_RAW_ONLY,,21385
balance_sheet,TREASURY_SHARES,UNMAPPED_RAW_ONLY,,21265
balance_sheet,OTHER_EQUITY_INVEST_YOY,UNMAPPED_RAW_ONLY,,21163
cash_flow,RECEIVE_OTHER_FINANCE,UNMAPPED_RAW_ONLY,,20859
cash_flow,NETPROFIT,UNMAPPED_RAW_ONLY,,20858
cash_flow,OPERATE_RECE_REDUCE,UNMAPPED_RAW_ONLY,,20856
cash_flow,OPERATE_PAYABLE_ADD,UNMAPPED_RAW_ONLY,,20856
cash_flow,FA_IR_DEPR,UNMAPPED_RAW_ONLY,,20825
cash_flow,BEGIN_CASH,MAPPED_EXACT_ALIAS,beginning_cash_balance,20777
cash_flow,END_CASH,MAPPED_EXACT_ALIAS,ending_cash_balance,20773
cash_flow,NETPROFIT_YOY,UNMAPPED_RAW_ONLY,,20700
cash_flow,OPERATE_PAYABLE_ADD_YOY,UNMAPPED_RAW_ONLY,,20698
cash_flow,OPERATE_RECE_REDUCE_YOY,UNMAPPED_RAW_ONLY,,20698
cash_flow,FA_IR_DEPR_YOY,UNMAPPED_RAW_ONLY,,20663
cash_flow,IA_AMORTIZE,UNMAPPED_RAW_ONLY,,20651
cash_flow,BEGIN_CASH_YOY,UNMAPPED_RAW_ONLY,,20606
cash_flow,END_CASH_YOY,UNMAPPED_RAW_ONLY,,20606
cash_flow,DEFER_TAX,UNMAPPED_RAW_ONLY,,20546
cash_flow,NETCASH_OPERATENOTE,UNMAPPED_RAW_ONLY,,20460
cash_flow,CCE_ADDNOTE,UNMAPPED_RAW_ONLY,,20460
cash_flow,OPERATE_NETCASH_BALANCENOTE,UNMAPPED_RAW_ONLY,,20460
cash_flow,IA_AMORTIZE_YOY,UNMAPPED_RAW_ONLY,,20459
cash_flow,OILGAS_BIOLOGY_DEPR,UNMAPPED_RAW_ONLY,,20364
cash_flow,FINANCE_EXPENSE,UNMAPPED_RAW_ONLY,,20313
cash_flow,CCE_ADDNOTE_YOY,UNMAPPED_RAW_ONLY,,20302
cash_flow,NETCASH_OPERATENOTE_YOY,UNMAPPED_RAW_ONLY,,20302
cash_flow,INVENTORY_REDUCE,UNMAPPED_RAW_ONLY,,20299
cash_flow,DEFER_TAX_YOY,UNMAPPED_RAW_ONLY,,20207
cash_flow,OILGAS_BIOLOGY_DEPR_YOY,UNMAPPED_RAW_ONLY,,20181
cash_flow,DT_ASSET_REDUCE,UNMAPPED_RAW_ONLY,,20111
cash_flow,INVENTORY_REDUCE_YOY,UNMAPPED_RAW_ONLY,,20088
cash_flow,FINANCE_EXPENSE_YOY,UNMAPPED_RAW_ONLY,,20062
balance_sheet,PREDICT_LIAB,UNMAPPED_RAW_ONLY,,20012
cash_flow,DT_ASSET_REDUCE_YOY,UNMAPPED_RAW_ONLY,,19776
cash_flow,INVEST_LOSS,UNMAPPED_RAW_ONLY,,19703
cash_flow,ASSET_IMPAIRMENT,UNMAPPED_RAW_ONLY,,19295
cash_flow,RECEIVE_OTHER_INVEST,UNMAPPED_RAW_ONLY,,19043
cash_flow,LPE_AMORTIZE,UNMAPPED_RAW_ONLY,,18966
cash_flow,INVEST_LOSS_YOY,UNMAPPED_RAW_ONLY,,18886
cash_flow,ASSET_IMPAIRMENT_YOY,UNMAPPED_RAW_ONLY,,18655
balance_sheet,CONTRACT_ASSET,UNMAPPED_RAW_ONLY,,18461
cash_flow,LPE_AMORTIZE_YOY,UNMAPPED_RAW_ONLY,,18345
cash_flow,USERIGHT_ASSET_AMORTIZE,UNMAPPED_RAW_ONLY,,18344
cash_flow,DISPOSAL_LONGASSET_LOSS,UNMAPPED_RAW_ONLY,,18344
balance_sheet,OTHER_NONCURRENT_FINASSET,UNMAPPED_RAW_ONLY,,18319
cash_flow,PAY_OTHER_INVEST,UNMAPPED_RAW_ONLY,,18086
cash_flow,USERIGHT_ASSET_AMORTIZE_YOY,UNMAPPED_RAW_ONLY,,17700
cash_flow,DT_LIAB_ADD,UNMAPPED_RAW_ONLY,,17403
cash_flow,ACCEPT_INVEST_CASH,UNMAPPED_RAW_ONLY,,17252
cash_flow,DISPOSAL_LONGASSET_LOSS_YOY,UNMAPPED_RAW_ONLY,,16592
balance_sheet,ADVANCE_RECEIVABLES,UNMAPPED_RAW_ONLY,,16554
balance_sheet,PREDICT_LIAB_YOY,UNMAPPED_RAW_ONLY,,16377
cash_flow,DT_LIAB_ADD_YOY,UNMAPPED_RAW_ONLY,,16249
balance_sheet,CONTRACT_ASSET_YOY,UNMAPPED_RAW_ONLY,,16224
cash_flow,FA_SCRAP_LOSS,UNMAPPED_RAW_ONLY,,16011
balance_sheet,OTHER_NONCURRENT_FINASSET_YOY,UNMAPPED_RAW_ONLY,,16010
balance_sheet,SPECIAL_RESERVE,UNMAPPED_RAW_ONLY,,15790
balance_sheet,TREASURY_SHARES_YOY,UNMAPPED_RAW_ONLY,,15636
balance_sheet,LONG_PAYABLE,UNMAPPED_RAW_ONLY,,14871
cash_flow,RECEIVE_OTHER_FINANCE_YOY,UNMAPPED_RAW_ONLY,,14674
cash_flow,FAIRVALUE_CHANGE_LOSS,UNMAPPED_RAW_ONLY,,14325
cash_flow,FA_SCRAP_LOSS_YOY,UNMAPPED_RAW_ONLY,,14177
balance_sheet,SPECIAL_RESERVE_YOY,UNMAPPED_RAW_ONLY,,13664
cash_flow,RECEIVE_OTHER_INVEST_YOY,UNMAPPED_RAW_ONLY,,13568
balance_sheet,ADVANCE_RECEIVABLES_YOY,UNMAPPED_RAW_ONLY,,13087
balance_sheet,NONCURRENT_ASSET_1YEAR,UNMAPPED_RAW_ONLY,,12939
balance_sheet,DIVIDEND_PAYABLE,UNMAPPED_RAW_ONLY,,12935
cash_flow,PAY_OTHER_INVEST_YOY,UNMAPPED_RAW_ONLY,,12350
cash_flow,FAIRVALUE_CHANGE_LOSS_YOY,UNMAPPED_RAW_ONLY,,12294
income_statement,UNABLE_OCI,UNMAPPED_RAW_ONLY,,12238
balance_sheet,LONG_PAYABLE_YOY,UNMAPPED_RAW_ONLY,,11951
cash_flow,SUBSIDIARY_ACCEPT_INVEST,UNMAPPED_RAW_ONLY,,11089
income_statement,OTHERRIGHT_FAIRVALUE_CHANGE,UNMAPPED_RAW_ONLY,,10901
balance_sheet,LONG_RECE,UNMAPPED_RAW_ONLY,,10733
cash_flow,SUBSIDIARY_PAY_DIVIDEND,UNMAPPED_RAW_ONLY,,10709
income_statement,MINORITY_OCI,UNMAPPED_RAW_ONLY,,10690
cash_flow,OTHER,UNMAPPED_RAW_ONLY,,10517
cash_flow,ACCEPT_INVEST_CASH_YOY,UNMAPPED_RAW_ONLY,,9955
balance_sheet,DIVIDEND_PAYABLE_YOY,UNMAPPED_RAW_ONLY,,9737
balance_sheet,DEVELOP_EXPENSE,UNMAPPED_RAW_ONLY,,9602
income_statement,UNABLE_OCI_YOY,UNMAPPED_RAW_ONLY,,9599
cash_flow,OTHER_YOY,UNMAPPED_RAW_ONLY,,8951
income_statement,MINORITY_OCI_YOY,UNMAPPED_RAW_ONLY,,8720
income_statement,OTHERRIGHT_FAIRVALUE_CHANGE_YOY,UNMAPPED_RAW_ONLY,,8648
balance_sheet,NONCURRENT_ASSET_1YEAR_YOY,UNMAPPED_RAW_ONLY,,8619
balance_sheet,BOND_PAYABLE,MAPPED_EXACT_ALIAS,bonds_payable,8302
balance_sheet,LONG_RECE_YOY,UNMAPPED_RAW_ONLY,,8271
balance_sheet,OTHER_NONCURRENT_LIAB,UNMAPPED_RAW_ONLY,,8157
balance_sheet,DEVELOP_EXPENSE_YOY,UNMAPPED_RAW_ONLY,,7501
cash_flow,SUBSIDIARY_PAY_DIVIDEND_YOY,UNMAPPED_RAW_ONLY,,7013
balance_sheet,OTHER_EQUITY_TOOL,UNMAPPED_RAW_ONLY,,6756
balance_sheet,LONG_STAFFSALARY_PAYABLE,UNMAPPED_RAW_ONLY,,6716
cash_flow,DISPOSAL_SUBSIDIARY_OTHER,UNMAPPED_RAW_ONLY,,6697
cash_flow,OBTAIN_SUBSIDIARY_OTHER,UNMAPPED_RAW_ONLY,,6448
balance_sheet,BOND_PAYABLE_YOY,UNMAPPED_RAW_ONLY,,6283
cash_flow,SUBSIDIARY_ACCEPT_INVEST_YOY,UNMAPPED_RAW_ONLY,,5821
balance_sheet,OTHER_NONCURRENT_LIAB_YOY,UNMAPPED_RAW_ONLY,,5807
balance_sheet,TRADE_FINLIAB_NOTFVTPL,UNMAPPED_RAW_ONLY,,5432
balance_sheet,LONG_STAFFSALARY_PAYABLE_YOY,UNMAPPED_RAW_ONLY,,5270
balance_sheet,DIVIDEND_RECE,UNMAPPED_RAW_ONLY,,5256
balance_sheet,OTHER_EQUITY_TOOL_YOY,UNMAPPED_RAW_ONLY,,4890
income_statement,RIGHTLAW_ABLE_OCI,UNMAPPED_RAW_ONLY,,4887
balance_sheet,CREDITOR_INVEST,UNMAPPED_RAW_ONLY,,4567
balance_sheet,DERIVE_FINLIAB,UNMAPPED_RAW_ONLY,,4481
balance_sheet,DERIVE_FINASSET,UNMAPPED_RAW_ONLY,,4480
balance_sheet,INTEREST_PAYABLE,UNMAPPED_RAW_ONLY,,4178
income_statement,ACF_END_INCOME,UNMAPPED_RAW_ONLY,,3694
balance_sheet,INTEREST_RECE,UNMAPPED_RAW_ONLY,,3477
income_statement,RIGHTLAW_ABLE_OCI_YOY,UNMAPPED_RAW_ONLY,,3467
balance_sheet,OTHER_CREDITOR_INVEST,UNMAPPED_RAW_ONLY,,2971
balance_sheet,TRADE_FINLIAB_NOTFVTPL_YOY,UNMAPPED_RAW_ONLY,,2947
balance_sheet,GENERAL_RISK_RESERVE,UNMAPPED_RAW_ONLY,,2905
balance_sheet,CREDITOR_INVEST_YOY,UNMAPPED_RAW_ONLY,,2805
income_statement,CASHFLOW_HEDGE_VALID,UNMAPPED_RAW_ONLY,,2804
balance_sheet,DIVIDEND_RECE_YOY,UNMAPPED_RAW_ONLY,,2728
cash_flow,RECEIVE_INTEREST_COMMISSION,UNMAPPED_RAW_ONLY,,2646
balance_sheet,HOLDSALE_ASSET,UNMAPPED_RAW_ONLY,,2627
balance_sheet,PRODUCTIVE_BIOLOGY_ASSET,UNMAPPED_RAW_ONLY,,2618
income_statement,CREDITOR_FAIRVALUE_CHANGE,UNMAPPED_RAW_ONLY,,2465
cash_flow,PAY_INTEREST_COMMISSION,UNMAPPED_RAW_ONLY,,2410
income_statement,RIGHTLAW_UNABLE_OCI,UNMAPPED_RAW_ONLY,,2365
balance_sheet,DERIVE_FINASSET_YOY,UNMAPPED_RAW_ONLY,,2312
balance_sheet,DERIVE_FINLIAB_YOY,UNMAPPED_RAW_ONLY,,2311
balance_sheet,PERPETUAL_BOND,UNMAPPED_RAW_ONLY,,2263
cash_flow,OBTAIN_SUBSIDIARY_OTHER_YOY,UNMAPPED_RAW_ONLY,,2154
cash_flow,DISPOSAL_SUBSIDIARY_OTHER_YOY,UNMAPPED_RAW_ONLY,,2103
income_statement,EXCHANGE_INCOME,UNMAPPED_RAW_ONLY,,2086
balance_sheet,INTEREST_PAYABLE_YOY,UNMAPPED_RAW_ONLY,,2063
income_statement,CREDITOR_IMPAIRMENT_RESERVE,UNMAPPED_RAW_ONLY,,2061
balance_sheet,BUY_RESALE_FINASSET,UNMAPPED_RAW_ONLY,,2019
cash_flow,LOAN_ADVANCE_ADD,UNMAPPED_RAW_ONLY,,2016
income_statement,SETUP_PROFIT_CHANGE,UNMAPPED_RAW_ONLY,,1988
income_statement,ACF_END_INCOME_YOY,UNMAPPED_RAW_ONLY,,1987
balance_sheet,SELL_REPO_FINASSET,UNMAPPED_RAW_ONLY,,1966
cash_flow,UNINVOLVE_INVESTFIN_OTHER,UNMAPPED_RAW_ONLY,,1940
income_statement,INTEREST_INCOME,MAPPED_EXACT_ALIAS,interest_income,1937
balance_sheet,BORROW_FUND,UNMAPPED_RAW_ONLY,,1921
income_statement,ABLE_OCI_OTHER,UNMAPPED_RAW_ONLY,,1828
balance_sheet,LOAN_ADVANCE,MAPPED_EXACT_ALIAS,loans_advances,1805
income_statement,DISCONTINUED_NETPROFIT,UNMAPPED_RAW_ONLY,,1796
cash_flow,OPERATE_OUTFLOW_OTHER,UNMAPPED_RAW_ONLY,,1731
balance_sheet,GENERAL_RISK_RESERVE_YOY,UNMAPPED_RAW_ONLY,,1724
income_statement,INTEREST_EXPENSE,MAPPED_EXACT_ALIAS,interest_expense,1712
cash_flow,OPERATE_INFLOW_OTHER,UNMAPPED_RAW_ONLY,,1693
income_statement,CASHFLOW_HEDGE_VALID_YOY,UNMAPPED_RAW_ONLY,,1640
cash_flow,RECEIVE_INTEREST_COMMISSION_YOY,UNMAPPED_RAW_ONLY,,1626
income_statement,FEE_COMMISSION_EXPENSE,UNMAPPED_RAW_ONLY,,1617
balance_sheet,SETTLE_EXCESS_RESERVE,UNMAPPED_RAW_ONLY,,1581
income_statement,FEE_COMMISSION_INCOME,UNMAPPED_RAW_ONLY,,1577
balance_sheet,AGENT_TRADE_SECURITY,UNMAPPED_RAW_ONLY,,1521
cash_flow,BORROW_FUND_ADD,UNMAPPED_RAW_ONLY,,1518
income_statement,CREDITOR_FAIRVALUE_CHANGE_YOY,UNMAPPED_RAW_ONLY,,1517
balance_sheet,LEND_FUND,UNMAPPED_RAW_ONLY,,1486
balance_sheet,OTHER_CREDITOR_INVEST_YOY,UNMAPPED_RAW_ONLY,,1467
balance_sheet,INTEREST_RECE_YOY,UNMAPPED_RAW_ONLY,,1450
balance_sheet,HOLDSALE_LIAB,UNMAPPED_RAW_ONLY,,1445
cash_flow,UNINVOLVE_INVESTFIN_OTHER_YOY,UNMAPPED_RAW_ONLY,,1441
balance_sheet,LOAN_PBC,UNMAPPED_RAW_ONLY,,1433
cash_flow,REPO_BUSINESS_ADD,UNMAPPED_RAW_ONLY,,1410
balance_sheet,OIL_GAS_ASSET,UNMAPPED_RAW_ONLY,,1391
cash_flow,PAY_INTEREST_COMMISSION_YOY,UNMAPPED_RAW_ONLY,,1357
balance_sheet,PRODUCTIVE_BIOLOGY_ASSET_YOY,UNMAPPED_RAW_ONLY,,1341
balance_sheet,PREFERRED_SHARES,UNMAPPED_RAW_ONLY,,1309
cash_flow,DEPOSIT_INTERBANK_ADD,UNMAPPED_RAW_ONLY,,1282
cash_flow,PLEDGE_LOAN_ADD,UNMAPPED_RAW_ONLY,,1278
cash_flow,LOAN_PBC_ADD,UNMAPPED_RAW_ONLY,,1277
balance_sheet,ACCEPT_DEPOSIT_INTERBANK,UNMAPPED_RAW_ONLY,,1262
cash_flow,PBC_INTERBANK_ADD,UNMAPPED_RAW_ONLY,,1231
cash_flow,ISSUE_BOND,UNMAPPED_RAW_ONLY,,1228
balance_sheet,PREFERRED_SHARES_PAYBALE,UNMAPPED_RAW_ONLY,,1162
balance_sheet,PERPETUAL_BOND_PAYBALE,UNMAPPED_RAW_ONLY,,1128
income_statement,INTEREST_INCOME_YOY,UNMAPPED_RAW_ONLY,,1124
income_statement,CREDITOR_IMPAIRMENT_RESERVE_YOY,UNMAPPED_RAW_ONLY,,1117
income_statement,NET_EXPOSURE_INCOME,UNMAPPED_RAW_ONLY,,1105
balance_sheet,AGENT_UNDERWRITE_SECURITY,UNMAPPED_RAW_ONLY,,1103
income_statement,EXCHANGE_INCOME_YOY,UNMAPPED_RAW_ONLY,,1102
income_statement,RIGHTLAW_UNABLE_OCI_YOY,UNMAPPED_RAW_ONLY,,1091
cash_flow,OFI_BF_ADD,UNMAPPED_RAW_ONLY,,1076
cash_flow,RECEIVE_ORIGIC_PREMIUM,UNMAPPED_RAW_ONLY,,1073
balance_sheet,PERPETUAL_BOND_YOY,UNMAPPED_RAW_ONLY,,1056
cash_flow,PAY_ORIGIC_COMPENSATE,UNMAPPED_RAW_ONLY,,1054
income_statement,FINANCE_OCI_AMT,UNMAPPED_RAW_ONLY,,1053
cash_flow,PAY_POLICY_BONUS,UNMAPPED_RAW_ONLY,,1046
balance_sheet,FEE_COMMISSION_PAYABLE,UNMAPPED_RAW_ONLY,,1046
cash_flow,RECEIVE_REINSURE_NET,UNMAPPED_RAW_ONLY,,1046
cash_flow,ISSUE_BOND_YOY,UNMAPPED_RAW_ONLY,,1040
cash_flow,INSURED_INVEST_ADD,UNMAPPED_RAW_ONLY,,1024
balance_sheet,PREMIUM_RECE,UNMAPPED_RAW_ONLY,,1022
balance_sheet,BUY_RESALE_FINASSET_YOY,UNMAPPED_RAW_ONLY,,1013
balance_sheet,REINSURE_RECE,UNMAPPED_RAW_ONLY,,1006
balance_sheet,RC_RESERVE_RECE,UNMAPPED_RAW_ONLY,,1003
balance_sheet,REINSURE_PAYABLE,UNMAPPED_RAW_ONLY,,991
income_statement,UNABLE_OCI_OTHER,UNMAPPED_RAW_ONLY,,973
income_statement,SETUP_PROFIT_CHANGE_YOY,UNMAPPED_RAW_ONLY,,966
income_statement,EARNED_PREMIUM,UNMAPPED_RAW_ONLY,,963
income_statement,NET_CONTRACT_RESERVE,UNMAPPED_RAW_ONLY,,946
balance_sheet,SELL_REPO_FINASSET_YOY,UNMAPPED_RAW_ONLY,,946
cash_flow,LOAN_ADVANCE_ADD_YOY,UNMAPPED_RAW_ONLY,,926
cash_flow,OPERATE_NETCASH_OTHERNOTE,UNMAPPED_RAW_ONLY,,925
balance_sheet,LOAN_ADVANCE_YOY,UNMAPPED_RAW_ONLY,,912
income_statement,CREDIT_IMPAIRMENT_LOSS,UNMAPPED_RAW_ONLY,,900
income_statement,OPERATE_EXPENSE,UNMAPPED_RAW_ONLY,,891
income_statement,OPERATE_EXPENSE_YOY,UNMAPPED_RAW_ONLY,,891
balance_sheet,INSURANCE_CONTRACT_RESERVE,UNMAPPED_RAW_ONLY,,890
income_statement,CREDITRISK_FAIRVALUE_CHANGE,UNMAPPED_RAW_ONLY,,889
income_statement,CREDIT_IMPAIRMENT_LOSS_YOY,UNMAPPED_RAW_ONLY,,887
income_statement,OTHER_BUSINESS_INCOME,UNMAPPED_RAW_ONLY,,884
balance_sheet,BORROW_FUND_YOY,UNMAPPED_RAW_ONLY,,883
income_statement,NET_COMPENSATE_EXPENSE,UNMAPPED_RAW_ONLY,,879
income_statement,REINSURE_EXPENSE,UNMAPPED_RAW_ONLY,,879
income_statement,BUSINESS_MANAGE_EXPENSE,UNMAPPED_RAW_ONLY,,877
income_statement,OTHER_BUSINESS_INCOME_YOY,UNMAPPED_RAW_ONLY,,877
income_statement,BUSINESS_MANAGE_EXPENSE_YOY,UNMAPPED_RAW_ONLY,,875
income_statement,POLICY_BONUS_EXPENSE,UNMAPPED_RAW_ONLY,,872
cash_flow,BEGIN_CASH_EQUIVALENTS,UNMAPPED_RAW_ONLY,,868
income_statement,OPERATE_INCOME_BALANCE,UNMAPPED_RAW_ONLY,,868
balance_sheet,OTHER_ASSET,UNMAPPED_RAW_ONLY,,867
income_statement,SURRENDER_VALUE,UNMAPPED_RAW_ONLY,,866
balance_sheet,OTHER_ASSET_YOY,UNMAPPED_RAW_ONLY,,865
balance_sheet,OTHER_LIAB,UNMAPPED_RAW_ONLY,,860
cash_flow,END_CASH_EQUIVALENTS,UNMAPPED_RAW_ONLY,,857
balance_sheet,OTHER_LIAB_YOY,UNMAPPED_RAW_ONLY,,855
cash_flow,FINLEASE_OBTAIN_FA,UNMAPPED_RAW_ONLY,,855
income_statement,INTEREST_EXPENSE_YOY,UNMAPPED_RAW_ONLY,,844
income_statement,INTEREST_NI_YOY,UNMAPPED_RAW_ONLY,,837
income_statement,FEE_COMMISSION_NI,MAPPED_EXACT_ALIAS,fee_commission_net,837
income_statement,FEE_COMMISSION_NI_YOY,UNMAPPED_RAW_ONLY,,837
income_statement,INTEREST_NI,MAPPED_EXACT_ALIAS,net_interest_income,837
income_statement,OTHER_BUSINESS_COST,UNMAPPED_RAW_ONLY,,811
income_statement,ABLE_OCI_OTHER_YOY,UNMAPPED_RAW_ONLY,,809
cash_flow,OPERATE_NETCASH_OTHERNOTE_YOY,UNMAPPED_RAW_ONLY,,792
income_statement,OTHER_BUSINESS_COST_YOY,UNMAPPED_RAW_ONLY,,775
income_statement,FEE_COMMISSION_EXPENSE_YOY,UNMAPPED_RAW_ONLY,,754
income_statement,FEE_COMMISSION_INCOME_YOY,UNMAPPED_RAW_ONLY,,722
cash_flow,OPERATE_OUTFLOW_OTHER_YOY,UNMAPPED_RAW_ONLY,,614
cash_flow,IR_DEPR,UNMAPPED_RAW_ONLY,,578
balance_sheet,HOLDSALE_ASSET_YOY,UNMAPPED_RAW_ONLY,,570
balance_sheet,SETTLE_EXCESS_RESERVE_YOY,UNMAPPED_RAW_ONLY,,564
cash_flow,FINANCE_OUTFLOW_OTHER,UNMAPPED_RAW_ONLY,,540
balance_sheet,AGENT_TRADE_SECURITY_YOY,UNMAPPED_RAW_ONLY,,529
cash_flow,IR_DEPR_YOY,UNMAPPED_RAW_ONLY,,506
balance_sheet,LIAB_OTHER,UNMAPPED_RAW_ONLY,,498
balance_sheet,LIAB_OTHER_YOY,UNMAPPED_RAW_ONLY,,491
cash_flow,OPERATE_INFLOW_OTHER_YOY,UNMAPPED_RAW_ONLY,,486
income_statement,DISCONTINUED_NETPROFIT_YOY,UNMAPPED_RAW_ONLY,,481
income_statement,OPERATE_EXPENSE_BALANCE,UNMAPPED_RAW_ONLY,,472
cash_flow,FINANCE_OUTFLOW_OTHER_YOY,UNMAPPED_RAW_ONLY,,467
balance_sheet,LEND_FUND_YOY,UNMAPPED_RAW_ONLY,,467
balance_sheet,FIN_FUND,UNMAPPED_RAW_ONLY,,467
balance_sheet,FIN_FUND_YOY,UNMAPPED_RAW_ONLY,,466
cash_flow,DEBT_TRANSFER_CAPITAL,UNMAPPED_RAW_ONLY,,453
balance_sheet,RECEIVABLES,UNMAPPED_RAW_ONLY,,431
balance_sheet,SHORT_FIN_PAYABLE,UNMAPPED_RAW_ONLY,,431
balance_sheet,RECEIVABLES_YOY,UNMAPPED_RAW_ONLY,,431
balance_sheet,LOAN_PBC_YOY,UNMAPPED_RAW_ONLY,,424
cash_flow,FINLEASE_OBTAIN_FA_YOY,UNMAPPED_RAW_ONLY,,423
balance_sheet,SHORT_FIN_PAYABLE_YOY,UNMAPPED_RAW_ONLY,,422
income_statement,ASSET_MANAGE_NI,UNMAPPED_RAW_ONLY,,409
income_statement,AGENT_SECURITY_NI,UNMAPPED_RAW_ONLY,,409
income_statement,ASSET_MANAGE_NI_YOY,UNMAPPED_RAW_ONLY,,407
income_statement,AGENT_SECURITY_NI_YOY,UNMAPPED_RAW_ONLY,,407
balance_sheet,CASH_DEPOSIT_PBC,UNMAPPED_RAW_ONLY,,405
balance_sheet,REFUND_DEPOSIT_PAY,UNMAPPED_RAW_ONLY,,405
balance_sheet,REFUND_DEPOSIT_PAY_YOY,UNMAPPED_RAW_ONLY,,405
balance_sheet,CASH_DEPOSIT_PBC_YOY,UNMAPPED_RAW_ONLY,,405
balance_sheet,CUSTOMER_EXCESS_RESERVE,UNMAPPED_RAW_ONLY,,399
balance_sheet,CUSTOMER_EXCESS_RESERVE_YOY,UNMAPPED_RAW_ONLY,,393
income_statement,SECURITY_UNDERWRITE_NI,UNMAPPED_RAW_ONLY,,391
balance_sheet,CUSTOMER_DEPOSIT,MAPPED_EXACT_ALIAS,customer_deposits,390
income_statement,SECURITY_UNDERWRITE_NI_YOY,UNMAPPED_RAW_ONLY,,389
balance_sheet,CUSTOMER_DEPOSIT_YOY,UNMAPPED_RAW_ONLY,,388
balance_sheet,IOFI_DEPOSIT_YOY,UNMAPPED_RAW_ONLY,,387
balance_sheet,IOFI_DEPOSIT,UNMAPPED_RAW_ONLY,,387
balance_sheet,ACCEPT_DEPOSIT_YOY,UNMAPPED_RAW_ONLY,,387
balance_sheet,ACCEPT_DEPOSIT,UNMAPPED_RAW_ONLY,,387
cash_flow,FBNETCASH_OPERATE,UNMAPPED_RAW_ONLY,,384
cash_flow,FBNETCASH_OPERATE_YOY,UNMAPPED_RAW_ONLY,,384
cash_flow,FBCCE_ADD,UNMAPPED_RAW_ONLY,,384
cash_flow,FBCCE_ADD_BALANCE,UNMAPPED_RAW_ONLY,,384
cash_flow,FBCCE_ADD_YOY,UNMAPPED_RAW_ONLY,,384
cash_flow,FBOPERATE_NETCASH_BALANCE,UNMAPPED_RAW_ONLY,,384
balance_sheet,DEPOSIT_INTERBANK,UNMAPPED_RAW_ONLY,,378
balance_sheet,DEPOSIT_INTERBANK_YOY,UNMAPPED_RAW_ONLY,,376
cash_flow,DEPOSIT_IOFI_OTHER,UNMAPPED_RAW_ONLY,,364
cash_flow,CONVERT_BOND_1YEAR,UNMAPPED_RAW_ONLY,,361
cash_flow,DEPOSIT_IOFI_OTHER_YOY,UNMAPPED_RAW_ONLY,,355
cash_flow,BEGIN_CASH_EQUIVALENTS_YOY,UNMAPPED_RAW_ONLY,,355
cash_flow,BORROW_FUND_ADD_YOY,UNMAPPED_RAW_ONLY,,349
cash_flow,FBOPERATE_NETCASH_OTHER,UNMAPPED_RAW_ONLY,,345
cash_flow,FBOPERATE_NETCASH_OTHER_YOY,UNMAPPED_RAW_ONLY,,342
cash_flow,RECEIVE_AGENT_TRADE,UNMAPPED_RAW_ONLY,,342
cash_flow,END_CASH_EQUIVALENTS_YOY,UNMAPPED_RAW_ONLY,,339
cash_flow,IA_LPE_AMORTIZE,UNMAPPED_RAW_ONLY,,323
cash_flow,IA_LPE_AMORTIZE_YOY,UNMAPPED_RAW_ONLY,,321
cash_flow,DEFER_INCOME_AMORTIZE,UNMAPPED_RAW_ONLY,,319
cash_flow,BORROW_FUND_REDUCE,UNMAPPED_RAW_ONLY,,311
cash_flow,BORROW_REPO_ADD,UNMAPPED_RAW_ONLY,,302
cash_flow,DEFER_INCOME_AMORTIZE_YOY,UNMAPPED_RAW_ONLY,,295
cash_flow,REPO_BUSINESS_ADD_YOY,UNMAPPED_RAW_ONLY,,286
cash_flow,LEND_RESALE_ADD,UNMAPPED_RAW_ONLY,,269
balance_sheet,ACCEPT_DEPOSIT_INTERBANK_YOY,UNMAPPED_RAW_ONLY,,269
cash_flow,EXCHANGE_LOSS_YOY,UNMAPPED_RAW_ONLY,,262
cash_flow,EXCHANGE_LOSS,UNMAPPED_RAW_ONLY,,262
cash_flow,BORROW_REPO_ADD_YOY,UNMAPPED_RAW_ONLY,,250
cash_flow,DEPOSIT_INTERBANK_ADD_YOY,UNMAPPED_RAW_ONLY,,238
balance_sheet,CURRENT_ASSET_OTHER,UNMAPPED_RAW_ONLY,,229
cash_flow,PBC_IOFI_ADD,UNMAPPED_RAW_ONLY,,227
cash_flow,OPERATE_NETCASH_BALANCENOTE_YOY,UNMAPPED_RAW_ONLY,,219
cash_flow,LEND_RESALE_ADD_YOY,UNMAPPED_RAW_ONLY,,217
cash_flow,CCE_ADD_BALANCE_YOY,UNMAPPED_RAW_ONLY,,214
cash_flow,TRADE_FINASSET_REDUCE,UNMAPPED_RAW_ONLY,,212
cash_flow,RECEIVE_AGENT_TRADE_YOY,UNMAPPED_RAW_ONLY,,210
balance_sheet,CURRENT_ASSET_OTHER_YOY,UNMAPPED_RAW_ONLY,,209
balance_sheet,ASSET_OTHER,UNMAPPED_RAW_ONLY,,205
cash_flow,PBC_IOFI_REDUCE,UNMAPPED_RAW_ONLY,,204
cash_flow,SELL_REPO_ADD,UNMAPPED_RAW_ONLY,,204
cash_flow,OPERATE_OUTFLOW_BALANCE_YOY,UNMAPPED_RAW_ONLY,,202
cash_flow,BORROW_REPO_REDUCE,UNMAPPED_RAW_ONLY,,201
cash_flow,LEND_FUND_ADD,UNMAPPED_RAW_ONLY,,200
cash_flow,TRADE_FINASSET_ADD,UNMAPPED_RAW_ONLY,,195
cash_flow,OPERATE_NETCASH_BALANCE_YOY,UNMAPPED_RAW_ONLY,,193
balance_sheet,ASSET_OTHER_YOY,UNMAPPED_RAW_ONLY,,192
cash_flow,LEND_RESALE_REDUCE,UNMAPPED_RAW_ONLY,,190
cash_flow,CREDIT_IMPAIRMENT_INCOME,UNMAPPED_RAW_ONLY,,183
cash_flow,PBC_INTERBANK_ADD_YOY,UNMAPPED_RAW_ONLY,,181
cash_flow,CREDIT_IMPAIRMENT_INCOME_YOY,UNMAPPED_RAW_ONLY,,181
income_statement,UNABLE_OCI_OTHER_YOY,UNMAPPED_RAW_ONLY,,180
cash_flow,FINANCE_INFLOW_OTHER,UNMAPPED_RAW_ONLY,,180
balance_sheet,PRECIOUS_METAL,UNMAPPED_RAW_ONLY,,179
income_statement,OPERATE_PROFIT_BALANCE_YOY,UNMAPPED_RAW_ONLY,,178
balance_sheet,PREFERRED_SHARES_YOY,UNMAPPED_RAW_ONLY,,175
cash_flow,PBC_IOFI_ADD_YOY,UNMAPPED_RAW_ONLY,,169
cash_flow,LOAN_PBC_ADD_YOY,UNMAPPED_RAW_ONLY,,168
income_statement,FINANCE_OCI_AMT_YOY,UNMAPPED_RAW_ONLY,,167
cash_flow,LOAN_PBC_REDUCE,UNMAPPED_RAW_ONLY,,166
cash_flow,BORROW_FUND_REDUCE_YOY,UNMAPPED_RAW_ONLY,,162
balance_sheet,PRECIOUS_METAL_YOY,UNMAPPED_RAW_ONLY,,162
cash_flow,BOND_INTEREST_EXPENSE,UNMAPPED_RAW_ONLY,,156
cash_flow,BOND_INTEREST_EXPENSE_YOY,UNMAPPED_RAW_ONLY,,154
balance_sheet,NONCURRENT_LIAB_OTHER,UNMAPPED_RAW_ONLY,,152
cash_flow,LEND_FUND_ADD_YOY,UNMAPPED_RAW_ONLY,,144
balance_sheet,CURRENT_ASSET_BALANCE_YOY,UNMAPPED_RAW_ONLY,,144
cash_flow,REPO_BUSINESS_REDUCE,UNMAPPED_RAW_ONLY,,142
cash_flow,PBC_IOFI_REDUCE_YOY,UNMAPPED_RAW_ONLY,,140
cash_flow,DISPOSAL_TFA_ADD,UNMAPPED_RAW_ONLY,,140
cash_flow,SELL_REPO_ADD_YOY,UNMAPPED_RAW_ONLY,,138
cash_flow,TRADE_FINASSET_REDUCE_YOY,UNMAPPED_RAW_ONLY,,134
cash_flow,FIXED_ASSET_DEPR,UNMAPPED_RAW_ONLY,,133
cash_flow,FIXED_ASSET_DEPR_YOY,UNMAPPED_RAW_ONLY,,133
balance_sheet,OIL_GAS_ASSET_YOY,UNMAPPED_RAW_ONLY,,132
balance_sheet,ASSET_BALANCE_YOY,UNMAPPED_RAW_ONLY,,131
balance_sheet,NONCURRENT_ASSET_BALANCE_YOY,UNMAPPED_RAW_ONLY,,129
cash_flow,INVEST_INFLOW_OTHER,UNMAPPED_RAW_ONLY,,129
balance_sheet,NONCURRENT_LIAB_OTHER_YOY,UNMAPPED_RAW_ONLY,,129
balance_sheet,CURRENT_LIAB_BALANCE_YOY,UNMAPPED_RAW_ONLY,,126
cash_flow,SELL_REPO_REDUCE,UNMAPPED_RAW_ONLY,,125
cash_flow,LEND_RESALE_REDUCE_YOY,UNMAPPED_RAW_ONLY,,124
cash_flow,TRADE_FINASSET_ADD_YOY,UNMAPPED_RAW_ONLY,,123
cash_flow,OPERATE_INFLOW_BALANCE_YOY,UNMAPPED_RAW_ONLY,,119
cash_flow,FINANCE_INFLOW_OTHER_YOY,UNMAPPED_RAW_ONLY,,118
cash_flow,BORROW_REPO_REDUCE_YOY,UNMAPPED_RAW_ONLY,,117
cash_flow,BUY_RESALE_REDUCE,UNMAPPED_RAW_ONLY,,114
cash_flow,DEBT_TRANSFER_CAPITAL_YOY,UNMAPPED_RAW_ONLY,,111
cash_flow,INVEST_OUTFLOW_OTHER,UNMAPPED_RAW_ONLY,,108
cash_flow,BUY_RESALE_ADD,UNMAPPED_RAW_ONLY,,108
income_statement,EARNED_PREMIUM_YOY,UNMAPPED_RAW_ONLY,,107
cash_flow,LEND_FUND_REDUCE,UNMAPPED_RAW_ONLY,,104
balance_sheet,FVTPL_FINASSET,UNMAPPED_RAW_ONLY,,102
balance_sheet,FVTPL_FINASSET_YOY,UNMAPPED_RAW_ONLY,,100
balance_sheet,PARENT_EQUITY_BALANCE_YOY,UNMAPPED_RAW_ONLY,,99
cash_flow,CUSTOMER_DEPOSIT_ADD,UNMAPPED_RAW_ONLY,,97
income_statement,NET_CONTRACT_RESERVE_YOY,UNMAPPED_RAW_ONLY,,92
balance_sheet,AMORTIZE_COST_FINASSET_YOY,UNMAPPED_RAW_ONLY,,91
balance_sheet,AMORTIZE_COST_FINASSET,UNMAPPED_RAW_ONLY,,91
cash_flow,CUSTOMER_DEPOSIT_ADD_YOY,UNMAPPED_RAW_ONLY,,90
balance_sheet,EQUITY_BALANCE_YOY,UNMAPPED_RAW_ONLY,,86
cash_flow,INVEST_INFLOW_OTHER_YOY,UNMAPPED_RAW_ONLY,,85
balance_sheet,FVTOCI_FINASSET,UNMAPPED_RAW_ONLY,,84
cash_flow,RECEIVE_BUY_RESALE,UNMAPPED_RAW_ONLY,,84
balance_sheet,FVTOCI_FINASSET_YOY,UNMAPPED_RAW_ONLY,,83
balance_sheet,LIAB_BALANCE_YOY,UNMAPPED_RAW_ONLY,,83
balance_sheet,NONCURRENT_ASSET_OTHER,UNMAPPED_RAW_ONLY,,80
balance_sheet,HOLDSALE_LIAB_YOY,UNMAPPED_RAW_ONLY,,79
balance_sheet,AGENT_UNDERWRITE_SECURITY_YOY,UNMAPPED_RAW_ONLY,,78
cash_flow,PAY_AGENT_TRADE,UNMAPPED_RAW_ONLY,,78
cash_flow,PAY_BOND_INTEREST,UNMAPPED_RAW_ONLY,,75
balance_sheet,FVTPL_FINLIAB,UNMAPPED_RAW_ONLY,,73
cash_flow,PAY_BOND_INTEREST_YOY,UNMAPPED_RAW_ONLY,,73
balance_sheet,NONCURRENT_ASSET_OTHER_YOY,UNMAPPED_RAW_ONLY,,69
balance_sheet,CURRENT_LIAB_OTHER,UNMAPPED_RAW_ONLY,,69
balance_sheet,FVTPL_FINLIAB_YOY,UNMAPPED_RAW_ONLY,,68
cash_flow,INVEST_OUTFLOW_OTHER_YOY,UNMAPPED_RAW_ONLY,,68
cash_flow,IOFI_ADD,UNMAPPED_RAW_ONLY,,65
cash_flow,BUY_RESALE_REDUCE_YOY,UNMAPPED_RAW_ONLY,,59
balance_sheet,FEE_COMMISSION_PAYABLE_YOY,UNMAPPED_RAW_ONLY,,57
cash_flow,PAY_BUY_RESALE,UNMAPPED_RAW_ONLY,,56
cash_flow,DEPOSIT_PBC_REDUCE,UNMAPPED_RAW_ONLY,,55
balance_sheet,CURRENT_LIAB_OTHER_YOY,UNMAPPED_RAW_ONLY,,55
cash_flow,DISPOSAL_TFA_ADD_YOY,UNMAPPED_RAW_ONLY,,53
cash_flow,BUY_RESALE_ADD_YOY,UNMAPPED_RAW_ONLY,,53
cash_flow,RECEIVE_ORIGIC_PREMIUM_YOY,UNMAPPED_RAW_ONLY,,51
cash_flow,DEPOSIT_IOFI_REDUCE,UNMAPPED_RAW_ONLY,,51
cash_flow,INVEST_NETCASH_BALANCE_YOY,UNMAPPED_RAW_ONLY,,51
cash_flow,INTERBANK_OTHER_REDUCE,UNMAPPED_RAW_ONLY,,51
cash_flow,RECEIVE_BUY_RESALE_YOY,UNMAPPED_RAW_ONLY,,50
cash_flow,LOAN_PBC_REDUCE_YOY,UNMAPPED_RAW_ONLY,,50
income_statement,OPERATE_EXPENSE_OTHER_YOY,UNMAPPED_RAW_ONLY,,47
cash_flow,REPO_BUSINESS_REDUCE_YOY,UNMAPPED_RAW_ONLY,,47
cash_flow,SELL_REPO_REDUCE_YOY,UNMAPPED_RAW_ONLY,,47
cash_flow,LEND_FUND_REDUCE_YOY,UNMAPPED_RAW_ONLY,,47
income_statement,OPERATE_EXPENSE_OTHER,UNMAPPED_RAW_ONLY,,47
cash_flow,FINANCE_OUTFLOW_BALANCE_YOY,UNMAPPED_RAW_ONLY,,46
balance_sheet,ADVANCE_PREMIUM_YOY,UNMAPPED_RAW_ONLY,,45
balance_sheet,ADVANCE_PREMIUM,UNMAPPED_RAW_ONLY,,45
income_statement,INSURANCE_INCOME_YOY,UNMAPPED_RAW_ONLY,,45
income_statement,FAIRVALUE_CHANGE_YOY,UNMAPPED_RAW_ONLY,,45
income_statement,FAIRVALUE_CHANGE,UNMAPPED_RAW_ONLY,,45
balance_sheet,REFUND_CAPITAL_DEPOSIT_YOY,UNMAPPED_RAW_ONLY,,45
balance_sheet,TIME_DEPOSIT,UNMAPPED_RAW_ONLY,,45
balance_sheet,TIME_DEPOSIT_YOY,UNMAPPED_RAW_ONLY,,45
balance_sheet,REFUND_CAPITAL_DEPOSIT,UNMAPPED_RAW_ONLY,,45
income_statement,INSURANCE_INCOME,UNMAPPED_RAW_ONLY,,45
income_statement,ASSET_IMPAIRMENT_LOSS,UNMAPPED_RAW_ONLY,,45
balance_sheet,PREDICT_CURRENT_LIAB,UNMAPPED_RAW_ONLY,,44
balance_sheet,PREDICT_CURRENT_LIAB_YOY,UNMAPPED_RAW_ONLY,,43
cash_flow,PAY_AGENT_TRADE_YOY,UNMAPPED_RAW_ONLY,,43
cash_flow,DEPOSIT_PBC_REDUCE_YOY,UNMAPPED_RAW_ONLY,,41
cash_flow,END_CCE_BALANCE_YOY,UNMAPPED_RAW_ONLY,,41
cash_flow,DEPOSIT_IOFI_ADD,UNMAPPED_RAW_ONLY,,39
cash_flow,RECEIVE_COMMISSION_YOY,UNMAPPED_RAW_ONLY,,39
cash_flow,RECEIVE_COMMISSION,UNMAPPED_RAW_ONLY,,39
balance_sheet,NONCURRENT_LIAB_BALANCE_YOY,UNMAPPED_RAW_ONLY,,39
cash_flow,RECEIVE_INTEREST,UNMAPPED_RAW_ONLY,,39
cash_flow,PREDICT_LIAB_ADD,UNMAPPED_RAW_ONLY,,39
cash_flow,PAY_COMMISSION,UNMAPPED_RAW_ONLY,,39
cash_flow,PAY_INTEREST_YOY,UNMAPPED_RAW_ONLY,,39
cash_flow,PAY_INTEREST,UNMAPPED_RAW_ONLY,,39
cash_flow,PAY_COMMISSION_YOY,UNMAPPED_RAW_ONLY,,39
cash_flow,RECEIVE_INTEREST_YOY,UNMAPPED_RAW_ONLY,,39
cash_flow,PREDICT_LIAB_ADD_YOY,UNMAPPED_RAW_ONLY,,38
cash_flow,DEPOSIT_PBC_ADD,UNMAPPED_RAW_ONLY,,37
income_statement,ASSET_IMPAIRMENT_LOSS_YOY,UNMAPPED_RAW_ONLY,,36
balance_sheet,CUSTOMER_CREDIT_DEPOSIT_YOY,UNMAPPED_RAW_ONLY,,36
balance_sheet,CUSTOMER_CREDIT_DEPOSIT,UNMAPPED_RAW_ONLY,,36
income_statement,TOC_OTHER,UNMAPPED_RAW_ONLY,,36
cash_flow,FBCCE_ADD_BALANCE_YOY,UNMAPPED_RAW_ONLY,,35
cash_flow,CONVERT_BOND_1YEAR_YOY,UNMAPPED_RAW_ONLY,,35
balance_sheet,OTHER_EQUITY_OTHER,UNMAPPED_RAW_ONLY,,35
cash_flow,OFI_BF_ADD_YOY,UNMAPPED_RAW_ONLY,,34
income_statement,NET_EXPOSURE_INCOME_YOY,UNMAPPED_RAW_ONLY,,33
cash_flow,RECEIVE_REINSURE_NET_YOY,UNMAPPED_RAW_ONLY,,33
balance_sheet,OTHER_EQUITY_OTHER_YOY,UNMAPPED_RAW_ONLY,,32
cash_flow,IOFI_ADD_YOY,UNMAPPED_RAW_ONLY,,32
cash_flow,DEPOSIT_IOFI_REDUCE_YOY,UNMAPPED_RAW_ONLY,,32
cash_flow,TRADE_FINLIAB_ADD,UNMAPPED_RAW_ONLY,,32
cash_flow,PAY_BUY_RESALE_YOY,UNMAPPED_RAW_ONLY,,32
income_statement,TOTAL_PROFIT_BALANCE_YOY,UNMAPPED_RAW_ONLY,,31
balance_sheet,OTHER_PAYABLE,UNMAPPED_RAW_ONLY,,30
cash_flow,DISPOSAL_SUBSIDIARY_JOINT,UNMAPPED_RAW_ONLY,,29
balance_sheet,OTHER_RECE,UNMAPPED_RAW_ONLY,,28
balance_sheet,TRADE_RISK_RESERVE_YOY,UNMAPPED_RAW_ONLY,,27
balance_sheet,TRADE_RISK_RESERVE,UNMAPPED_RAW_ONLY,,27
income_statement,TOI_OTHER,UNMAPPED_RAW_ONLY,,27
income_statement,TOC_OTHER_YOY,UNMAPPED_RAW_ONLY,,27
balance_sheet,OTHER_RECE_YOY,UNMAPPED_RAW_ONLY,,27
balance_sheet,OTHER_PAYABLE_YOY,UNMAPPED_RAW_ONLY,,26
cash_flow,FINANCE_NETCASH_BALANCE_YOY,UNMAPPED_RAW_ONLY,,25
balance_sheet,PREMIUM_RECE_YOY,UNMAPPED_RAW_ONLY,,25
cash_flow,DEPOSIT_PBC_ADD_YOY,UNMAPPED_RAW_ONLY,,23
income_statement,PRECOMBINE_PROFIT,UNMAPPED_RAW_ONLY,,22
cash_flow,INTERBANK_OTHER_REDUCE_YOY,UNMAPPED_RAW_ONLY,,22
cash_flow,INVEST_OUTFLOW_BALANCE_YOY,UNMAPPED_RAW_ONLY,,22
cash_flow,LOAN_ADVANCE_REDUCE,UNMAPPED_RAW_ONLY,,21
cash_flow,TRADE_FINLIAB_ADD_YOY,UNMAPPED_RAW_ONLY,,21
cash_flow,PAY_ORIGIC_COMPENSATE_YOY,UNMAPPED_RAW_ONLY,,21
cash_flow,DEPOSIT_IOFI_ADD_YOY,UNMAPPED_RAW_ONLY,,21
income_statement,TOI_OTHER_YOY,UNMAPPED_RAW_ONLY,,20
cash_flow,DISPOSAL_SUBSIDIARY_JOINT_YOY,UNMAPPED_RAW_ONLY,,20
income_statement,OPERATE_INCOME_OTHER,UNMAPPED_RAW_ONLY,,20
cash_flow,INVEST_INFLOW_BALANCE_YOY,UNMAPPED_RAW_ONLY,,19
cash_flow,PURCHASE_SUBSIDIARY_OTHER,UNMAPPED_RAW_ONLY,,19
balance_sheet,PARENT_EQUITY_OTHER_YOY,UNMAPPED_RAW_ONLY,,19
balance_sheet,PARENT_EQUITY_OTHER,UNMAPPED_RAW_ONLY,,19
cash_flow,LOAN_ADVANCE_REDUCE_YOY,UNMAPPED_RAW_ONLY,,18
cash_flow,RECEIVE_SELL_REPO,UNMAPPED_RAW_ONLY,,18
income_statement,OPERATE_INCOME_OTHER_YOY,UNMAPPED_RAW_ONLY,,18
balance_sheet,CD_NOTE_PAYABLE,UNMAPPED_RAW_ONLY,,18
cash_flow,TRADE_FINLIAB_REDUCE,UNMAPPED_RAW_ONLY,,18
balance_sheet,DEPOSIT_CERTIFICATE,UNMAPPED_RAW_ONLY,,18
cash_flow,PAY_SELL_REPO,UNMAPPED_RAW_ONLY,,18
balance_sheet,DEPOSIT_CERTIFICATE_YOY,UNMAPPED_RAW_ONLY,,18
balance_sheet,CD_NOTE_PAYABLE_YOY,UNMAPPED_RAW_ONLY,,18
cash_flow,FINANCE_INFLOW_BALANCE_YOY,UNMAPPED_RAW_ONLY,,17
balance_sheet,PREFERRED_SHARES_PAYBALE_YOY,UNMAPPED_RAW_ONLY,,17
cash_flow,PURCHASE_SUBSIDIARY_OTHER_YOY,UNMAPPED_RAW_ONLY,,15
balance_sheet,RC_RESERVE_RECE_YOY,UNMAPPED_RAW_ONLY,,15
balance_sheet,REINSURE_PAYABLE_YOY,UNMAPPED_RAW_ONLY,,15
balance_sheet,REINSURE_RECE_YOY,UNMAPPED_RAW_ONLY,,15
cash_flow,FB_NETCASH_OPERATE,UNMAPPED_RAW_ONLY,,14
cash_flow,FB_CCE_ADD_BALANCE,UNMAPPED_RAW_ONLY,,14
cash_flow,NET_CD,UNMAPPED_RAW_ONLY,,14
cash_flow,FB_CCE_ADD,UNMAPPED_RAW_ONLY,,14
income_statement,PRECOMBINE_PROFIT_YOY,UNMAPPED_RAW_ONLY,,14
cash_flow,FB_OPERATE_NETCASH_OTHER_YOY,UNMAPPED_RAW_ONLY,,14
cash_flow,FB_OPERATE_NETCASH_BALANCE,UNMAPPED_RAW_ONLY,,14
cash_flow,FB_OPERATE_NETCASH_OTHER,UNMAPPED_RAW_ONLY,,14
income_statement,COMMISSION_NI_OTHER_YOY,UNMAPPED_RAW_ONLY,,14
cash_flow,PAY_POLICY_BONUS_YOY,UNMAPPED_RAW_ONLY,,14
income_statement,COMMISSION_NI_OTHER,UNMAPPED_RAW_ONLY,,14
cash_flow,FB_CCE_ADD_YOY,UNMAPPED_RAW_ONLY,,14
cash_flow,FB_NETCASH_OPERATE_YOY,UNMAPPED_RAW_ONLY,,14
cash_flow,RECEIVE_AGENT_UNDERWRITE,UNMAPPED_RAW_ONLY,,12
cash_flow,DISPOSAL_TFA_REDUCE,UNMAPPED_RAW_ONLY,,12
cash_flow,BUY_SUBSIDIARY_EQUITY,UNMAPPED_RAW_ONLY,,11
cash_flow,BUY_FIN_LEASE_YOY,UNMAPPED_RAW_ONLY,,11
cash_flow,DISPOSAL_TFA_REDUCE_YOY,UNMAPPED_RAW_ONLY,,11
income_statement,CREDITRISK_FAIRVALUE_CHANGE_YOY,UNMAPPED_RAW_ONLY,,11
cash_flow,BUY_FIN_LEASE,UNMAPPED_RAW_ONLY,,11
cash_flow,NET_CD_YOY,UNMAPPED_RAW_ONLY,,10
income_statement,TCI_OTHER,UNMAPPED_RAW_ONLY,,9
cash_flow,ISSUE_CD,UNMAPPED_RAW_ONLY,,9
cash_flow,DISPOSAL_MORTGAGE_ASSET_YOY,UNMAPPED_RAW_ONLY,,9
cash_flow,PAY_SELL_REPO_YOY,UNMAPPED_RAW_ONLY,,9
income_statement,NETPROFIT_OTHER,UNMAPPED_RAW_ONLY,,9
income_statement,NETPROFIT_OTHER_YOY,UNMAPPED_RAW_ONLY,,9
cash_flow,ISSUE_CD_YOY,UNMAPPED_RAW_ONLY,,9
income_statement,UNINSURANCE_CNI_YOY,UNMAPPED_RAW_ONLY,,9
income_statement,UNINSURANCE_CE_YOY,UNMAPPED_RAW_ONLY,,9
income_statement,UNINSURANCE_CI,UNMAPPED_RAW_ONLY,,9
income_statement,TCI_OTHER_YOY,UNMAPPED_RAW_ONLY,,9
income_statement,UNINSURANCE_CI_YOY,UNMAPPED_RAW_ONLY,,9
income_statement,UNINSURANCE_CNI,UNMAPPED_RAW_ONLY,,9
income_statement,UNINSURANCE_CE,UNMAPPED_RAW_ONLY,,9
cash_flow,OTHER_ASSET_IMPAIRMENT,UNMAPPED_RAW_ONLY,,9
income_statement,BANK_INTEREST_EXPENSE_YOY,UNMAPPED_RAW_ONLY,,9
income_statement,BANK_INTEREST_EXPENSE,UNMAPPED_RAW_ONLY,,9
income_statement,BANK_INTEREST_NI_YOY,UNMAPPED_RAW_ONLY,,9
income_statement,BANK_INTEREST_INCOME_YOY,UNMAPPED_RAW_ONLY,,9
cash_flow,DISPOSAL_MORTGAGE_ASSET,UNMAPPED_RAW_ONLY,,9
cash_flow,TRADE_FINLIAB_REDUCE_YOY,UNMAPPED_RAW_ONLY,,9
income_statement,BANK_INTEREST_NI,UNMAPPED_RAW_ONLY,,9
income_statement,BANK_INTEREST_INCOME,UNMAPPED_RAW_ONLY,,9
cash_flow,RECEIVE_SELL_REPO_YOY,UNMAPPED_RAW_ONLY,,8
cash_flow,ADD_PLEDGE_TIMEDEPOSITS,UNMAPPED_RAW_ONLY,,8
cash_flow,PBC_INTERBANK_REDUCE,UNMAPPED_RAW_ONLY,,8
cash_flow,OTHER_ASSET_IMPAIRMENT_YOY,UNMAPPED_RAW_ONLY,,8
cash_flow,ADD_PLEDGE_TIMEDEPOSITS_YOY,UNMAPPED_RAW_ONLY,,8
cash_flow,REDUCE_PLEDGE_TIMEDEPOSITS,UNMAPPED_RAW_ONLY,,8
cash_flow,PLEDGE_LOAN_ADD_YOY,UNMAPPED_RAW_ONLY,,8
cash_flow,REDUCE_PLEDGE_TIMEDEPOSITS_YOY,UNMAPPED_RAW_ONLY,,7
income_statement,OCI_OTHER,UNMAPPED_RAW_ONLY,,7
income_statement,NET_COMPENSATE_EXPENSE_YOY,UNMAPPED_RAW_ONLY,,7
income_statement,REINSURE_EXPENSE_YOY,UNMAPPED_RAW_ONLY,,7
cash_flow,INSURED_INVEST_ADD_YOY,UNMAPPED_RAW_ONLY,,7
cash_flow,PREPAID_EXPENSE_REDUCE_YOY,UNMAPPED_RAW_ONLY,,6
balance_sheet,PERPETUAL_BOND_PAYBALE_YOY,UNMAPPED_RAW_ONLY,,6
cash_flow,BANKSECURITY_RESALE_REDUCE,UNMAPPED_RAW_ONLY,,6
cash_flow,BANKSECURITY_LEND_REDUCE_YOY,UNMAPPED_RAW_ONLY,,6
cash_flow,PREPAID_EXPENSE_REDUCE,UNMAPPED_RAW_ONLY,,6
cash_flow,BANKSECURITY_LEND_REDUCE,UNMAPPED_RAW_ONLY,,6
cash_flow,PBC_INTERBANK_REDUCE_YOY,UNMAPPED_RAW_ONLY,,6
balance_sheet,FIXED_ASSET_DISPOSAL,UNMAPPED_RAW_ONLY,,6
income_statement,FUND_MANAGE_NI,UNMAPPED_RAW_ONLY,,5
income_statement,FUND_MANAGE_NI_YOY,UNMAPPED_RAW_ONLY,,5
cash_flow,RECEIVE_AGENT_UNDERWRITE_YOY,UNMAPPED_RAW_ONLY,,5
cash_flow,BANKSECURITY_REPO_REDUCE,UNMAPPED_RAW_ONLY,,5
cash_flow,WITHDRAW_WRITEOFF_LOAN_YOY,UNMAPPED_RAW_ONLY,,5
cash_flow,WITHDRAW_WRITEOFF_LOAN,UNMAPPED_RAW_ONLY,,5
cash_flow,BUY_SUBSIDIARY_EQUITY_YOY,UNMAPPED_RAW_ONLY,,5
balance_sheet,ADVICE_ASSIGN_DIVIDEND,UNMAPPED_RAW_ONLY,,4
cash_flow,PROVISION_LOAN_IMPAIRMENT_YOY,UNMAPPED_RAW_ONLY,,4
cash_flow,DISPOSAL_SUBSIDIARY_OUTFLOW,UNMAPPED_RAW_ONLY,,4
cash_flow,FB_CCE_ADD_OTHER,UNMAPPED_RAW_ONLY,,4
cash_flow,FB_CCE_ADD_OTHER_YOY,UNMAPPED_RAW_ONLY,,4
cash_flow,BANKSECURITY_RESALE_REDUCE_YOY,UNMAPPED_RAW_ONLY,,4
cash_flow,PROVISION_LOAN_IMPAIRMENT,UNMAPPED_RAW_ONLY,,4
cash_flow,BANKSECURITY_REPO_ADD,UNMAPPED_RAW_ONLY,,4
cash_flow,ISSUED_CD_REDUCE,UNMAPPED_RAW_ONLY,,4
cash_flow,MINORITY_INTEREST,UNMAPPED_RAW_ONLY,,3
cash_flow,BANKSECURITY_RESALE_ADD,UNMAPPED_RAW_ONLY,,3
cash_flow,BANKSECURITY_LEND_ADD,UNMAPPED_RAW_ONLY,,3
cash_flow,BANKSECURITY_REPO_ADD_YOY,UNMAPPED_RAW_ONLY,,3
balance_sheet,DIV_HOLDSALE_ASSET,UNMAPPED_RAW_ONLY,,3
cash_flow,SUBSIDIARY_REDUCE_CASH,UNMAPPED_RAW_ONLY,,3
balance_sheet,ADVICE_ASSIGN_DIVIDEND_YOY,UNMAPPED_RAW_ONLY,,3
cash_flow,MINORITY_INTEREST_YOY,UNMAPPED_RAW_ONLY,,2
cash_flow,LONGASSET_AMORTIZE_YOY,UNMAPPED_RAW_ONLY,,2
cash_flow,LONGASSET_AMORTIZE,UNMAPPED_RAW_ONLY,,2
cash_flow,FBOPERATE_NETCASH_BALANCE_YOY,UNMAPPED_RAW_ONLY,,2
cash_flow,ISSUED_CD_REDUCE_YOY,UNMAPPED_RAW_ONLY,,2
income_statement,OPERATE_INCOME_BALANCE_YOY,UNMAPPED_RAW_ONLY,,2
balance_sheet,SHORT_BOND_PAYABLE,UNMAPPED_RAW_ONLY,,2
cash_flow,SUBSIDIARY_REDUCE_CASH_YOY,UNMAPPED_RAW_ONLY,,1
income_statement,PARENT_OCI_OTHER,UNMAPPED_RAW_ONLY,,1
income_statement,EXTRACT_INSURANCE_RESERVE_YOY,UNMAPPED_RAW_ONLY,,1
income_statement,EXTRACT_INSURANCE_RESERVE,UNMAPPED_RAW_ONLY,,1
balance_sheet,DIV_HOLDSALE_ASSET_YOY,UNMAPPED_RAW_ONLY,,1
cash_flow,BANKSECURITY_REPO_REDUCE_YOY,UNMAPPED_RAW_ONLY,,1
balance_sheet,TRADE_SEAT_FEE_YOY,UNMAPPED_RAW_ONLY,,1
balance_sheet,TRADE_SEAT_FEE,UNMAPPED_RAW_ONLY,,1
cash_flow,BANKSECURITY_RESALE_ADD_YOY,UNMAPPED_RAW_ONLY,,1
income_statement,OCI_OTHER_YOY,UNMAPPED_RAW_ONLY,,1
balance_sheet,PROJECT_MATERIAL,UNMAPPED_RAW_ONLY,,1
balance_sheet,SPECIAL_PAYABLE,UNMAPPED_RAW_ONLY,,1
balance_sheet,SHORT_BOND_PAYABLE_YOY,UNMAPPED_RAW_ONLY,,1
balance_sheet,DIV_HOLDSALE_LIAB,UNMAPPED_RAW_ONLY,,1
