factor_id,sector_profile,factor_status,valid_or_warning_count,profile_symbol_count,coverage_ratio,minimum,q001,q01,median,q99,q999,maximum,mad,peer_group_method,industry_neutral,authority,trade_authority
FIN_ACCRUALS_TO_AVG_ASSETS_TTM,BANK,PRODUCTION_CORE,0,42,0.0,,,,,,,,,COARSE_SECTOR_PROFILE,False,DATA_AND_RESEARCH_EVIDENCE_ONLY,NONE
FIN_ACCRUALS_TO_AVG_ASSETS_TTM,GENERAL_NON_FINANCIAL,PRODUCTION_CORE,4997,5102,0.9794198353586828,-1.2141005677245287,-0.5735661928449172,-0.2571910918090379,-0.029117792034197332,0.17665511226529748,0.38701785501598196,0.50077357923251,0.034443132094738385,COARSE_SECTOR_PROFILE,False,DATA_AND_RESEARCH_EVIDENCE_ONLY,NONE
FIN_ACCRUALS_TO_AVG_ASSETS_TTM,INSURANCE,PRODUCTION_CORE,0,5,0.0,,,,,,,,,COARSE_SECTOR_PROFILE,False,DATA_AND_RESEARCH_EVIDENCE_ONLY,NONE
FIN_ACCRUALS_TO_AVG_ASSETS_TTM,SECURITIES_AND_BROKERAGE,PRODUCTION_CORE,0,50,0.0,,,,,,,,,COARSE_SECTOR_PROFILE,False,DATA_AND_RESEARCH_EVIDENCE_ONLY,NONE
FIN_ACCRUALS_TO_AVG_ASSETS_TTM,UNRESOLVED,PRODUCTION_CORE,0,329,0.0,,,,,,,,,COARSE_SECTOR_PROFILE,False,DATA_AND_RESEARCH_EVIDENCE_ONLY,NONE
FIN_ASSET_TURNOVER_TTM,BANK,PRODUCTION_CORE,0,42,0.0,,,,,,,,,COARSE_SECTOR_PROFILE,False,DATA_AND_RESEARCH_EVIDENCE_ONLY,NONE
FIN_ASSET_TURNOVER_TTM,GENERAL_NON_FINANCIAL,PRODUCTION_CORE,4996,5102,0.9792238337906704,-0.19015061511044642,0.003799515548978209,0.059799537966741714,0.4728260586411774,2.4238856271682443,5.25061205543531,8.57869387350762,0.1837268717284867,COARSE_SECTOR_PROFILE,False,DATA_AND_RESEARCH_EVIDENCE_ONLY,NONE
FIN_ASSET_TURNOVER_TTM,INSURANCE,PRODUCTION_CORE,0,5,0.0,,,,,,,,,COARSE_SECTOR_PROFILE,False,DATA_AND_RESEARCH_EVIDENCE_ONLY,NONE
FIN_ASSET_TURNOVER_TTM,SECURITIES_AND_BROKERAGE,PRODUCTION_CORE,0,50,0.0,,,,,,,,,COARSE_SECTOR_PROFILE,False,DATA_AND_RESEARCH_EVIDENCE_ONLY,NONE
FIN_ASSET_TURNOVER_TTM,UNRESOLVED,PRODUCTION_CORE,0,329,0.0,,,,,,,,,COARSE_SECTOR_PROFILE,False,DATA_AND_RESEARCH_EVIDENCE_ONLY,NONE
FIN_CAPEX_INTENSITY_TTM,BANK,DIAGNOSTIC_ONLY,0,42,0.0,,,,,,,,,COARSE_SECTOR_PROFILE,False,DATA_AND_RESEARCH_EVIDENCE_ONLY,NONE
FIN_CAPEX_INTENSITY_TTM,GENERAL_NON_FINANCIAL,DIAGNOSTIC_ONLY,4925,5102,0.9653077224617796,6.267060752416697e-05,0.00014508529493354616,0.0007567455761380217,0.053682706620960474,0.8114506025001612,3.553749032553133,8.724059957363124,0.03871493562526843,COARSE_SECTOR_PROFILE,False,DATA_AND_RESEARCH_EVIDENCE_ONLY,NONE
FIN_CAPEX_INTENSITY_TTM,INSURANCE,DIAGNOSTIC_ONLY,0,5,0.0,,,,,,,,,COARSE_SECTOR_PROFILE,False,DATA_AND_RESEARCH_EVIDENCE_ONLY,NONE
FIN_CAPEX_INTENSITY_TTM,SECURITIES_AND_BROKERAGE,DIAGNOSTIC_ONLY,0,50,0.0,,,,,,,,,COARSE_SECTOR_PROFILE,False,DATA_AND_RESEARCH_EVIDENCE_ONLY,NONE
FIN_CAPEX_INTENSITY_TTM,UNRESOLVED,DIAGNOSTIC_ONLY,0,329,0.0,,,,,,,,,COARSE_SECTOR_PROFILE,False,DATA_AND_RESEARCH_EVIDENCE_ONLY,NONE
FIN_CASH_TO_SHORT_DEBT,BANK,PRODUCTION_CORE,0,42,0.0,,,,,,,,,COARSE_SECTOR_PROFILE,False,DATA_AND_RESEARCH_EVIDENCE_ONLY,NONE
FIN_CASH_TO_SHORT_DEBT,GENERAL_NON_FINANCIAL,PRODUCTION_CORE,4008,5102,0.7855742845942768,0.009640629661280509,0.02701114876905615,0.09549877376476451,1.842399623684364,961.0624882444653,27060.945322151787,3027270.5706,1.4244687363083774,COARSE_SECTOR_PROFILE,False,DATA_AND_RESEARCH_EVIDENCE_ONLY,NONE
FIN_CASH_TO_SHORT_DEBT,INSURANCE,PRODUCTION_CORE,0,5,0.0,,,,,,,,,COARSE_SECTOR_PROFILE,False,DATA_AND_RESEARCH_EVIDENCE_ONLY,NONE
FIN_CASH_TO_SHORT_DEBT,SECURITIES_AND_BROKERAGE,PRODUCTION_CORE,0,50,0.0,,,,,,,,,COARSE_SECTOR_PROFILE,False,DATA_AND_RESEARCH_EVIDENCE_ONLY,NONE
FIN_CASH_TO_SHORT_DEBT,UNRESOLVED,PRODUCTION_CORE,0,329,0.0,,,,,,,,,COARSE_SECTOR_PROFILE,False,DATA_AND_RESEARCH_EVIDENCE_ONLY,NONE
FIN_CFO_MARGIN_TTM,BANK,PRODUCTION_CORE,0,42,0.0,,,,,,,,,COARSE_SECTOR_PROFILE,False,DATA_AND_RESEARCH_EVIDENCE_ONLY,NONE
FIN_CFO_MARGIN_TTM,GENERAL_NON_FINANCIAL,PRODUCTION_CORE,4994,5102,0.9788318306546452,-3.8269883831649754,-2.2610053261095495,-0.5706513522168973,0.09374086395264655,0.7344485808843494,2.8220834362501854,503.26986248609745,0.08233328812152063,COARSE_SECTOR_PROFILE,False,DATA_AND_RESEARCH_EVIDENCE_ONLY,NONE
FIN_CFO_MARGIN_TTM,INSURANCE,PRODUCTION_CORE,0,5,0.0,,,,,,,,,COARSE_SECTOR_PROFILE,False,DATA_AND_RESEARCH_EVIDENCE_ONLY,NONE
FIN_CFO_MARGIN_TTM,SECURITIES_AND_BROKERAGE,PRODUCTION_CORE,0,50,0.0,,,,,,,,,COARSE_SECTOR_PROFILE,False,DATA_AND_RESEARCH_EVIDENCE_ONLY,NONE
FIN_CFO_MARGIN_TTM,UNRESOLVED,PRODUCTION_CORE,0,329,0.0,,,,,,,,,COARSE_SECTOR_PROFILE,False,DATA_AND_RESEARCH_EVIDENCE_ONLY,NONE
FIN_CFO_TO_INTEREST_BEARING_DEBT_TTM,BANK,DIAGNOSTIC_ONLY,0,42,0.0,,,,,,,,,COARSE_SECTOR_PROFILE,False,DATA_AND_RESEARCH_EVIDENCE_ONLY,NONE
FIN_CFO_TO_INTEREST_BEARING_DEBT_TTM,GENERAL_NON_FINANCIAL,DIAGNOSTIC_ONLY,604,5102,0.11838494707957664,-1283.9072346,-558.682644537513,-0.5794204354584486,0.16425859558062916,6.957166134754815,282.8983988870069,377.04259701794564,0.13336988110837744,COARSE_SECTOR_PROFILE,False,DATA_AND_RESEARCH_EVIDENCE_ONLY,NONE
FIN_CFO_TO_INTEREST_BEARING_DEBT_TTM,INSURANCE,DIAGNOSTIC_ONLY,0,5,0.0,,,,,,,,,COARSE_SECTOR_PROFILE,False,DATA_AND_RESEARCH_EVIDENCE_ONLY,NONE
FIN_CFO_TO_INTEREST_BEARING_DEBT_TTM,SECURITIES_AND_BROKERAGE,DIAGNOSTIC_ONLY,0,50,0.0,,,,,,,,,COARSE_SECTOR_PROFILE,False,DATA_AND_RESEARCH_EVIDENCE_ONLY,NONE
FIN_CFO_TO_INTEREST_BEARING_DEBT_TTM,UNRESOLVED,DIAGNOSTIC_ONLY,0,329,0.0,,,,,,,,,COARSE_SECTOR_PROFILE,False,DATA_AND_RESEARCH_EVIDENCE_ONLY,NONE
FIN_CFO_TO_PARENT_NI_TTM,BANK,PRODUCTION_CORE,0,42,0.0,,,,,,,,,COARSE_SECTOR_PROFILE,False,DATA_AND_RESEARCH_EVIDENCE_ONLY,NONE
FIN_CFO_TO_PARENT_NI_TTM,GENERAL_NON_FINANCIAL,PRODUCTION_CORE,3518,5102,0.6895335162681302,-1270.0545712137637,-169.19870679808741,-10.022727173944043,1.477320404119908,29.044246845176787,162.82069745968724,248.92984906215233,0.9234850856409278,COARSE_SECTOR_PROFILE,False,DATA_AND_RESEARCH_EVIDENCE_ONLY,NONE
FIN_CFO_TO_PARENT_NI_TTM,INSURANCE,PRODUCTION_CORE,0,5,0.0,,,,,,,,,COARSE_SECTOR_PROFILE,False,DATA_AND_RESEARCH_EVIDENCE_ONLY,NONE
FIN_CFO_TO_PARENT_NI_TTM,SECURITIES_AND_BROKERAGE,PRODUCTION_CORE,0,50,0.0,,,,,,,,,COARSE_SECTOR_PROFILE,False,DATA_AND_RESEARCH_EVIDENCE_ONLY,NONE
FIN_CFO_TO_PARENT_NI_TTM,UNRESOLVED,PRODUCTION_CORE,0,329,0.0,,,,,,,,,COARSE_SECTOR_PROFILE,False,DATA_AND_RESEARCH_EVIDENCE_ONLY,NONE
FIN_CFO_YOY,BANK,PRODUCTION_CORE,0,42,0.0,,,,,,,,,COARSE_SECTOR_PROFILE,False,DATA_AND_RESEARCH_EVIDENCE_ONLY,NONE
FIN_CFO_YOY,GENERAL_NON_FINANCIAL,PRODUCTION_CORE,3398,5102,0.6660133281066248,-0.9995325641451976,-0.9944087586993735,-0.955498380141681,0.041734307517477975,18.71446117395652,320.0392180184705,740.5987354648282,0.4223079519280424,COARSE_SECTOR_PROFILE,False,DATA_AND_RESEARCH_EVIDENCE_ONLY,NONE
FIN_CFO_YOY,INSURANCE,PRODUCTION_CORE,0,5,0.0,,,,,,,,,COARSE_SECTOR_PROFILE,False,DATA_AND_RESEARCH_EVIDENCE_ONLY,NONE
FIN_CFO_YOY,SECURITIES_AND_BROKERAGE,PRODUCTION_CORE,0,50,0.0,,,,,,,,,COARSE_SECTOR_PROFILE,False,DATA_AND_RESEARCH_EVIDENCE_ONLY,NONE
FIN_CFO_YOY,UNRESOLVED,PRODUCTION_CORE,0,329,0.0,,,,,,,,,COARSE_SECTOR_PROFILE,False,DATA_AND_RESEARCH_EVIDENCE_ONLY,NONE
FIN_CURRENT_RATIO,BANK,PRODUCTION_CORE,0,42,0.0,,,,,,,,,COARSE_SECTOR_PROFILE,False,DATA_AND_RESEARCH_EVIDENCE_ONLY,NONE
FIN_CURRENT_RATIO,GENERAL_NON_FINANCIAL,PRODUCTION_CORE,5079,5102,0.9954919639357115,0.08156743155493577,0.14233734271287582,0.30957025623243706,1.8089864370878619,17.232583877547448,32.58624936397136,53.19481768758633,0.7473315623123553,COARSE_SECTOR_PROFILE,False,DATA_AND_RESEARCH_EVIDENCE_ONLY,NONE
FIN_CURRENT_RATIO,INSURANCE,PRODUCTION_CORE,0,5,0.0,,,,,,,,,COARSE_SECTOR_PROFILE,False,DATA_AND_RESEARCH_EVIDENCE_ONLY,NONE
FIN_CURRENT_RATIO,SECURITIES_AND_BROKERAGE,PRODUCTION_CORE,0,50,0.0,,,,,,,,,COARSE_SECTOR_PROFILE,False,DATA_AND_RESEARCH_EVIDENCE_ONLY,NONE
FIN_CURRENT_RATIO,UNRESOLVED,PRODUCTION_CORE,0,329,0.0,,,,,,,,,COARSE_SECTOR_PROFILE,False,DATA_AND_RESEARCH_EVIDENCE_ONLY,NONE
FIN_EFFECTIVE_TAX_RATE_TTM,BANK,DIAGNOSTIC_ONLY,0,42,0.0,,,,,,,,,COARSE_SECTOR_PROFILE,False,DATA_AND_RESEARCH_EVIDENCE_ONLY,NONE
FIN_EFFECTIVE_TAX_RATE_TTM,GENERAL_NON_FINANCIAL,DIAGNOSTIC_ONLY,3491,5102,0.6842414739317915,-0.6696566219818632,-0.2831478881800911,-0.013317071712997734,0.14609834231948896,2.2139192879505774,13.011393497888774,118.23377729341992,0.06062793554294643,COARSE_SECTOR_PROFILE,False,DATA_AND_RESEARCH_EVIDENCE_ONLY,NONE
FIN_EFFECTIVE_TAX_RATE_TTM,INSURANCE,DIAGNOSTIC_ONLY,0,5,0.0,,,,,,,,,COARSE_SECTOR_PROFILE,False,DATA_AND_RESEARCH_EVIDENCE_ONLY,NONE
FIN_EFFECTIVE_TAX_RATE_TTM,SECURITIES_AND_BROKERAGE,DIAGNOSTIC_ONLY,0,50,0.0,,,,,,,,,COARSE_SECTOR_PROFILE,False,DATA_AND_RESEARCH_EVIDENCE_ONLY,NONE
FIN_EFFECTIVE_TAX_RATE_TTM,UNRESOLVED,DIAGNOSTIC_ONLY,0,329,0.0,,,,,,,,,COARSE_SECTOR_PROFILE,False,DATA_AND_RESEARCH_EVIDENCE_ONLY,NONE
FIN_FCF_MARGIN_TTM,BANK,PRODUCTION_CORE,0,42,0.0,,,,,,,,,COARSE_SECTOR_PROFILE,False,DATA_AND_RESEARCH_EVIDENCE_ONLY,NONE
FIN_FCF_MARGIN_TTM,GENERAL_NON_FINANCIAL,PRODUCTION_CORE,4925,5102,0.9653077224617796,-8.569867819224083,-3.594656576941371,-1.0088142420943589,0.020378836485338735,0.5334637556063374,3.0169583468973737,495.94724488811113,0.08461445599563554,COARSE_SECTOR_PROFILE,False,DATA_AND_RESEARCH_EVIDENCE_ONLY,NONE
FIN_FCF_MARGIN_TTM,INSURANCE,PRODUCTION_CORE,0,5,0.0,,,,,,,,,COARSE_SECTOR_PROFILE,False,DATA_AND_RESEARCH_EVIDENCE_ONLY,NONE
FIN_FCF_MARGIN_TTM,SECURITIES_AND_BROKERAGE,PRODUCTION_CORE,0,50,0.0,,,,,,,,,COARSE_SECTOR_PROFILE,False,DATA_AND_RESEARCH_EVIDENCE_ONLY,NONE
FIN_FCF_MARGIN_TTM,UNRESOLVED,PRODUCTION_CORE,0,329,0.0,,,,,,,,,COARSE_SECTOR_PROFILE,False,DATA_AND_RESEARCH_EVIDENCE_ONLY,NONE
FIN_GOODWILL_TO_EQUITY,BANK,DIAGNOSTIC_ONLY,0,42,0.0,,,,,,,,,COARSE_SECTOR_PROFILE,False,DATA_AND_RESEARCH_EVIDENCE_ONLY,NONE
FIN_GOODWILL_TO_EQUITY,GENERAL_NON_FINANCIAL,DIAGNOSTIC_ONLY,2542,5102,0.4982359858878871,0.0,0.0,0.0,0.01904059653105892,0.8981969897168038,12.747961461103433,39.02128056615449,0.01839891802949893,COARSE_SECTOR_PROFILE,False,DATA_AND_RESEARCH_EVIDENCE_ONLY,NONE
FIN_GOODWILL_TO_EQUITY,INSURANCE,DIAGNOSTIC_ONLY,0,5,0.0,,,,,,,,,COARSE_SECTOR_PROFILE,False,DATA_AND_RESEARCH_EVIDENCE_ONLY,NONE
FIN_GOODWILL_TO_EQUITY,SECURITIES_AND_BROKERAGE,DIAGNOSTIC_ONLY,0,50,0.0,,,,,,,,,COARSE_SECTOR_PROFILE,False,DATA_AND_RESEARCH_EVIDENCE_ONLY,NONE
FIN_GOODWILL_TO_EQUITY,UNRESOLVED,DIAGNOSTIC_ONLY,0,329,0.0,,,,,,,,,COARSE_SECTOR_PROFILE,False,DATA_AND_RESEARCH_EVIDENCE_ONLY,NONE
FIN_GROSS_MARGIN_TTM,BANK,PRODUCTION_CORE,0,42,0.0,,,,,,,,,COARSE_SECTOR_PROFILE,False,DATA_AND_RESEARCH_EVIDENCE_ONLY,NONE
FIN_GROSS_MARGIN_TTM,GENERAL_NON_FINANCIAL,PRODUCTION_CORE,4991,5102,0.9782438259506077,-3.135041251344507,-0.48279277198798953,-0.06959758258971238,0.23799212709332118,0.8594704704046437,0.9581422390930094,0.9923242553664838,0.10616855911585102,COARSE_SECTOR_PROFILE,False,DATA_AND_RESEARCH_EVIDENCE_ONLY,NONE
FIN_GROSS_MARGIN_TTM,INSURANCE,PRODUCTION_CORE,0,5,0.0,,,,,,,,,COARSE_SECTOR_PROFILE,False,DATA_AND_RESEARCH_EVIDENCE_ONLY,NONE
FIN_GROSS_MARGIN_TTM,SECURITIES_AND_BROKERAGE,PRODUCTION_CORE,0,50,0.0,,,,,,,,,COARSE_SECTOR_PROFILE,False,DATA_AND_RESEARCH_EVIDENCE_ONLY,NONE
FIN_GROSS_MARGIN_TTM,UNRESOLVED,PRODUCTION_CORE,0,329,0.0,,,,,,,,,COARSE_SECTOR_PROFILE,False,DATA_AND_RESEARCH_EVIDENCE_ONLY,NONE
FIN_GROSS_MARGIN_YOY_DELTA,BANK,PRODUCTION_CORE,0,42,0.0,,,,,,,,,COARSE_SECTOR_PROFILE,False,DATA_AND_RESEARCH_EVIDENCE_ONLY,NONE
FIN_GROSS_MARGIN_YOY_DELTA,GENERAL_NON_FINANCIAL,PRODUCTION_CORE,4879,5102,0.9562916503332026,-3.385177215254787,-0.5561020695790638,-0.21043786328224642,-0.0006622630684387509,0.222855555194188,0.690608342399744,2.243724165591052,0.021568067070123674,COARSE_SECTOR_PROFILE,False,DATA_AND_RESEARCH_EVIDENCE_ONLY,NONE
FIN_GROSS_MARGIN_YOY_DELTA,INSURANCE,PRODUCTION_CORE,0,5,0.0,,,,,,,,,COARSE_SECTOR_PROFILE,False,DATA_AND_RESEARCH_EVIDENCE_ONLY,NONE
FIN_GROSS_MARGIN_YOY_DELTA,SECURITIES_AND_BROKERAGE,PRODUCTION_CORE,0,50,0.0,,,,,,,,,COARSE_SECTOR_PROFILE,False,DATA_AND_RESEARCH_EVIDENCE_ONLY,NONE
FIN_GROSS_MARGIN_YOY_DELTA,UNRESOLVED,PRODUCTION_CORE,0,329,0.0,,,,,,,,,COARSE_SECTOR_PROFILE,False,DATA_AND_RESEARCH_EVIDENCE_ONLY,NONE
FIN_INTEREST_BEARING_DEBT_TO_EQUITY,BANK,DIAGNOSTIC_ONLY,0,42,0.0,,,,,,,,,COARSE_SECTOR_PROFILE,False,DATA_AND_RESEARCH_EVIDENCE_ONLY,NONE
FIN_INTEREST_BEARING_DEBT_TO_EQUITY,GENERAL_NON_FINANCIAL,DIAGNOSTIC_ONLY,618,5102,0.12112896903175226,0.0,0.0,0.0,0.6432273516613294,11.579613892835578,89.47641127851317,122.10157134127573,0.37055321670222585,COARSE_SECTOR_PROFILE,False,DATA_AND_RESEARCH_EVIDENCE_ONLY,NONE
FIN_INTEREST_BEARING_DEBT_TO_EQUITY,INSURANCE,DIAGNOSTIC_ONLY,0,5,0.0,,,,,,,,,COARSE_SECTOR_PROFILE,False,DATA_AND_RESEARCH_EVIDENCE_ONLY,NONE
FIN_INTEREST_BEARING_DEBT_TO_EQUITY,SECURITIES_AND_BROKERAGE,DIAGNOSTIC_ONLY,0,50,0.0,,,,,,,,,COARSE_SECTOR_PROFILE,False,DATA_AND_RESEARCH_EVIDENCE_ONLY,NONE
FIN_INTEREST_BEARING_DEBT_TO_EQUITY,UNRESOLVED,DIAGNOSTIC_ONLY,0,329,0.0,,,,,,,,,COARSE_SECTOR_PROFILE,False,DATA_AND_RESEARCH_EVIDENCE_ONLY,NONE
FIN_INVENTORY_TO_REVENUE_TTM,BANK,DIAGNOSTIC_ONLY,0,42,0.0,,,,,,,,,COARSE_SECTOR_PROFILE,False,DATA_AND_RESEARCH_EVIDENCE_ONLY,NONE
FIN_INVENTORY_TO_REVENUE_TTM,GENERAL_NON_FINANCIAL,DIAGNOSTIC_ONLY,4939,5102,0.9680517444139554,0.0,6.325185290533888e-05,0.0014463061075574751,0.20103217103028215,3.003885986180002,9.64001080810062,13.703536317435704,0.10436715271904135,COARSE_SECTOR_PROFILE,False,DATA_AND_RESEARCH_EVIDENCE_ONLY,NONE
FIN_INVENTORY_TO_REVENUE_TTM,INSURANCE,DIAGNOSTIC_ONLY,0,5,0.0,,,,,,,,,COARSE_SECTOR_PROFILE,False,DATA_AND_RESEARCH_EVIDENCE_ONLY,NONE
FIN_INVENTORY_TO_REVENUE_TTM,SECURITIES_AND_BROKERAGE,DIAGNOSTIC_ONLY,0,50,0.0,,,,,,,,,COARSE_SECTOR_PROFILE,False,DATA_AND_RESEARCH_EVIDENCE_ONLY,NONE
FIN_INVENTORY_TO_REVENUE_TTM,UNRESOLVED,DIAGNOSTIC_ONLY,0,329,0.0,,,,,,,,,COARSE_SECTOR_PROFILE,False,DATA_AND_RESEARCH_EVIDENCE_ONLY,NONE
FIN_LIABILITIES_TO_ASSETS,BANK,PRODUCTION_CORE,0,42,0.0,,,,,,,,,COARSE_SECTOR_PROFILE,False,DATA_AND_RESEARCH_EVIDENCE_ONLY,NONE
FIN_LIABILITIES_TO_ASSETS,GENERAL_NON_FINANCIAL,PRODUCTION_CORE,5082,5102,0.9960799686397491,0.013121000448092933,0.023957853169907884,0.05069951935379509,0.4018277782514083,0.9718707087662792,1.3363299672325748,2.3380363205529386,0.16435342978941642,COARSE_SECTOR_PROFILE,False,DATA_AND_RESEARCH_EVIDENCE_ONLY,NONE
FIN_LIABILITIES_TO_ASSETS,INSURANCE,PRODUCTION_CORE,0,5,0.0,,,,,,,,,COARSE_SECTOR_PROFILE,False,DATA_AND_RESEARCH_EVIDENCE_ONLY,NONE
FIN_LIABILITIES_TO_ASSETS,SECURITIES_AND_BROKERAGE,PRODUCTION_CORE,0,50,0.0,,,,,,,,,COARSE_SECTOR_PROFILE,False,DATA_AND_RESEARCH_EVIDENCE_ONLY,NONE
FIN_LIABILITIES_TO_ASSETS,UNRESOLVED,PRODUCTION_CORE,0,329,0.0,,,,,,,,,COARSE_SECTOR_PROFILE,False,DATA_AND_RESEARCH_EVIDENCE_ONLY,NONE
FIN_NET_DEBT_TO_EQUITY,BANK,DIAGNOSTIC_ONLY,0,42,0.0,,,,,,,,,COARSE_SECTOR_PROFILE,False,DATA_AND_RESEARCH_EVIDENCE_ONLY,NONE
FIN_NET_DEBT_TO_EQUITY,GENERAL_NON_FINANCIAL,DIAGNOSTIC_ONLY,618,5102,0.12112896903175226,-1.2299894190640044,-1.2243107371308635,-0.7612685867327881,0.3474818420829707,9.669060750893609,47.89772245734916,67.18827562198602,0.36679383111963015,COARSE_SECTOR_PROFILE,False,DATA_AND_RESEARCH_EVIDENCE_ONLY,NONE
FIN_NET_DEBT_TO_EQUITY,INSURANCE,DIAGNOSTIC_ONLY,0,5,0.0,,,,,,,,,COARSE_SECTOR_PROFILE,False,DATA_AND_RESEARCH_EVIDENCE_ONLY,NONE
FIN_NET_DEBT_TO_EQUITY,SECURITIES_AND_BROKERAGE,DIAGNOSTIC_ONLY,0,50,0.0,,,,,,,,,COARSE_SECTOR_PROFILE,False,DATA_AND_RESEARCH_EVIDENCE_ONLY,NONE
FIN_NET_DEBT_TO_EQUITY,UNRESOLVED,DIAGNOSTIC_ONLY,0,329,0.0,,,,,,,,,COARSE_SECTOR_PROFILE,False,DATA_AND_RESEARCH_EVIDENCE_ONLY,NONE
FIN_NET_MARGIN_PARENT_TTM,BANK,PRODUCTION_CORE,0,42,0.0,,,,,,,,,COARSE_SECTOR_PROFILE,False,DATA_AND_RESEARCH_EVIDENCE_ONLY,NONE
FIN_NET_MARGIN_PARENT_TTM,GENERAL_NON_FINANCIAL,PRODUCTION_CORE,4994,5102,0.9788318306546452,-28.539989821340562,-5.44306234968814,-1.396350643075104,0.03753187003046003,0.42942211280199694,2.8995908028848447,56.65133825203069,0.05919256353052299,COARSE_SECTOR_PROFILE,False,DATA_AND_RESEARCH_EVIDENCE_ONLY,NONE
FIN_NET_MARGIN_PARENT_TTM,INSURANCE,PRODUCTION_CORE,0,5,0.0,,,,,,,,,COARSE_SECTOR_PROFILE,False,DATA_AND_RESEARCH_EVIDENCE_ONLY,NONE
FIN_NET_MARGIN_PARENT_TTM,SECURITIES_AND_BROKERAGE,PRODUCTION_CORE,0,50,0.0,,,,,,,,,COARSE_SECTOR_PROFILE,False,DATA_AND_RESEARCH_EVIDENCE_ONLY,NONE
FIN_NET_MARGIN_PARENT_TTM,UNRESOLVED,PRODUCTION_CORE,0,329,0.0,,,,,,,,,COARSE_SECTOR_PROFILE,False,DATA_AND_RESEARCH_EVIDENCE_ONLY,NONE
FIN_OPERATING_MARGIN_TTM,BANK,PRODUCTION_CORE,0,42,0.0,,,,,,,,,COARSE_SECTOR_PROFILE,False,DATA_AND_RESEARCH_EVIDENCE_ONLY,NONE
FIN_OPERATING_MARGIN_TTM,GENERAL_NON_FINANCIAL,PRODUCTION_CORE,4994,5102,0.9788318306546452,-19.51858088321565,-5.1588100161030255,-1.2823163094102101,0.047634373597577905,0.526823150696486,3.6819042518452734,84.14100415255696,0.06880945454278047,COARSE_SECTOR_PROFILE,False,DATA_AND_RESEARCH_EVIDENCE_ONLY,NONE
FIN_OPERATING_MARGIN_TTM,INSURANCE,PRODUCTION_CORE,0,5,0.0,,,,,,,,,COARSE_SECTOR_PROFILE,False,DATA_AND_RESEARCH_EVIDENCE_ONLY,NONE
FIN_OPERATING_MARGIN_TTM,SECURITIES_AND_BROKERAGE,PRODUCTION_CORE,0,50,0.0,,,,,,,,,COARSE_SECTOR_PROFILE,False,DATA_AND_RESEARCH_EVIDENCE_ONLY,NONE
FIN_OPERATING_MARGIN_TTM,UNRESOLVED,PRODUCTION_CORE,0,329,0.0,,,,,,,,,COARSE_SECTOR_PROFILE,False,DATA_AND_RESEARCH_EVIDENCE_ONLY,NONE
FIN_OPERATING_MARGIN_YOY_DELTA,BANK,PRODUCTION_CORE,0,42,0.0,,,,,,,,,COARSE_SECTOR_PROFILE,False,DATA_AND_RESEARCH_EVIDENCE_ONLY,NONE
FIN_OPERATING_MARGIN_YOY_DELTA,GENERAL_NON_FINANCIAL,PRODUCTION_CORE,4883,5102,0.9570756566052528,-17.459307461433575,-3.921306943290743,-0.8273711850004666,-0.003033389357318332,0.8967352305167755,6.097281863760317,22.395930618080772,0.03567371604228576,COARSE_SECTOR_PROFILE,False,DATA_AND_RESEARCH_EVIDENCE_ONLY,NONE
FIN_OPERATING_MARGIN_YOY_DELTA,INSURANCE,PRODUCTION_CORE,0,5,0.0,,,,,,,,,COARSE_SECTOR_PROFILE,False,DATA_AND_RESEARCH_EVIDENCE_ONLY,NONE
FIN_OPERATING_MARGIN_YOY_DELTA,SECURITIES_AND_BROKERAGE,PRODUCTION_CORE,0,50,0.0,,,,,,,,,COARSE_SECTOR_PROFILE,False,DATA_AND_RESEARCH_EVIDENCE_ONLY,NONE
FIN_OPERATING_MARGIN_YOY_DELTA,UNRESOLVED,PRODUCTION_CORE,0,329,0.0,,,,,,,,,COARSE_SECTOR_PROFILE,False,DATA_AND_RESEARCH_EVIDENCE_ONLY,NONE
FIN_PARENT_NI_CAGR_3Y,BANK,DEFERRED_HISTORY,0,42,0.0,,,,,,,,,COARSE_SECTOR_PROFILE,False,DATA_AND_RESEARCH_EVIDENCE_ONLY,NONE
FIN_PARENT_NI_CAGR_3Y,GENERAL_NON_FINANCIAL,DEFERRED_HISTORY,0,5102,0.0,,,,,,,,,COARSE_SECTOR_PROFILE,False,DATA_AND_RESEARCH_EVIDENCE_ONLY,NONE
FIN_PARENT_NI_CAGR_3Y,INSURANCE,DEFERRED_HISTORY,0,5,0.0,,,,,,,,,COARSE_SECTOR_PROFILE,False,DATA_AND_RESEARCH_EVIDENCE_ONLY,NONE
FIN_PARENT_NI_CAGR_3Y,SECURITIES_AND_BROKERAGE,DEFERRED_HISTORY,0,50,0.0,,,,,,,,,COARSE_SECTOR_PROFILE,False,DATA_AND_RESEARCH_EVIDENCE_ONLY,NONE
FIN_PARENT_NI_CAGR_3Y,UNRESOLVED,DEFERRED_HISTORY,0,329,0.0,,,,,,,,,COARSE_SECTOR_PROFILE,False,DATA_AND_RESEARCH_EVIDENCE_ONLY,NONE
FIN_PARENT_NI_YOY,BANK,PRODUCTION_CORE,42,42,1.0,-0.23698408942897076,-0.23609759410726858,-0.228119136211949,0.03249464031063387,0.19188710800115258,0.2243235029207818,0.22792754680074023,0.02516923368495927,COARSE_SECTOR_PROFILE,False,DATA_AND_RESEARCH_EVIDENCE_ONLY,NONE
FIN_PARENT_NI_YOY,GENERAL_NON_FINANCIAL,PRODUCTION_CORE,3060,5102,0.5997647981183849,-0.993565048779482,-0.9740753006770134,-0.8986787506943325,0.018944582541895905,6.8953459897260565,113.27292731280443,452.5179207849185,0.29420166284585886,COARSE_SECTOR_PROFILE,False,DATA_AND_RESEARCH_EVIDENCE_ONLY,NONE
FIN_PARENT_NI_YOY,INSURANCE,PRODUCTION_CORE,5,5,1.0,-0.08863223184686131,-0.08773473971575146,-0.07965731053576292,0.25794792037743397,0.3543035811224908,0.357878736779112,0.3582759762965144,0.10032805591908045,COARSE_SECTOR_PROFILE,False,DATA_AND_RESEARCH_EVIDENCE_ONLY,NONE
FIN_PARENT_NI_YOY,SECURITIES_AND_BROKERAGE,PRODUCTION_CORE,49,50,0.98,-0.6546304178870763,-0.6541236511740552,-0.6495627507568656,0.27840432290930517,1.2739297845942084,1.3801988553325257,1.3920065298590059,0.20117515812807718,COARSE_SECTOR_PROFILE,False,DATA_AND_RESEARCH_EVIDENCE_ONLY,NONE
FIN_PARENT_NI_YOY,UNRESOLVED,PRODUCTION_CORE,0,329,0.0,,,,,,,,,COARSE_SECTOR_PROFILE,False,DATA_AND_RESEARCH_EVIDENCE_ONLY,NONE
FIN_PPNE_TO_ASSETS,BANK,DIAGNOSTIC_ONLY,0,42,0.0,,,,,,,,,COARSE_SECTOR_PROFILE,False,DATA_AND_RESEARCH_EVIDENCE_ONLY,NONE
FIN_PPNE_TO_ASSETS,GENERAL_NON_FINANCIAL,DIAGNOSTIC_ONLY,5081,5102,0.9958839670717365,0.00024623195204275574,0.00040008165278140526,0.0019737552629789474,0.18566857396106393,0.6552615968976284,0.7899652524416745,0.9322340747464379,0.10154395395755686,COARSE_SECTOR_PROFILE,False,DATA_AND_RESEARCH_EVIDENCE_ONLY,NONE
FIN_PPNE_TO_ASSETS,INSURANCE,DIAGNOSTIC_ONLY,0,5,0.0,,,,,,,,,COARSE_SECTOR_PROFILE,False,DATA_AND_RESEARCH_EVIDENCE_ONLY,NONE
FIN_PPNE_TO_ASSETS,SECURITIES_AND_BROKERAGE,DIAGNOSTIC_ONLY,0,50,0.0,,,,,,,,,COARSE_SECTOR_PROFILE,False,DATA_AND_RESEARCH_EVIDENCE_ONLY,NONE
FIN_PPNE_TO_ASSETS,UNRESOLVED,DIAGNOSTIC_ONLY,0,329,0.0,,,,,,,,,COARSE_SECTOR_PROFILE,False,DATA_AND_RESEARCH_EVIDENCE_ONLY,NONE
FIN_RECEIVABLES_TO_REVENUE_TTM,BANK,DIAGNOSTIC_ONLY,0,42,0.0,,,,,,,,,COARSE_SECTOR_PROFILE,False,DATA_AND_RESEARCH_EVIDENCE_ONLY,NONE
FIN_RECEIVABLES_TO_REVENUE_TTM,GENERAL_NON_FINANCIAL,DIAGNOSTIC_ONLY,4987,5102,0.9774598196785574,2.523932534420214e-06,0.00010305517785235388,0.0037726214884243273,0.2329966776250665,1.8259331850332075,5.323232010512975,22.86518083890731,0.12488606496838309,COARSE_SECTOR_PROFILE,False,DATA_AND_RESEARCH_EVIDENCE_ONLY,NONE
FIN_RECEIVABLES_TO_REVENUE_TTM,INSURANCE,DIAGNOSTIC_ONLY,0,5,0.0,,,,,,,,,COARSE_SECTOR_PROFILE,False,DATA_AND_RESEARCH_EVIDENCE_ONLY,NONE
FIN_RECEIVABLES_TO_REVENUE_TTM,SECURITIES_AND_BROKERAGE,DIAGNOSTIC_ONLY,0,50,0.0,,,,,,,,,COARSE_SECTOR_PROFILE,False,DATA_AND_RESEARCH_EVIDENCE_ONLY,NONE
FIN_RECEIVABLES_TO_REVENUE_TTM,UNRESOLVED,DIAGNOSTIC_ONLY,0,329,0.0,,,,,,,,,COARSE_SECTOR_PROFILE,False,DATA_AND_RESEARCH_EVIDENCE_ONLY,NONE
FIN_REVENUE_CAGR_3Y,BANK,DEFERRED_HISTORY,0,42,0.0,,,,,,,,,COARSE_SECTOR_PROFILE,False,DATA_AND_RESEARCH_EVIDENCE_ONLY,NONE
FIN_REVENUE_CAGR_3Y,GENERAL_NON_FINANCIAL,DEFERRED_HISTORY,0,5102,0.0,,,,,,,,,COARSE_SECTOR_PROFILE,False,DATA_AND_RESEARCH_EVIDENCE_ONLY,NONE
FIN_REVENUE_CAGR_3Y,INSURANCE,DEFERRED_HISTORY,0,5,0.0,,,,,,,,,COARSE_SECTOR_PROFILE,False,DATA_AND_RESEARCH_EVIDENCE_ONLY,NONE
FIN_REVENUE_CAGR_3Y,SECURITIES_AND_BROKERAGE,DEFERRED_HISTORY,0,50,0.0,,,,,,,,,COARSE_SECTOR_PROFILE,False,DATA_AND_RESEARCH_EVIDENCE_ONLY,NONE
FIN_REVENUE_CAGR_3Y,UNRESOLVED,DEFERRED_HISTORY,0,329,0.0,,,,,,,,,COARSE_SECTOR_PROFILE,False,DATA_AND_RESEARCH_EVIDENCE_ONLY,NONE
FIN_REVENUE_YOY,BANK,PRODUCTION_CORE,0,42,0.0,,,,,,,,,COARSE_SECTOR_PROFILE,False,DATA_AND_RESEARCH_EVIDENCE_ONLY,NONE
FIN_REVENUE_YOY,GENERAL_NON_FINANCIAL,PRODUCTION_CORE,4885,5102,0.9574676597412779,-2.307435927776355,-0.876802383663232,-0.5705762663716336,0.03204251695647864,1.3375365126748247,4.074063813431315,11.726929723645382,0.11737450988548614,COARSE_SECTOR_PROFILE,False,DATA_AND_RESEARCH_EVIDENCE_ONLY,NONE
FIN_REVENUE_YOY,INSURANCE,PRODUCTION_CORE,0,5,0.0,,,,,,,,,COARSE_SECTOR_PROFILE,False,DATA_AND_RESEARCH_EVIDENCE_ONLY,NONE
FIN_REVENUE_YOY,SECURITIES_AND_BROKERAGE,PRODUCTION_CORE,0,50,0.0,,,,,,,,,COARSE_SECTOR_PROFILE,False,DATA_AND_RESEARCH_EVIDENCE_ONLY,NONE
FIN_REVENUE_YOY,UNRESOLVED,PRODUCTION_CORE,0,329,0.0,,,,,,,,,COARSE_SECTOR_PROFILE,False,DATA_AND_RESEARCH_EVIDENCE_ONLY,NONE
FIN_ROA_AVG_ASSETS_TTM,BANK,PRODUCTION_CORE,42,42,1.0,0.002616749670195767,0.0026553872048106046,0.003003125016344141,0.007009914675685276,0.011239429758108946,0.01155438696292371,0.011589382207903124,0.0011839835418256859,COARSE_SECTOR_PROFILE,False,DATA_AND_RESEARCH_EVIDENCE_ONLY,NONE
FIN_ROA_AVG_ASSETS_TTM,GENERAL_NON_FINANCIAL,PRODUCTION_CORE,4997,5102,0.9794198353586828,-1.2069428917738794,-0.5159569383663536,-0.22729498228493777,0.01964093380417265,0.17655527066214127,0.3258886269607552,0.48174363581117785,0.02966063428436313,COARSE_SECTOR_PROFILE,False,DATA_AND_RESEARCH_EVIDENCE_ONLY,NONE
FIN_ROA_AVG_ASSETS_TTM,INSURANCE,PRODUCTION_CORE,5,5,1.0,0.00970888800424347,0.009740257392411383,0.010022581885922602,0.019709540179249665,0.022213075907770847,0.02227876044452597,0.02228605872638765,0.002158305133027897,COARSE_SECTOR_PROFILE,False,DATA_AND_RESEARCH_EVIDENCE_ONLY,NONE
FIN_ROA_AVG_ASSETS_TTM,SECURITIES_AND_BROKERAGE,PRODUCTION_CORE,50,50,1.0,0.001385176514894735,0.0013864521129982978,0.001397932495930362,0.014846225961572462,0.02601547216337079,0.028363023020226995,0.028623862004322126,0.0032611958694424925,COARSE_SECTOR_PROFILE,False,DATA_AND_RESEARCH_EVIDENCE_ONLY,NONE
FIN_ROA_AVG_ASSETS_TTM,UNRESOLVED,PRODUCTION_CORE,0,329,0.0,,,,,,,,,COARSE_SECTOR_PROFILE,False,DATA_AND_RESEARCH_EVIDENCE_ONLY,NONE
FIN_ROE_AVG_PARENT_EQUITY_TTM,BANK,PRODUCTION_CORE,42,42,1.0,0.03516950990574855,0.035505819937071734,0.03853261021898043,0.09017184944822593,0.13978387534917833,0.140108304096003,0.14014435173453907,0.015666837071570676,COARSE_SECTOR_PROFILE,False,DATA_AND_RESEARCH_EVIDENCE_ONLY,NONE
FIN_ROE_AVG_PARENT_EQUITY_TTM,GENERAL_NON_FINANCIAL,PRODUCTION_CORE,4969,5102,0.9739317914543316,-21.87847390874523,-7.392038034167724,-1.4290386426767299,0.03786040778857119,0.3347571147787417,0.9118542722029327,6.85117008934932,0.04905579730872274,COARSE_SECTOR_PROFILE,False,DATA_AND_RESEARCH_EVIDENCE_ONLY,NONE
FIN_ROE_AVG_PARENT_EQUITY_TTM,INSURANCE,PRODUCTION_CORE,5,5,1.0,0.13562929925440861,0.1356561604793772,0.13589791150409458,0.18490360280652662,0.3585796569692816,0.3624235537326793,0.36285065337305683,0.04927430355211801,COARSE_SECTOR_PROFILE,False,DATA_AND_RESEARCH_EVIDENCE_ONLY,NONE
FIN_ROE_AVG_PARENT_EQUITY_TTM,SECURITIES_AND_BROKERAGE,PRODUCTION_CORE,50,50,1.0,0.005193923367158507,0.005338890299285679,0.006643592688430229,0.07026176417546841,0.16865826569721581,0.18708025500669148,0.1891271427077443,0.017101892917642164,COARSE_SECTOR_PROFILE,False,DATA_AND_RESEARCH_EVIDENCE_ONLY,NONE
FIN_ROE_AVG_PARENT_EQUITY_TTM,UNRESOLVED,PRODUCTION_CORE,0,329,0.0,,,,,,,,,COARSE_SECTOR_PROFILE,False,DATA_AND_RESEARCH_EVIDENCE_ONLY,NONE
