previous_date,current_date,symbol,name,previous_rank,current_rank,rank_change,previous_priority,current_priority,previous_primary_sleeve,current_primary_sleeve
2026-07-10,2026-07-13,000001.SZ,平安银行,61,61,0,C_SCREEN_FLAG_ONLY,C_SCREEN_FLAG_ONLY,DEFENSIVE_STABILITY,DEFENSIVE_STABILITY
2026-07-10,2026-07-13,000021.SZ,深科技,17,29,-12,A_IMMEDIATE_RESEARCH,B_WATCH_OR_TRIGGER,LIQUID_BREAKOUT,LIQUID_BREAKOUT
2026-07-10,2026-07-13,000032.SZ,深桑达Ａ,16,66,-50,A_IMMEDIATE_RESEARCH,C_SCREEN_FLAG_ONLY,RECOVERY_WATCH,RECOVERY_WATCH
2026-07-10,2026-07-13,000034.SZ,神州数码,37,40,-3,B_WATCH_OR_TRIGGER,B_WATCH_OR_TRIGGER,RECOVERY_WATCH,RECOVERY_WATCH
2026-07-10,2026-07-13,000088.SZ,盐 田 港,47,39,8,B_WATCH_OR_TRIGGER,B_WATCH_OR_TRIGGER,DEFENSIVE_STABILITY,DEFENSIVE_STABILITY
2026-07-10,2026-07-13,000333.SZ,美的集团,75,76,-1,C_SCREEN_FLAG_ONLY,C_SCREEN_FLAG_ONLY,DEFENSIVE_STABILITY,DEFENSIVE_STABILITY
2026-07-10,2026-07-13,000538.SZ,云南白药,9,15,-6,A_IMMEDIATE_RESEARCH,A_IMMEDIATE_RESEARCH,DEFENSIVE_STABILITY,DEFENSIVE_STABILITY
2026-07-10,2026-07-13,000598.SZ,兴蓉环境,32,28,4,B_WATCH_OR_TRIGGER,B_WATCH_OR_TRIGGER,DEFENSIVE_STABILITY,DEFENSIVE_STABILITY
2026-07-10,2026-07-13,000668.SZ,荣丰控股,8,27,-19,A_IMMEDIATE_RESEARCH,B_WATCH_OR_TRIGGER,TREND_PERSISTENCE,TREND_PERSISTENCE
2026-07-10,2026-07-13,000779.SZ,甘咨询,86,81,5,C_SCREEN_FLAG_ONLY,C_SCREEN_FLAG_ONLY,RECOVERY_WATCH,RECOVERY_WATCH
2026-07-10,2026-07-13,000938.SZ,紫光股份,33,16,17,B_WATCH_OR_TRIGGER,A_IMMEDIATE_RESEARCH,LIQUID_BREAKOUT,LIQUID_BREAKOUT
2026-07-10,2026-07-13,000977.SZ,浪潮信息,69,58,11,C_SCREEN_FLAG_ONLY,B_WATCH_OR_TRIGGER,LIQUID_BREAKOUT,LIQUID_BREAKOUT
2026-07-10,2026-07-13,001227.SZ,兰州银行,29,32,-3,B_WATCH_OR_TRIGGER,B_WATCH_OR_TRIGGER,DEFENSIVE_STABILITY,DEFENSIVE_STABILITY
2026-07-10,2026-07-13,002142.SZ,宁波银行,18,57,-39,A_IMMEDIATE_RESEARCH,B_WATCH_OR_TRIGGER,DEFENSIVE_STABILITY,DEFENSIVE_STABILITY
2026-07-10,2026-07-13,002174.SZ,游族网络,41,37,4,B_WATCH_OR_TRIGGER,B_WATCH_OR_TRIGGER,RECOVERY_WATCH,RECOVERY_WATCH
2026-07-10,2026-07-13,002185.SZ,华天科技,3,3,0,A_IMMEDIATE_RESEARCH,A_IMMEDIATE_RESEARCH,LIQUID_BREAKOUT,LIQUID_BREAKOUT
2026-07-10,2026-07-13,002371.SZ,北方华创,19,30,-11,A_IMMEDIATE_RESEARCH,B_WATCH_OR_TRIGGER,TREND_PERSISTENCE,TREND_PERSISTENCE
2026-07-10,2026-07-13,002409.SZ,雅克科技,24,47,-23,B_WATCH_OR_TRIGGER,B_WATCH_OR_TRIGGER,LIQUID_BREAKOUT,LIQUID_BREAKOUT
2026-07-10,2026-07-13,002507.SZ,涪陵榨菜,35,35,0,B_WATCH_OR_TRIGGER,B_WATCH_OR_TRIGGER,DEFENSIVE_STABILITY,DEFENSIVE_STABILITY
2026-07-10,2026-07-13,002674.SZ,兴业科技,90,62,28,C_SCREEN_FLAG_ONLY,C_SCREEN_FLAG_ONLY,LIQUID_BREAKOUT,LIQUID_BREAKOUT
2026-07-10,2026-07-13,002718.SZ,友邦吊顶,13,14,-1,A_IMMEDIATE_RESEARCH,A_IMMEDIATE_RESEARCH,TREND_PERSISTENCE,TREND_PERSISTENCE
2026-07-10,2026-07-13,002745.SZ,木林森,84,99,-15,C_SCREEN_FLAG_ONLY,C_SCREEN_FLAG_ONLY,LIQUID_BREAKOUT,LIQUID_BREAKOUT
2026-07-10,2026-07-13,002768.SZ,国恩股份,12,8,4,A_IMMEDIATE_RESEARCH,A_IMMEDIATE_RESEARCH,TREND_PERSISTENCE,TREND_PERSISTENCE
2026-07-10,2026-07-13,002839.SZ,张家港行,83,98,-15,C_SCREEN_FLAG_ONLY,C_SCREEN_FLAG_ONLY,DEFENSIVE_STABILITY,DEFENSIVE_STABILITY
2026-07-10,2026-07-13,002936.SZ,郑州银行,5,4,1,A_IMMEDIATE_RESEARCH,A_IMMEDIATE_RESEARCH,DEFENSIVE_STABILITY,DEFENSIVE_STABILITY
2026-07-10,2026-07-13,002937.SZ,兴瑞科技,23,41,-18,B_WATCH_OR_TRIGGER,B_WATCH_OR_TRIGGER,TREND_PERSISTENCE,TREND_PERSISTENCE
2026-07-10,2026-07-13,300201.SZ,海伦哲,57,56,1,B_WATCH_OR_TRIGGER,B_WATCH_OR_TRIGGER,TREND_PERSISTENCE,TREND_PERSISTENCE
2026-07-10,2026-07-13,300308.SZ,中际旭创,92,23,69,C_SCREEN_FLAG_ONLY,B_WATCH_OR_TRIGGER,TREND_PERSISTENCE,TREND_PERSISTENCE
2026-07-10,2026-07-13,300331.SZ,苏大维格,42,67,-25,B_WATCH_OR_TRIGGER,C_SCREEN_FLAG_ONLY,TREND_PERSISTENCE,TREND_PERSISTENCE
2026-07-10,2026-07-13,300458.SZ,全志科技,26,17,9,B_WATCH_OR_TRIGGER,A_IMMEDIATE_RESEARCH,RECOVERY_WATCH,RECOVERY_WATCH
2026-07-10,2026-07-13,300522.SZ,世名科技,56,74,-18,B_WATCH_OR_TRIGGER,C_SCREEN_FLAG_ONLY,RECOVERY_WATCH,RECOVERY_WATCH
2026-07-10,2026-07-13,300558.SZ,贝达药业,22,26,-4,B_WATCH_OR_TRIGGER,B_WATCH_OR_TRIGGER,RECOVERY_WATCH,RECOVERY_WATCH
2026-07-10,2026-07-13,300671.SZ,富满微,100,95,5,C_SCREEN_FLAG_ONLY,C_SCREEN_FLAG_ONLY,LIQUID_BREAKOUT,LIQUID_BREAKOUT
2026-07-10,2026-07-13,300687.SZ,赛意信息,11,2,9,A_IMMEDIATE_RESEARCH,A_IMMEDIATE_RESEARCH,RECOVERY_WATCH,RECOVERY_WATCH
2026-07-10,2026-07-13,301200.SZ,大族数控,1,5,-4,A_IMMEDIATE_RESEARCH,A_IMMEDIATE_RESEARCH,TREND_PERSISTENCE,TREND_PERSISTENCE
2026-07-10,2026-07-13,301228.SZ,实朴检测,60,82,-22,B_WATCH_OR_TRIGGER,C_SCREEN_FLAG_ONLY,TREND_PERSISTENCE,TREND_PERSISTENCE
2026-07-10,2026-07-13,301269.SZ,华大九天,67,13,54,C_SCREEN_FLAG_ONLY,A_IMMEDIATE_RESEARCH,RECOVERY_WATCH,RECOVERY_WATCH
2026-07-10,2026-07-13,301295.SZ,美硕科技,89,86,3,C_SCREEN_FLAG_ONLY,C_SCREEN_FLAG_ONLY,TREND_PERSISTENCE,TREND_PERSISTENCE
2026-07-10,2026-07-13,301369.SZ,联动科技,4,1,3,A_IMMEDIATE_RESEARCH,A_IMMEDIATE_RESEARCH,TREND_PERSISTENCE,TREND_PERSISTENCE
2026-07-10,2026-07-13,600016.SH,民生银行,72,68,4,C_SCREEN_FLAG_ONLY,C_SCREEN_FLAG_ONLY,DEFENSIVE_STABILITY,DEFENSIVE_STABILITY
2026-07-10,2026-07-13,600018.SH,上港集团,20,18,2,A_IMMEDIATE_RESEARCH,A_IMMEDIATE_RESEARCH,DEFENSIVE_STABILITY,DEFENSIVE_STABILITY
2026-07-10,2026-07-13,600036.SH,招商银行,98,94,4,C_SCREEN_FLAG_ONLY,C_SCREEN_FLAG_ONLY,DEFENSIVE_STABILITY,DEFENSIVE_STABILITY
2026-07-10,2026-07-13,600177.SH,雅戈尔,95,90,5,C_SCREEN_FLAG_ONLY,C_SCREEN_FLAG_ONLY,DEFENSIVE_STABILITY,DEFENSIVE_STABILITY
2026-07-10,2026-07-13,600206.SH,有研新材,10,43,-33,A_IMMEDIATE_RESEARCH,B_WATCH_OR_TRIGGER,LIQUID_BREAKOUT,LIQUID_BREAKOUT
2026-07-10,2026-07-13,600584.SH,长电科技,6,7,-1,A_IMMEDIATE_RESEARCH,A_IMMEDIATE_RESEARCH,LIQUID_BREAKOUT,LIQUID_BREAKOUT
2026-07-10,2026-07-13,600641.SH,先导基电,44,69,-25,B_WATCH_OR_TRIGGER,C_SCREEN_FLAG_ONLY,LIQUID_BREAKOUT,LIQUID_BREAKOUT
2026-07-10,2026-07-13,600900.SH,XD长江电,2,6,-4,A_IMMEDIATE_RESEARCH,A_IMMEDIATE_RESEARCH,DEFENSIVE_STABILITY,DEFENSIVE_STABILITY
2026-07-10,2026-07-13,600919.SH,江苏银行,39,46,-7,B_WATCH_OR_TRIGGER,B_WATCH_OR_TRIGGER,DEFENSIVE_STABILITY,DEFENSIVE_STABILITY
2026-07-10,2026-07-13,601006.SH,大秦铁路,68,72,-4,C_SCREEN_FLAG_ONLY,C_SCREEN_FLAG_ONLY,DEFENSIVE_STABILITY,DEFENSIVE_STABILITY
2026-07-10,2026-07-13,601128.SH,常熟银行,50,53,-3,B_WATCH_OR_TRIGGER,B_WATCH_OR_TRIGGER,DEFENSIVE_STABILITY,DEFENSIVE_STABILITY
2026-07-10,2026-07-13,601166.SH,兴业银行,91,87,4,C_SCREEN_FLAG_ONLY,C_SCREEN_FLAG_ONLY,DEFENSIVE_STABILITY,DEFENSIVE_STABILITY
2026-07-10,2026-07-13,601229.SH,上海银行,25,24,1,B_WATCH_OR_TRIGGER,B_WATCH_OR_TRIGGER,DEFENSIVE_STABILITY,DEFENSIVE_STABILITY
2026-07-10,2026-07-13,601328.SH,交通银行,79,79,0,C_SCREEN_FLAG_ONLY,C_SCREEN_FLAG_ONLY,DEFENSIVE_STABILITY,DEFENSIVE_STABILITY
2026-07-10,2026-07-13,601668.SH,中国建筑,64,49,15,C_SCREEN_FLAG_ONLY,B_WATCH_OR_TRIGGER,DEFENSIVE_STABILITY,DEFENSIVE_STABILITY
2026-07-10,2026-07-13,601818.SH,光大银行,14,9,5,A_IMMEDIATE_RESEARCH,A_IMMEDIATE_RESEARCH,DEFENSIVE_STABILITY,DEFENSIVE_STABILITY
2026-07-10,2026-07-13,601928.SH,凤凰传媒,58,64,-6,B_WATCH_OR_TRIGGER,C_SCREEN_FLAG_ONLY,DEFENSIVE_STABILITY,DEFENSIVE_STABILITY
2026-07-10,2026-07-13,601939.SH,建设银行,43,83,-40,B_WATCH_OR_TRIGGER,C_SCREEN_FLAG_ONLY,DEFENSIVE_STABILITY,DEFENSIVE_STABILITY
2026-07-10,2026-07-13,601985.SH,XD中国核,54,42,12,B_WATCH_OR_TRIGGER,B_WATCH_OR_TRIGGER,DEFENSIVE_STABILITY,DEFENSIVE_STABILITY
2026-07-10,2026-07-13,603065.SH,宿迁联盛,94,33,61,C_SCREEN_FLAG_ONLY,B_WATCH_OR_TRIGGER,LIQUID_BREAKOUT,LIQUID_BREAKOUT
2026-07-10,2026-07-13,603068.SH,博通集成,52,45,7,B_WATCH_OR_TRIGGER,B_WATCH_OR_TRIGGER,RECOVERY_WATCH,RECOVERY_WATCH
2026-07-10,2026-07-13,603156.SH,养元饮品,31,52,-21,B_WATCH_OR_TRIGGER,B_WATCH_OR_TRIGGER,TREND_PERSISTENCE,TREND_PERSISTENCE
2026-07-10,2026-07-13,603223.SH,恒通股份,30,31,-1,B_WATCH_OR_TRIGGER,B_WATCH_OR_TRIGGER,RECOVERY_WATCH,RECOVERY_WATCH
2026-07-10,2026-07-13,603268.SH,松发股份,34,38,-4,B_WATCH_OR_TRIGGER,B_WATCH_OR_TRIGGER,TREND_PERSISTENCE,TREND_PERSISTENCE
2026-07-10,2026-07-13,603301.SH,振德医疗,65,59,6,C_SCREEN_FLAG_ONLY,B_WATCH_OR_TRIGGER,TREND_PERSISTENCE,TREND_PERSISTENCE
2026-07-10,2026-07-13,603650.SH,彤程新材,87,77,10,C_SCREEN_FLAG_ONLY,C_SCREEN_FLAG_ONLY,LIQUID_BREAKOUT,LIQUID_BREAKOUT
2026-07-10,2026-07-13,603669.SH,灵康药业,62,51,11,C_SCREEN_FLAG_ONLY,B_WATCH_OR_TRIGGER,RECOVERY_WATCH,RECOVERY_WATCH
2026-07-10,2026-07-13,603823.SH,百合花,40,22,18,B_WATCH_OR_TRIGGER,B_WATCH_OR_TRIGGER,LIQUID_BREAKOUT,LIQUID_BREAKOUT
2026-07-10,2026-07-13,603928.SH,兴业股份,7,11,-4,A_IMMEDIATE_RESEARCH,A_IMMEDIATE_RESEARCH,RECOVERY_WATCH,RECOVERY_WATCH
2026-07-10,2026-07-13,603991.SH,领先股份,80,80,0,C_SCREEN_FLAG_ONLY,C_SCREEN_FLAG_ONLY,LIQUID_BREAKOUT,LIQUID_BREAKOUT
2026-07-10,2026-07-13,605389.SH,长龄液压,27,75,-48,B_WATCH_OR_TRIGGER,C_SCREEN_FLAG_ONLY,TREND_PERSISTENCE,TREND_PERSISTENCE
2026-07-10,2026-07-13,688012.SH,中微公司,99,97,2,C_SCREEN_FLAG_ONLY,C_SCREEN_FLAG_ONLY,TREND_PERSISTENCE,TREND_PERSISTENCE
2026-07-10,2026-07-13,688120.SH,华海清科,59,19,40,B_WATCH_OR_TRIGGER,A_IMMEDIATE_RESEARCH,LIQUID_BREAKOUT,LIQUID_BREAKOUT
2026-07-10,2026-07-13,688200.SH,华峰测控,66,12,54,C_SCREEN_FLAG_ONLY,A_IMMEDIATE_RESEARCH,LIQUID_BREAKOUT,TREND_PERSISTENCE
2026-07-10,2026-07-13,688361.SH,中科飞测,28,36,-8,B_WATCH_OR_TRIGGER,B_WATCH_OR_TRIGGER,LIQUID_BREAKOUT,LIQUID_BREAKOUT
2026-07-10,2026-07-13,688432.SH,有研硅,51,92,-41,B_WATCH_OR_TRIGGER,C_SCREEN_FLAG_ONLY,LIQUID_BREAKOUT,LIQUID_BREAKOUT
2026-07-10,2026-07-13,688498.SH,源杰科技,45,34,11,B_WATCH_OR_TRIGGER,B_WATCH_OR_TRIGGER,TREND_PERSISTENCE,TREND_PERSISTENCE
2026-07-10,2026-07-13,688728.SH,格科微,46,70,-24,B_WATCH_OR_TRIGGER,C_SCREEN_FLAG_ONLY,RECOVERY_WATCH,RECOVERY_WATCH
2026-07-10,2026-07-13,920015.BJ,锦华新材,73,25,48,C_SCREEN_FLAG_ONLY,B_WATCH_OR_TRIGGER,LIQUID_BREAKOUT,LIQUID_BREAKOUT
2026-07-10,2026-07-13,920510.BJ,丰光精密,21,10,11,B_WATCH_OR_TRIGGER,A_IMMEDIATE_RESEARCH,LIQUID_BREAKOUT,LIQUID_BREAKOUT
2026-07-10,2026-07-13,920808.BJ,曙光数创,81,20,61,C_SCREEN_FLAG_ONLY,A_IMMEDIATE_RESEARCH,TREND_PERSISTENCE,TREND_PERSISTENCE
2026-07-13,2026-07-14,000001.SZ,平安银行,61,80,-19,C_SCREEN_FLAG_ONLY,C_SCREEN_FLAG_ONLY,DEFENSIVE_STABILITY,DEFENSIVE_STABILITY
2026-07-13,2026-07-14,000021.SZ,深科技,29,32,-3,B_WATCH_OR_TRIGGER,B_WATCH_OR_TRIGGER,LIQUID_BREAKOUT,LIQUID_BREAKOUT
2026-07-13,2026-07-14,000034.SZ,神州数码,40,83,-43,B_WATCH_OR_TRIGGER,C_SCREEN_FLAG_ONLY,RECOVERY_WATCH,RECOVERY_WATCH
2026-07-13,2026-07-14,000088.SZ,盐 田 港,39,31,8,B_WATCH_OR_TRIGGER,B_WATCH_OR_TRIGGER,DEFENSIVE_STABILITY,DEFENSIVE_STABILITY
2026-07-13,2026-07-14,000333.SZ,美的集团,76,49,27,C_SCREEN_FLAG_ONLY,B_WATCH_OR_TRIGGER,DEFENSIVE_STABILITY,DEFENSIVE_STABILITY
2026-07-13,2026-07-14,000538.SZ,云南白药,15,19,-4,A_IMMEDIATE_RESEARCH,A_IMMEDIATE_RESEARCH,DEFENSIVE_STABILITY,DEFENSIVE_STABILITY
2026-07-13,2026-07-14,000598.SZ,兴蓉环境,28,27,1,B_WATCH_OR_TRIGGER,B_WATCH_OR_TRIGGER,DEFENSIVE_STABILITY,DEFENSIVE_STABILITY
2026-07-13,2026-07-14,000668.SZ,荣丰控股,27,51,-24,B_WATCH_OR_TRIGGER,B_WATCH_OR_TRIGGER,TREND_PERSISTENCE,TREND_PERSISTENCE
2026-07-13,2026-07-14,000779.SZ,甘咨询,81,40,41,C_SCREEN_FLAG_ONLY,B_WATCH_OR_TRIGGER,RECOVERY_WATCH,RECOVERY_WATCH
2026-07-13,2026-07-14,000938.SZ,紫光股份,16,21,-5,A_IMMEDIATE_RESEARCH,B_WATCH_OR_TRIGGER,LIQUID_BREAKOUT,LIQUID_BREAKOUT
2026-07-13,2026-07-14,001227.SZ,兰州银行,32,52,-20,B_WATCH_OR_TRIGGER,B_WATCH_OR_TRIGGER,DEFENSIVE_STABILITY,DEFENSIVE_STABILITY
2026-07-13,2026-07-14,002142.SZ,宁波银行,57,34,23,B_WATCH_OR_TRIGGER,B_WATCH_OR_TRIGGER,DEFENSIVE_STABILITY,DEFENSIVE_STABILITY
2026-07-13,2026-07-14,002174.SZ,游族网络,37,25,12,B_WATCH_OR_TRIGGER,B_WATCH_OR_TRIGGER,RECOVERY_WATCH,RECOVERY_WATCH
2026-07-13,2026-07-14,002185.SZ,华天科技,3,3,0,A_IMMEDIATE_RESEARCH,A_IMMEDIATE_RESEARCH,LIQUID_BREAKOUT,LIQUID_BREAKOUT
2026-07-13,2026-07-14,002350.SZ,北京科锐,89,66,23,C_SCREEN_FLAG_ONLY,C_SCREEN_FLAG_ONLY,TREND_PERSISTENCE,TREND_PERSISTENCE
2026-07-13,2026-07-14,002371.SZ,北方华创,30,26,4,B_WATCH_OR_TRIGGER,B_WATCH_OR_TRIGGER,TREND_PERSISTENCE,TREND_PERSISTENCE
2026-07-13,2026-07-14,002507.SZ,涪陵榨菜,35,23,12,B_WATCH_OR_TRIGGER,B_WATCH_OR_TRIGGER,DEFENSIVE_STABILITY,DEFENSIVE_STABILITY
2026-07-13,2026-07-14,002674.SZ,兴业科技,62,50,12,C_SCREEN_FLAG_ONLY,B_WATCH_OR_TRIGGER,LIQUID_BREAKOUT,LIQUID_BREAKOUT
2026-07-13,2026-07-14,002718.SZ,友邦吊顶,14,12,2,A_IMMEDIATE_RESEARCH,A_IMMEDIATE_RESEARCH,TREND_PERSISTENCE,TREND_PERSISTENCE
2026-07-13,2026-07-14,002745.SZ,木林森,99,86,13,C_SCREEN_FLAG_ONLY,C_SCREEN_FLAG_ONLY,LIQUID_BREAKOUT,LIQUID_BREAKOUT
2026-07-13,2026-07-14,002768.SZ,国恩股份,8,16,-8,A_IMMEDIATE_RESEARCH,A_IMMEDIATE_RESEARCH,TREND_PERSISTENCE,TREND_PERSISTENCE
2026-07-13,2026-07-14,002841.SZ,视源股份,88,68,20,C_SCREEN_FLAG_ONLY,C_SCREEN_FLAG_ONLY,LIQUID_BREAKOUT,LIQUID_BREAKOUT
2026-07-13,2026-07-14,002936.SZ,郑州银行,4,7,-3,A_IMMEDIATE_RESEARCH,A_IMMEDIATE_RESEARCH,DEFENSIVE_STABILITY,DEFENSIVE_STABILITY
2026-07-13,2026-07-14,002937.SZ,兴瑞科技,41,29,12,B_WATCH_OR_TRIGGER,B_WATCH_OR_TRIGGER,TREND_PERSISTENCE,TREND_PERSISTENCE
2026-07-13,2026-07-14,300201.SZ,海伦哲,56,37,19,B_WATCH_OR_TRIGGER,B_WATCH_OR_TRIGGER,TREND_PERSISTENCE,TREND_PERSISTENCE
2026-07-13,2026-07-14,300308.SZ,中际旭创,23,17,6,B_WATCH_OR_TRIGGER,A_IMMEDIATE_RESEARCH,TREND_PERSISTENCE,TREND_PERSISTENCE
2026-07-13,2026-07-14,300522.SZ,世名科技,74,54,20,C_SCREEN_FLAG_ONLY,B_WATCH_OR_TRIGGER,RECOVERY_WATCH,RECOVERY_WATCH
2026-07-13,2026-07-14,300558.SZ,贝达药业,26,8,18,B_WATCH_OR_TRIGGER,A_IMMEDIATE_RESEARCH,RECOVERY_WATCH,RECOVERY_WATCH
2026-07-13,2026-07-14,300671.SZ,富满微,95,57,38,C_SCREEN_FLAG_ONLY,B_WATCH_OR_TRIGGER,LIQUID_BREAKOUT,LIQUID_BREAKOUT
2026-07-13,2026-07-14,300687.SZ,赛意信息,2,4,-2,A_IMMEDIATE_RESEARCH,A_IMMEDIATE_RESEARCH,RECOVERY_WATCH,RECOVERY_WATCH
2026-07-13,2026-07-14,300759.SZ,康龙化成,96,47,49,C_SCREEN_FLAG_ONLY,B_WATCH_OR_TRIGGER,RECOVERY_WATCH,RECOVERY_WATCH
2026-07-13,2026-07-14,300938.SZ,信测标准,71,58,13,C_SCREEN_FLAG_ONLY,B_WATCH_OR_TRIGGER,TREND_PERSISTENCE,TREND_PERSISTENCE
2026-07-13,2026-07-14,301228.SZ,实朴检测,82,92,-10,C_SCREEN_FLAG_ONLY,C_SCREEN_FLAG_ONLY,TREND_PERSISTENCE,TREND_PERSISTENCE
2026-07-13,2026-07-14,301269.SZ,华大九天,13,30,-17,A_IMMEDIATE_RESEARCH,B_WATCH_OR_TRIGGER,RECOVERY_WATCH,RECOVERY_WATCH
2026-07-13,2026-07-14,301369.SZ,联动科技,1,5,-4,A_IMMEDIATE_RESEARCH,A_IMMEDIATE_RESEARCH,TREND_PERSISTENCE,TREND_PERSISTENCE
2026-07-13,2026-07-14,301379.SZ,天山电子,65,75,-10,C_SCREEN_FLAG_ONLY,C_SCREEN_FLAG_ONLY,LIQUID_BREAKOUT,LIQUID_BREAKOUT
2026-07-13,2026-07-14,301568.SZ,思泰克,63,62,1,C_SCREEN_FLAG_ONLY,C_SCREEN_FLAG_ONLY,TREND_PERSISTENCE,TREND_PERSISTENCE
2026-07-13,2026-07-14,600016.SH,民生银行,68,71,-3,C_SCREEN_FLAG_ONLY,C_SCREEN_FLAG_ONLY,DEFENSIVE_STABILITY,DEFENSIVE_STABILITY
2026-07-13,2026-07-14,600018.SH,上港集团,18,42,-24,A_IMMEDIATE_RESEARCH,B_WATCH_OR_TRIGGER,DEFENSIVE_STABILITY,DEFENSIVE_STABILITY
2026-07-13,2026-07-14,600036.SH,招商银行,94,95,-1,C_SCREEN_FLAG_ONLY,C_SCREEN_FLAG_ONLY,DEFENSIVE_STABILITY,DEFENSIVE_STABILITY
2026-07-13,2026-07-14,600177.SH,雅戈尔,90,84,6,C_SCREEN_FLAG_ONLY,C_SCREEN_FLAG_ONLY,DEFENSIVE_STABILITY,DEFENSIVE_STABILITY
2026-07-13,2026-07-14,600584.SH,长电科技,7,6,1,A_IMMEDIATE_RESEARCH,A_IMMEDIATE_RESEARCH,LIQUID_BREAKOUT,LIQUID_BREAKOUT
2026-07-13,2026-07-14,600641.SH,先导基电,69,61,8,C_SCREEN_FLAG_ONLY,C_SCREEN_FLAG_ONLY,LIQUID_BREAKOUT,LIQUID_BREAKOUT
2026-07-13,2026-07-14,600900.SH,XD长江电,6,1,5,A_IMMEDIATE_RESEARCH,A_IMMEDIATE_RESEARCH,DEFENSIVE_STABILITY,DEFENSIVE_STABILITY
2026-07-13,2026-07-14,600919.SH,江苏银行,46,46,0,B_WATCH_OR_TRIGGER,B_WATCH_OR_TRIGGER,DEFENSIVE_STABILITY,DEFENSIVE_STABILITY
2026-07-13,2026-07-14,601006.SH,大秦铁路,72,67,5,C_SCREEN_FLAG_ONLY,C_SCREEN_FLAG_ONLY,DEFENSIVE_STABILITY,DEFENSIVE_STABILITY
2026-07-13,2026-07-14,601128.SH,常熟银行,53,56,-3,B_WATCH_OR_TRIGGER,B_WATCH_OR_TRIGGER,DEFENSIVE_STABILITY,DEFENSIVE_STABILITY
2026-07-13,2026-07-14,601211.SH,国泰海通,85,69,16,C_SCREEN_FLAG_ONLY,C_SCREEN_FLAG_ONLY,RECOVERY_WATCH,RECOVERY_WATCH
2026-07-13,2026-07-14,601229.SH,上海银行,24,20,4,B_WATCH_OR_TRIGGER,A_IMMEDIATE_RESEARCH,DEFENSIVE_STABILITY,DEFENSIVE_STABILITY
2026-07-13,2026-07-14,601328.SH,交通银行,79,74,5,C_SCREEN_FLAG_ONLY,C_SCREEN_FLAG_ONLY,DEFENSIVE_STABILITY,DEFENSIVE_STABILITY
2026-07-13,2026-07-14,601668.SH,中国建筑,49,59,-10,B_WATCH_OR_TRIGGER,B_WATCH_OR_TRIGGER,DEFENSIVE_STABILITY,DEFENSIVE_STABILITY
2026-07-13,2026-07-14,601818.SH,光大银行,9,10,-1,A_IMMEDIATE_RESEARCH,A_IMMEDIATE_RESEARCH,DEFENSIVE_STABILITY,DEFENSIVE_STABILITY
2026-07-13,2026-07-14,601928.SH,凤凰传媒,64,63,1,C_SCREEN_FLAG_ONLY,C_SCREEN_FLAG_ONLY,DEFENSIVE_STABILITY,DEFENSIVE_STABILITY
2026-07-13,2026-07-14,601939.SH,建设银行,83,77,6,C_SCREEN_FLAG_ONLY,C_SCREEN_FLAG_ONLY,DEFENSIVE_STABILITY,DEFENSIVE_STABILITY
2026-07-13,2026-07-14,601985.SH,XD中国核,42,38,4,B_WATCH_OR_TRIGGER,B_WATCH_OR_TRIGGER,DEFENSIVE_STABILITY,DEFENSIVE_STABILITY
2026-07-13,2026-07-14,603065.SH,宿迁联盛,33,28,5,B_WATCH_OR_TRIGGER,B_WATCH_OR_TRIGGER,LIQUID_BREAKOUT,LIQUID_BREAKOUT
2026-07-13,2026-07-14,603139.SH,康惠股份,78,33,45,C_SCREEN_FLAG_ONLY,B_WATCH_OR_TRIGGER,TREND_PERSISTENCE,TREND_PERSISTENCE
2026-07-13,2026-07-14,603156.SH,养元饮品,52,45,7,B_WATCH_OR_TRIGGER,B_WATCH_OR_TRIGGER,TREND_PERSISTENCE,TREND_PERSISTENCE
2026-07-13,2026-07-14,603223.SH,恒通股份,31,22,9,B_WATCH_OR_TRIGGER,B_WATCH_OR_TRIGGER,RECOVERY_WATCH,RECOVERY_WATCH
2026-07-13,2026-07-14,603268.SH,松发股份,38,9,29,B_WATCH_OR_TRIGGER,A_IMMEDIATE_RESEARCH,TREND_PERSISTENCE,TREND_PERSISTENCE
2026-07-13,2026-07-14,603301.SH,振德医疗,59,55,4,B_WATCH_OR_TRIGGER,B_WATCH_OR_TRIGGER,TREND_PERSISTENCE,TREND_PERSISTENCE
2026-07-13,2026-07-14,603669.SH,灵康药业,51,36,15,B_WATCH_OR_TRIGGER,B_WATCH_OR_TRIGGER,RECOVERY_WATCH,RECOVERY_WATCH
2026-07-13,2026-07-14,603823.SH,百合花,22,24,-2,B_WATCH_OR_TRIGGER,B_WATCH_OR_TRIGGER,LIQUID_BREAKOUT,LIQUID_BREAKOUT
2026-07-13,2026-07-14,603893.SH,瑞芯微,54,72,-18,B_WATCH_OR_TRIGGER,C_SCREEN_FLAG_ONLY,LIQUID_BREAKOUT,LIQUID_BREAKOUT
2026-07-13,2026-07-14,603928.SH,兴业股份,11,18,-7,A_IMMEDIATE_RESEARCH,A_IMMEDIATE_RESEARCH,RECOVERY_WATCH,RECOVERY_WATCH
2026-07-13,2026-07-14,603991.SH,领先股份,80,53,27,C_SCREEN_FLAG_ONLY,B_WATCH_OR_TRIGGER,LIQUID_BREAKOUT,LIQUID_BREAKOUT
2026-07-13,2026-07-14,688103.SH,国力电子,100,90,10,C_SCREEN_FLAG_ONLY,C_SCREEN_FLAG_ONLY,RECOVERY_WATCH,RECOVERY_WATCH
2026-07-13,2026-07-14,688120.SH,华海清科,19,35,-16,A_IMMEDIATE_RESEARCH,B_WATCH_OR_TRIGGER,LIQUID_BREAKOUT,LIQUID_BREAKOUT
2026-07-13,2026-07-14,688200.SH,华峰测控,12,14,-2,A_IMMEDIATE_RESEARCH,A_IMMEDIATE_RESEARCH,TREND_PERSISTENCE,LIQUID_BREAKOUT
2026-07-13,2026-07-14,688266.SH,泽璟制药,91,79,12,C_SCREEN_FLAG_ONLY,C_SCREEN_FLAG_ONLY,RECOVERY_WATCH,RECOVERY_WATCH
2026-07-13,2026-07-14,688361.SH,中科飞测,36,43,-7,B_WATCH_OR_TRIGGER,B_WATCH_OR_TRIGGER,LIQUID_BREAKOUT,LIQUID_BREAKOUT
2026-07-13,2026-07-14,688498.SH,源杰科技,34,2,32,B_WATCH_OR_TRIGGER,A_IMMEDIATE_RESEARCH,TREND_PERSISTENCE,TREND_PERSISTENCE
2026-07-13,2026-07-14,688630.SH,芯碁微装,44,41,3,B_WATCH_OR_TRIGGER,B_WATCH_OR_TRIGGER,TREND_PERSISTENCE,TREND_PERSISTENCE
2026-07-13,2026-07-14,688728.SH,格科微,70,76,-6,C_SCREEN_FLAG_ONLY,C_SCREEN_FLAG_ONLY,RECOVERY_WATCH,RECOVERY_WATCH
2026-07-13,2026-07-14,920015.BJ,锦华新材,25,15,10,B_WATCH_OR_TRIGGER,A_IMMEDIATE_RESEARCH,LIQUID_BREAKOUT,LIQUID_BREAKOUT
2026-07-13,2026-07-14,920020.BJ,泰凯英,21,13,8,B_WATCH_OR_TRIGGER,A_IMMEDIATE_RESEARCH,DEFENSIVE_STABILITY,DEFENSIVE_STABILITY
2026-07-13,2026-07-14,920367.BJ,新赣江,55,94,-39,B_WATCH_OR_TRIGGER,C_SCREEN_FLAG_ONLY,RECOVERY_WATCH,RECOVERY_WATCH
2026-07-13,2026-07-14,920510.BJ,丰光精密,10,11,-1,A_IMMEDIATE_RESEARCH,A_IMMEDIATE_RESEARCH,LIQUID_BREAKOUT,LIQUID_BREAKOUT
2026-07-13,2026-07-14,920808.BJ,曙光数创,20,44,-24,A_IMMEDIATE_RESEARCH,B_WATCH_OR_TRIGGER,TREND_PERSISTENCE,TREND_PERSISTENCE
2026-07-14,2026-07-15,000001.SZ,平安银行,80,80,0,C_SCREEN_FLAG_ONLY,C_SCREEN_FLAG_ONLY,DEFENSIVE_STABILITY,DEFENSIVE_STABILITY
2026-07-14,2026-07-15,000088.SZ,盐 田 港,31,57,-26,B_WATCH_OR_TRIGGER,B_WATCH_OR_TRIGGER,DEFENSIVE_STABILITY,DEFENSIVE_STABILITY
2026-07-14,2026-07-15,000333.SZ,美的集团,49,32,17,B_WATCH_OR_TRIGGER,B_WATCH_OR_TRIGGER,DEFENSIVE_STABILITY,DEFENSIVE_STABILITY
2026-07-14,2026-07-15,000538.SZ,云南白药,19,17,2,A_IMMEDIATE_RESEARCH,A_IMMEDIATE_RESEARCH,DEFENSIVE_STABILITY,DEFENSIVE_STABILITY
2026-07-14,2026-07-15,000598.SZ,兴蓉环境,27,46,-19,B_WATCH_OR_TRIGGER,B_WATCH_OR_TRIGGER,DEFENSIVE_STABILITY,DEFENSIVE_STABILITY
2026-07-14,2026-07-15,000668.SZ,荣丰控股,51,35,16,B_WATCH_OR_TRIGGER,B_WATCH_OR_TRIGGER,TREND_PERSISTENCE,TREND_PERSISTENCE
2026-07-14,2026-07-15,000759.SZ,中百集团,65,64,1,C_SCREEN_FLAG_ONLY,C_SCREEN_FLAG_ONLY,RECOVERY_WATCH,RECOVERY_WATCH
2026-07-14,2026-07-15,000779.SZ,甘咨询,40,41,-1,B_WATCH_OR_TRIGGER,B_WATCH_OR_TRIGGER,RECOVERY_WATCH,RECOVERY_WATCH
2026-07-14,2026-07-15,000938.SZ,紫光股份,21,19,2,B_WATCH_OR_TRIGGER,A_IMMEDIATE_RESEARCH,LIQUID_BREAKOUT,LIQUID_BREAKOUT
2026-07-14,2026-07-15,001227.SZ,兰州银行,52,55,-3,B_WATCH_OR_TRIGGER,B_WATCH_OR_TRIGGER,DEFENSIVE_STABILITY,DEFENSIVE_STABILITY
2026-07-14,2026-07-15,002141.SZ,贤丰控股,60,54,6,B_WATCH_OR_TRIGGER,B_WATCH_OR_TRIGGER,RECOVERY_WATCH,RECOVERY_WATCH
2026-07-14,2026-07-15,002142.SZ,宁波银行,34,39,-5,B_WATCH_OR_TRIGGER,B_WATCH_OR_TRIGGER,DEFENSIVE_STABILITY,DEFENSIVE_STABILITY
2026-07-14,2026-07-15,002185.SZ,华天科技,3,8,-5,A_IMMEDIATE_RESEARCH,A_IMMEDIATE_RESEARCH,LIQUID_BREAKOUT,LIQUID_BREAKOUT
2026-07-14,2026-07-15,002371.SZ,北方华创,26,27,-1,B_WATCH_OR_TRIGGER,B_WATCH_OR_TRIGGER,TREND_PERSISTENCE,TREND_PERSISTENCE
2026-07-14,2026-07-15,002422.SZ,科伦药业,82,29,53,C_SCREEN_FLAG_ONLY,B_WATCH_OR_TRIGGER,LIQUID_BREAKOUT,LIQUID_BREAKOUT
2026-07-14,2026-07-15,002507.SZ,涪陵榨菜,23,28,-5,B_WATCH_OR_TRIGGER,B_WATCH_OR_TRIGGER,DEFENSIVE_STABILITY,DEFENSIVE_STABILITY
2026-07-14,2026-07-15,002674.SZ,兴业科技,50,48,2,B_WATCH_OR_TRIGGER,B_WATCH_OR_TRIGGER,LIQUID_BREAKOUT,LIQUID_BREAKOUT
2026-07-14,2026-07-15,002718.SZ,友邦吊顶,12,20,-8,A_IMMEDIATE_RESEARCH,A_IMMEDIATE_RESEARCH,TREND_PERSISTENCE,TREND_PERSISTENCE
2026-07-14,2026-07-15,002768.SZ,国恩股份,16,5,11,A_IMMEDIATE_RESEARCH,A_IMMEDIATE_RESEARCH,TREND_PERSISTENCE,TREND_PERSISTENCE
2026-07-14,2026-07-15,002841.SZ,视源股份,68,82,-14,C_SCREEN_FLAG_ONLY,C_SCREEN_FLAG_ONLY,LIQUID_BREAKOUT,LIQUID_BREAKOUT
2026-07-14,2026-07-15,002936.SZ,郑州银行,7,7,0,A_IMMEDIATE_RESEARCH,A_IMMEDIATE_RESEARCH,DEFENSIVE_STABILITY,DEFENSIVE_STABILITY
2026-07-14,2026-07-15,002937.SZ,兴瑞科技,29,16,13,B_WATCH_OR_TRIGGER,A_IMMEDIATE_RESEARCH,TREND_PERSISTENCE,TREND_PERSISTENCE
2026-07-14,2026-07-15,300308.SZ,中际旭创,17,6,11,A_IMMEDIATE_RESEARCH,A_IMMEDIATE_RESEARCH,TREND_PERSISTENCE,TREND_PERSISTENCE
2026-07-14,2026-07-15,300558.SZ,贝达药业,8,3,5,A_IMMEDIATE_RESEARCH,A_IMMEDIATE_RESEARCH,RECOVERY_WATCH,RECOVERY_WATCH
2026-07-14,2026-07-15,300649.SZ,杭州园林,85,56,29,C_SCREEN_FLAG_ONLY,B_WATCH_OR_TRIGGER,TREND_PERSISTENCE,TREND_PERSISTENCE
2026-07-14,2026-07-15,300759.SZ,康龙化成,47,18,29,B_WATCH_OR_TRIGGER,A_IMMEDIATE_RESEARCH,RECOVERY_WATCH,RECOVERY_WATCH
2026-07-14,2026-07-15,300938.SZ,信测标准,58,47,11,B_WATCH_OR_TRIGGER,B_WATCH_OR_TRIGGER,TREND_PERSISTENCE,TREND_PERSISTENCE
2026-07-14,2026-07-15,300990.SZ,同飞股份,96,92,4,C_SCREEN_FLAG_ONLY,C_SCREEN_FLAG_ONLY,LIQUID_BREAKOUT,LIQUID_BREAKOUT
2026-07-14,2026-07-15,301228.SZ,实朴检测,92,100,-8,C_SCREEN_FLAG_ONLY,C_SCREEN_FLAG_ONLY,TREND_PERSISTENCE,TREND_PERSISTENCE
2026-07-14,2026-07-15,301269.SZ,华大九天,30,26,4,B_WATCH_OR_TRIGGER,B_WATCH_OR_TRIGGER,RECOVERY_WATCH,RECOVERY_WATCH
2026-07-14,2026-07-15,301365.SZ,矩阵股份,78,50,28,C_SCREEN_FLAG_ONLY,B_WATCH_OR_TRIGGER,TREND_PERSISTENCE,TREND_PERSISTENCE
2026-07-14,2026-07-15,301369.SZ,联动科技,5,24,-19,A_IMMEDIATE_RESEARCH,B_WATCH_OR_TRIGGER,TREND_PERSISTENCE,TREND_PERSISTENCE
2026-07-14,2026-07-15,301379.SZ,天山电子,75,60,15,C_SCREEN_FLAG_ONLY,B_WATCH_OR_TRIGGER,LIQUID_BREAKOUT,LIQUID_BREAKOUT
2026-07-14,2026-07-15,301393.SZ,昊帆生物,98,79,19,C_SCREEN_FLAG_ONLY,C_SCREEN_FLAG_ONLY,RECOVERY_WATCH,RECOVERY_WATCH
2026-07-14,2026-07-15,301536.SZ,星宸科技,70,74,-4,C_SCREEN_FLAG_ONLY,C_SCREEN_FLAG_ONLY,TREND_PERSISTENCE,TREND_PERSISTENCE
2026-07-14,2026-07-15,301568.SZ,思泰克,62,38,24,C_SCREEN_FLAG_ONLY,B_WATCH_OR_TRIGGER,TREND_PERSISTENCE,TREND_PERSISTENCE
2026-07-14,2026-07-15,600016.SH,民生银行,71,72,-1,C_SCREEN_FLAG_ONLY,C_SCREEN_FLAG_ONLY,DEFENSIVE_STABILITY,DEFENSIVE_STABILITY
2026-07-14,2026-07-15,600018.SH,上港集团,42,21,21,B_WATCH_OR_TRIGGER,B_WATCH_OR_TRIGGER,DEFENSIVE_STABILITY,DEFENSIVE_STABILITY
2026-07-14,2026-07-15,600177.SH,雅戈尔,84,84,0,C_SCREEN_FLAG_ONLY,C_SCREEN_FLAG_ONLY,DEFENSIVE_STABILITY,DEFENSIVE_STABILITY
2026-07-14,2026-07-15,600584.SH,长电科技,6,10,-4,A_IMMEDIATE_RESEARCH,A_IMMEDIATE_RESEARCH,LIQUID_BREAKOUT,LIQUID_BREAKOUT
2026-07-14,2026-07-15,600641.SH,先导基电,61,77,-16,C_SCREEN_FLAG_ONLY,C_SCREEN_FLAG_ONLY,LIQUID_BREAKOUT,LIQUID_BREAKOUT
2026-07-14,2026-07-15,600900.SH,XD长江电,1,1,0,A_IMMEDIATE_RESEARCH,A_IMMEDIATE_RESEARCH,DEFENSIVE_STABILITY,DEFENSIVE_STABILITY
2026-07-14,2026-07-15,600919.SH,江苏银行,46,33,13,B_WATCH_OR_TRIGGER,B_WATCH_OR_TRIGGER,DEFENSIVE_STABILITY,DEFENSIVE_STABILITY
2026-07-14,2026-07-15,600941.SH,中国移动,91,95,-4,C_SCREEN_FLAG_ONLY,C_SCREEN_FLAG_ONLY,DEFENSIVE_STABILITY,DEFENSIVE_STABILITY
2026-07-14,2026-07-15,601006.SH,大秦铁路,67,76,-9,C_SCREEN_FLAG_ONLY,C_SCREEN_FLAG_ONLY,DEFENSIVE_STABILITY,DEFENSIVE_STABILITY
2026-07-14,2026-07-15,601128.SH,常熟银行,56,69,-13,B_WATCH_OR_TRIGGER,C_SCREEN_FLAG_ONLY,DEFENSIVE_STABILITY,DEFENSIVE_STABILITY
2026-07-14,2026-07-15,601211.SH,国泰海通,69,59,10,C_SCREEN_FLAG_ONLY,B_WATCH_OR_TRIGGER,RECOVERY_WATCH,RECOVERY_WATCH
2026-07-14,2026-07-15,601229.SH,上海银行,20,22,-2,A_IMMEDIATE_RESEARCH,B_WATCH_OR_TRIGGER,DEFENSIVE_STABILITY,DEFENSIVE_STABILITY
2026-07-14,2026-07-15,601328.SH,交通银行,74,65,9,C_SCREEN_FLAG_ONLY,C_SCREEN_FLAG_ONLY,DEFENSIVE_STABILITY,DEFENSIVE_STABILITY
2026-07-14,2026-07-15,601668.SH,中国建筑,59,52,7,B_WATCH_OR_TRIGGER,B_WATCH_OR_TRIGGER,DEFENSIVE_STABILITY,DEFENSIVE_STABILITY
2026-07-14,2026-07-15,601818.SH,光大银行,10,14,-4,A_IMMEDIATE_RESEARCH,A_IMMEDIATE_RESEARCH,DEFENSIVE_STABILITY,DEFENSIVE_STABILITY
2026-07-14,2026-07-15,601928.SH,凤凰传媒,63,44,19,C_SCREEN_FLAG_ONLY,B_WATCH_OR_TRIGGER,DEFENSIVE_STABILITY,DEFENSIVE_STABILITY
2026-07-14,2026-07-15,601939.SH,建设银行,77,61,16,C_SCREEN_FLAG_ONLY,C_SCREEN_FLAG_ONLY,DEFENSIVE_STABILITY,DEFENSIVE_STABILITY
2026-07-14,2026-07-15,601985.SH,XD中国核,38,49,-11,B_WATCH_OR_TRIGGER,B_WATCH_OR_TRIGGER,DEFENSIVE_STABILITY,DEFENSIVE_STABILITY
2026-07-14,2026-07-15,603065.SH,宿迁联盛,28,25,3,B_WATCH_OR_TRIGGER,B_WATCH_OR_TRIGGER,LIQUID_BREAKOUT,LIQUID_BREAKOUT
2026-07-14,2026-07-15,603139.SH,康惠股份,33,30,3,B_WATCH_OR_TRIGGER,B_WATCH_OR_TRIGGER,TREND_PERSISTENCE,TREND_PERSISTENCE
2026-07-14,2026-07-15,603223.SH,恒通股份,22,36,-14,B_WATCH_OR_TRIGGER,B_WATCH_OR_TRIGGER,RECOVERY_WATCH,RECOVERY_WATCH
2026-07-14,2026-07-15,603268.SH,松发股份,9,12,-3,A_IMMEDIATE_RESEARCH,A_IMMEDIATE_RESEARCH,TREND_PERSISTENCE,TREND_PERSISTENCE
2026-07-14,2026-07-15,603669.SH,灵康药业,36,13,23,B_WATCH_OR_TRIGGER,A_IMMEDIATE_RESEARCH,RECOVERY_WATCH,RECOVERY_WATCH
2026-07-14,2026-07-15,603757.SH,大元泵业,64,40,24,C_SCREEN_FLAG_ONLY,B_WATCH_OR_TRIGGER,LIQUID_BREAKOUT,LIQUID_BREAKOUT
2026-07-14,2026-07-15,603823.SH,百合花,24,15,9,B_WATCH_OR_TRIGGER,A_IMMEDIATE_RESEARCH,LIQUID_BREAKOUT,LIQUID_BREAKOUT
2026-07-14,2026-07-15,603893.SH,瑞芯微,72,88,-16,C_SCREEN_FLAG_ONLY,C_SCREEN_FLAG_ONLY,LIQUID_BREAKOUT,LIQUID_BREAKOUT
2026-07-14,2026-07-15,603928.SH,兴业股份,18,31,-13,A_IMMEDIATE_RESEARCH,B_WATCH_OR_TRIGGER,RECOVERY_WATCH,RECOVERY_WATCH
2026-07-14,2026-07-15,603991.SH,领先股份,53,85,-32,B_WATCH_OR_TRIGGER,C_SCREEN_FLAG_ONLY,LIQUID_BREAKOUT,LIQUID_BREAKOUT
2026-07-14,2026-07-15,688103.SH,国力电子,90,73,17,C_SCREEN_FLAG_ONLY,C_SCREEN_FLAG_ONLY,RECOVERY_WATCH,RECOVERY_WATCH
2026-07-14,2026-07-15,688120.SH,华海清科,35,75,-40,B_WATCH_OR_TRIGGER,C_SCREEN_FLAG_ONLY,LIQUID_BREAKOUT,LIQUID_BREAKOUT
2026-07-14,2026-07-15,688200.SH,华峰测控,14,96,-82,A_IMMEDIATE_RESEARCH,C_SCREEN_FLAG_ONLY,LIQUID_BREAKOUT,LIQUID_BREAKOUT
2026-07-14,2026-07-15,688266.SH,泽璟制药,79,94,-15,C_SCREEN_FLAG_ONLY,C_SCREEN_FLAG_ONLY,RECOVERY_WATCH,RECOVERY_WATCH
2026-07-14,2026-07-15,688498.SH,源杰科技,2,2,0,A_IMMEDIATE_RESEARCH,A_IMMEDIATE_RESEARCH,TREND_PERSISTENCE,TREND_PERSISTENCE
2026-07-14,2026-07-15,688630.SH,芯碁微装,41,43,-2,B_WATCH_OR_TRIGGER,B_WATCH_OR_TRIGGER,TREND_PERSISTENCE,TREND_PERSISTENCE
2026-07-14,2026-07-15,688728.SH,格科微,76,90,-14,C_SCREEN_FLAG_ONLY,C_SCREEN_FLAG_ONLY,RECOVERY_WATCH,RECOVERY_WATCH
2026-07-14,2026-07-15,920015.BJ,锦华新材,15,34,-19,A_IMMEDIATE_RESEARCH,B_WATCH_OR_TRIGGER,LIQUID_BREAKOUT,LIQUID_BREAKOUT
2026-07-14,2026-07-15,920020.BJ,泰凯英,13,9,4,A_IMMEDIATE_RESEARCH,A_IMMEDIATE_RESEARCH,DEFENSIVE_STABILITY,DEFENSIVE_STABILITY
2026-07-14,2026-07-15,920367.BJ,新赣江,94,42,52,C_SCREEN_FLAG_ONLY,B_WATCH_OR_TRIGGER,RECOVERY_WATCH,RECOVERY_WATCH
2026-07-14,2026-07-15,920510.BJ,丰光精密,11,4,7,A_IMMEDIATE_RESEARCH,A_IMMEDIATE_RESEARCH,LIQUID_BREAKOUT,LIQUID_BREAKOUT
2026-07-15,2026-07-16,000001.SZ,平安银行,80,94,-14,C_SCREEN_FLAG_ONLY,C_SCREEN_FLAG_ONLY,DEFENSIVE_STABILITY,DEFENSIVE_STABILITY
2026-07-15,2026-07-16,000088.SZ,盐 田 港,57,53,4,B_WATCH_OR_TRIGGER,B_WATCH_OR_TRIGGER,DEFENSIVE_STABILITY,DEFENSIVE_STABILITY
2026-07-15,2026-07-16,000333.SZ,美的集团,32,14,18,B_WATCH_OR_TRIGGER,A_IMMEDIATE_RESEARCH,DEFENSIVE_STABILITY,DEFENSIVE_STABILITY
2026-07-15,2026-07-16,000538.SZ,云南白药,17,21,-4,A_IMMEDIATE_RESEARCH,B_WATCH_OR_TRIGGER,DEFENSIVE_STABILITY,DEFENSIVE_STABILITY
2026-07-15,2026-07-16,000598.SZ,兴蓉环境,46,39,7,B_WATCH_OR_TRIGGER,B_WATCH_OR_TRIGGER,DEFENSIVE_STABILITY,DEFENSIVE_STABILITY
2026-07-15,2026-07-16,000759.SZ,中百集团,64,82,-18,C_SCREEN_FLAG_ONLY,C_SCREEN_FLAG_ONLY,RECOVERY_WATCH,RECOVERY_WATCH
2026-07-15,2026-07-16,000779.SZ,甘咨询,41,27,14,B_WATCH_OR_TRIGGER,B_WATCH_OR_TRIGGER,RECOVERY_WATCH,RECOVERY_WATCH
2026-07-15,2026-07-16,000938.SZ,紫光股份,19,7,12,A_IMMEDIATE_RESEARCH,A_IMMEDIATE_RESEARCH,LIQUID_BREAKOUT,LIQUID_BREAKOUT
2026-07-15,2026-07-16,000977.SZ,浪潮信息,51,34,17,B_WATCH_OR_TRIGGER,B_WATCH_OR_TRIGGER,LIQUID_BREAKOUT,LIQUID_BREAKOUT
2026-07-15,2026-07-16,001227.SZ,兰州银行,55,42,13,B_WATCH_OR_TRIGGER,B_WATCH_OR_TRIGGER,DEFENSIVE_STABILITY,DEFENSIVE_STABILITY
2026-07-15,2026-07-16,002142.SZ,宁波银行,39,45,-6,B_WATCH_OR_TRIGGER,B_WATCH_OR_TRIGGER,DEFENSIVE_STABILITY,DEFENSIVE_STABILITY
2026-07-15,2026-07-16,002185.SZ,华天科技,8,88,-80,A_IMMEDIATE_RESEARCH,C_SCREEN_FLAG_ONLY,LIQUID_BREAKOUT,LIQUID_BREAKOUT
2026-07-15,2026-07-16,002371.SZ,北方华创,27,35,-8,B_WATCH_OR_TRIGGER,B_WATCH_OR_TRIGGER,TREND_PERSISTENCE,TREND_PERSISTENCE
2026-07-15,2026-07-16,002422.SZ,科伦药业,29,19,10,B_WATCH_OR_TRIGGER,A_IMMEDIATE_RESEARCH,LIQUID_BREAKOUT,LIQUID_BREAKOUT
2026-07-15,2026-07-16,002507.SZ,涪陵榨菜,28,25,3,B_WATCH_OR_TRIGGER,B_WATCH_OR_TRIGGER,DEFENSIVE_STABILITY,DEFENSIVE_STABILITY
2026-07-15,2026-07-16,002718.SZ,友邦吊顶,20,20,0,A_IMMEDIATE_RESEARCH,A_IMMEDIATE_RESEARCH,TREND_PERSISTENCE,TREND_PERSISTENCE
2026-07-15,2026-07-16,002747.SZ,埃斯顿,23,16,7,B_WATCH_OR_TRIGGER,A_IMMEDIATE_RESEARCH,LIQUID_BREAKOUT,LIQUID_BREAKOUT
2026-07-15,2026-07-16,002768.SZ,国恩股份,5,3,2,A_IMMEDIATE_RESEARCH,A_IMMEDIATE_RESEARCH,TREND_PERSISTENCE,TREND_PERSISTENCE
2026-07-15,2026-07-16,002821.SZ,凯莱英,63,71,-8,C_SCREEN_FLAG_ONLY,C_SCREEN_FLAG_ONLY,LIQUID_BREAKOUT,LIQUID_BREAKOUT
2026-07-15,2026-07-16,002832.SZ,比音勒芬,58,61,-3,B_WATCH_OR_TRIGGER,C_SCREEN_FLAG_ONLY,TREND_PERSISTENCE,TREND_PERSISTENCE
2026-07-15,2026-07-16,002841.SZ,视源股份,82,67,15,C_SCREEN_FLAG_ONLY,C_SCREEN_FLAG_ONLY,LIQUID_BREAKOUT,LIQUID_BREAKOUT
2026-07-15,2026-07-16,002936.SZ,郑州银行,7,6,1,A_IMMEDIATE_RESEARCH,A_IMMEDIATE_RESEARCH,DEFENSIVE_STABILITY,DEFENSIVE_STABILITY
2026-07-15,2026-07-16,002937.SZ,兴瑞科技,16,17,-1,A_IMMEDIATE_RESEARCH,A_IMMEDIATE_RESEARCH,TREND_PERSISTENCE,TREND_PERSISTENCE
2026-07-15,2026-07-16,300105.SZ,龙源技术,83,78,5,C_SCREEN_FLAG_ONLY,C_SCREEN_FLAG_ONLY,RECOVERY_WATCH,RECOVERY_WATCH
2026-07-15,2026-07-16,300308.SZ,中际旭创,6,12,-6,A_IMMEDIATE_RESEARCH,A_IMMEDIATE_RESEARCH,TREND_PERSISTENCE,TREND_PERSISTENCE
2026-07-15,2026-07-16,300331.SZ,苏大维格,66,81,-15,C_SCREEN_FLAG_ONLY,C_SCREEN_FLAG_ONLY,TREND_PERSISTENCE,TREND_PERSISTENCE
2026-07-15,2026-07-16,300558.SZ,贝达药业,3,4,-1,A_IMMEDIATE_RESEARCH,A_IMMEDIATE_RESEARCH,RECOVERY_WATCH,RECOVERY_WATCH
2026-07-15,2026-07-16,300649.SZ,杭州园林,56,68,-12,B_WATCH_OR_TRIGGER,C_SCREEN_FLAG_ONLY,TREND_PERSISTENCE,TREND_PERSISTENCE
2026-07-15,2026-07-16,300725.SZ,药石科技,98,52,46,C_SCREEN_FLAG_ONLY,B_WATCH_OR_TRIGGER,RECOVERY_WATCH,RECOVERY_WATCH
2026-07-15,2026-07-16,300759.SZ,康龙化成,18,23,-5,A_IMMEDIATE_RESEARCH,B_WATCH_OR_TRIGGER,RECOVERY_WATCH,RECOVERY_WATCH
2026-07-15,2026-07-16,300938.SZ,信测标准,47,47,0,B_WATCH_OR_TRIGGER,B_WATCH_OR_TRIGGER,TREND_PERSISTENCE,TREND_PERSISTENCE
2026-07-15,2026-07-16,300990.SZ,同飞股份,92,91,1,C_SCREEN_FLAG_ONLY,C_SCREEN_FLAG_ONLY,LIQUID_BREAKOUT,LIQUID_BREAKOUT
2026-07-15,2026-07-16,301072.SZ,中捷精工,70,72,-2,C_SCREEN_FLAG_ONLY,C_SCREEN_FLAG_ONLY,TREND_PERSISTENCE,TREND_PERSISTENCE
2026-07-15,2026-07-16,301165.SZ,锐捷网络,45,37,8,B_WATCH_OR_TRIGGER,B_WATCH_OR_TRIGGER,LIQUID_BREAKOUT,LIQUID_BREAKOUT
2026-07-15,2026-07-16,301273.SZ,瑞晨环保,62,89,-27,C_SCREEN_FLAG_ONLY,C_SCREEN_FLAG_ONLY,TREND_PERSISTENCE,TREND_PERSISTENCE
2026-07-15,2026-07-16,301365.SZ,矩阵股份,50,38,12,B_WATCH_OR_TRIGGER,B_WATCH_OR_TRIGGER,TREND_PERSISTENCE,TREND_PERSISTENCE
2026-07-15,2026-07-16,301369.SZ,联动科技,24,24,0,B_WATCH_OR_TRIGGER,B_WATCH_OR_TRIGGER,TREND_PERSISTENCE,TREND_PERSISTENCE
2026-07-15,2026-07-16,301393.SZ,昊帆生物,79,65,14,C_SCREEN_FLAG_ONLY,C_SCREEN_FLAG_ONLY,RECOVERY_WATCH,RECOVERY_WATCH
2026-07-15,2026-07-16,301536.SZ,星宸科技,74,50,24,C_SCREEN_FLAG_ONLY,B_WATCH_OR_TRIGGER,TREND_PERSISTENCE,TREND_PERSISTENCE
2026-07-15,2026-07-16,301568.SZ,思泰克,38,43,-5,B_WATCH_OR_TRIGGER,B_WATCH_OR_TRIGGER,TREND_PERSISTENCE,TREND_PERSISTENCE
2026-07-15,2026-07-16,600016.SH,民生银行,72,66,6,C_SCREEN_FLAG_ONLY,C_SCREEN_FLAG_ONLY,DEFENSIVE_STABILITY,DEFENSIVE_STABILITY
2026-07-15,2026-07-16,600018.SH,上港集团,21,36,-15,B_WATCH_OR_TRIGGER,B_WATCH_OR_TRIGGER,DEFENSIVE_STABILITY,DEFENSIVE_STABILITY
2026-07-15,2026-07-16,600177.SH,雅戈尔,84,90,-6,C_SCREEN_FLAG_ONLY,C_SCREEN_FLAG_ONLY,DEFENSIVE_STABILITY,DEFENSIVE_STABILITY
2026-07-15,2026-07-16,600900.SH,XD长江电,1,1,0,A_IMMEDIATE_RESEARCH,A_IMMEDIATE_RESEARCH,DEFENSIVE_STABILITY,DEFENSIVE_STABILITY
2026-07-15,2026-07-16,600919.SH,江苏银行,33,56,-23,B_WATCH_OR_TRIGGER,B_WATCH_OR_TRIGGER,DEFENSIVE_STABILITY,DEFENSIVE_STABILITY
2026-07-15,2026-07-16,601006.SH,大秦铁路,76,73,3,C_SCREEN_FLAG_ONLY,C_SCREEN_FLAG_ONLY,DEFENSIVE_STABILITY,DEFENSIVE_STABILITY
2026-07-15,2026-07-16,601128.SH,常熟银行,69,62,7,C_SCREEN_FLAG_ONLY,C_SCREEN_FLAG_ONLY,DEFENSIVE_STABILITY,DEFENSIVE_STABILITY
2026-07-15,2026-07-16,601211.SH,国泰海通,59,60,-1,B_WATCH_OR_TRIGGER,B_WATCH_OR_TRIGGER,RECOVERY_WATCH,RECOVERY_WATCH
2026-07-15,2026-07-16,601229.SH,上海银行,22,32,-10,B_WATCH_OR_TRIGGER,B_WATCH_OR_TRIGGER,DEFENSIVE_STABILITY,DEFENSIVE_STABILITY
2026-07-15,2026-07-16,601328.SH,交通银行,65,70,-5,C_SCREEN_FLAG_ONLY,C_SCREEN_FLAG_ONLY,DEFENSIVE_STABILITY,DEFENSIVE_STABILITY
2026-07-15,2026-07-16,601398.SH,工商银行,87,83,4,C_SCREEN_FLAG_ONLY,C_SCREEN_FLAG_ONLY,DEFENSIVE_STABILITY,DEFENSIVE_STABILITY
2026-07-15,2026-07-16,601658.SH,邮储银行,91,100,-9,C_SCREEN_FLAG_ONLY,C_SCREEN_FLAG_ONLY,DEFENSIVE_STABILITY,DEFENSIVE_STABILITY
2026-07-15,2026-07-16,601668.SH,中国建筑,52,59,-7,B_WATCH_OR_TRIGGER,B_WATCH_OR_TRIGGER,DEFENSIVE_STABILITY,DEFENSIVE_STABILITY
2026-07-15,2026-07-16,601818.SH,光大银行,14,9,5,A_IMMEDIATE_RESEARCH,A_IMMEDIATE_RESEARCH,DEFENSIVE_STABILITY,DEFENSIVE_STABILITY
2026-07-15,2026-07-16,601918.SH,新集能源,53,54,-1,B_WATCH_OR_TRIGGER,B_WATCH_OR_TRIGGER,TREND_PERSISTENCE,TREND_PERSISTENCE
2026-07-15,2026-07-16,601928.SH,凤凰传媒,44,29,15,B_WATCH_OR_TRIGGER,B_WATCH_OR_TRIGGER,DEFENSIVE_STABILITY,DEFENSIVE_STABILITY
2026-07-15,2026-07-16,601939.SH,建设银行,61,76,-15,C_SCREEN_FLAG_ONLY,C_SCREEN_FLAG_ONLY,DEFENSIVE_STABILITY,DEFENSIVE_STABILITY
2026-07-15,2026-07-16,601985.SH,XD中国核,49,49,0,B_WATCH_OR_TRIGGER,B_WATCH_OR_TRIGGER,DEFENSIVE_STABILITY,DEFENSIVE_STABILITY
2026-07-15,2026-07-16,603065.SH,宿迁联盛,25,95,-70,B_WATCH_OR_TRIGGER,C_SCREEN_FLAG_ONLY,LIQUID_BREAKOUT,LIQUID_BREAKOUT
2026-07-15,2026-07-16,603139.SH,康惠股份,30,28,2,B_WATCH_OR_TRIGGER,B_WATCH_OR_TRIGGER,TREND_PERSISTENCE,TREND_PERSISTENCE
2026-07-15,2026-07-16,603223.SH,恒通股份,36,41,-5,B_WATCH_OR_TRIGGER,B_WATCH_OR_TRIGGER,RECOVERY_WATCH,RECOVERY_WATCH
2026-07-15,2026-07-16,603259.SH,药明康德,37,44,-7,B_WATCH_OR_TRIGGER,B_WATCH_OR_TRIGGER,LIQUID_BREAKOUT,LIQUID_BREAKOUT
2026-07-15,2026-07-16,603268.SH,松发股份,12,8,4,A_IMMEDIATE_RESEARCH,A_IMMEDIATE_RESEARCH,TREND_PERSISTENCE,TREND_PERSISTENCE
2026-07-15,2026-07-16,603501.SH,豪威集团,11,11,0,A_IMMEDIATE_RESEARCH,A_IMMEDIATE_RESEARCH,RECOVERY_WATCH,RECOVERY_WATCH
2026-07-15,2026-07-16,603669.SH,灵康药业,13,13,0,A_IMMEDIATE_RESEARCH,A_IMMEDIATE_RESEARCH,RECOVERY_WATCH,RECOVERY_WATCH
2026-07-15,2026-07-16,603757.SH,大元泵业,40,26,14,B_WATCH_OR_TRIGGER,B_WATCH_OR_TRIGGER,LIQUID_BREAKOUT,LIQUID_BREAKOUT
2026-07-15,2026-07-16,603823.SH,百合花,15,10,5,A_IMMEDIATE_RESEARCH,A_IMMEDIATE_RESEARCH,LIQUID_BREAKOUT,LIQUID_BREAKOUT
2026-07-15,2026-07-16,603893.SH,瑞芯微,88,30,58,C_SCREEN_FLAG_ONLY,B_WATCH_OR_TRIGGER,LIQUID_BREAKOUT,LIQUID_BREAKOUT
2026-07-15,2026-07-16,603928.SH,兴业股份,31,93,-62,B_WATCH_OR_TRIGGER,C_SCREEN_FLAG_ONLY,RECOVERY_WATCH,RECOVERY_WATCH
2026-07-15,2026-07-16,603991.SH,领先股份,85,40,45,C_SCREEN_FLAG_ONLY,B_WATCH_OR_TRIGGER,LIQUID_BREAKOUT,LIQUID_BREAKOUT
2026-07-15,2026-07-16,688090.SH,瑞松科技,86,85,1,C_SCREEN_FLAG_ONLY,C_SCREEN_FLAG_ONLY,TREND_PERSISTENCE,TREND_PERSISTENCE
2026-07-15,2026-07-16,688103.SH,国力电子,73,69,4,C_SCREEN_FLAG_ONLY,C_SCREEN_FLAG_ONLY,RECOVERY_WATCH,RECOVERY_WATCH
2026-07-15,2026-07-16,688266.SH,泽璟制药,94,33,61,C_SCREEN_FLAG_ONLY,B_WATCH_OR_TRIGGER,RECOVERY_WATCH,RECOVERY_WATCH
2026-07-15,2026-07-16,688498.SH,源杰科技,2,2,0,A_IMMEDIATE_RESEARCH,A_IMMEDIATE_RESEARCH,TREND_PERSISTENCE,TREND_PERSISTENCE
2026-07-15,2026-07-16,920020.BJ,泰凯英,9,15,-6,A_IMMEDIATE_RESEARCH,A_IMMEDIATE_RESEARCH,DEFENSIVE_STABILITY,DEFENSIVE_STABILITY
2026-07-15,2026-07-16,920367.BJ,新赣江,42,18,24,B_WATCH_OR_TRIGGER,A_IMMEDIATE_RESEARCH,RECOVERY_WATCH,RECOVERY_WATCH
2026-07-15,2026-07-16,920510.BJ,丰光精密,4,5,-1,A_IMMEDIATE_RESEARCH,A_IMMEDIATE_RESEARCH,LIQUID_BREAKOUT,LIQUID_BREAKOUT
2026-07-16,2026-07-17,000001.SZ,平安银行,94,91,3,C_SCREEN_FLAG_ONLY,C_SCREEN_FLAG_ONLY,DEFENSIVE_STABILITY,DEFENSIVE_STABILITY
2026-07-16,2026-07-17,000088.SZ,盐 田 港,53,64,-11,B_WATCH_OR_TRIGGER,C_SCREEN_FLAG_ONLY,DEFENSIVE_STABILITY,DEFENSIVE_STABILITY
2026-07-16,2026-07-17,000333.SZ,美的集团,14,9,5,A_IMMEDIATE_RESEARCH,A_IMMEDIATE_RESEARCH,DEFENSIVE_STABILITY,DEFENSIVE_STABILITY
2026-07-16,2026-07-17,000538.SZ,云南白药,21,74,-53,B_WATCH_OR_TRIGGER,C_SCREEN_FLAG_ONLY,DEFENSIVE_STABILITY,DEFENSIVE_STABILITY
2026-07-16,2026-07-17,000598.SZ,兴蓉环境,39,46,-7,B_WATCH_OR_TRIGGER,B_WATCH_OR_TRIGGER,DEFENSIVE_STABILITY,DEFENSIVE_STABILITY
2026-07-16,2026-07-17,000759.SZ,中百集团,82,41,41,C_SCREEN_FLAG_ONLY,B_WATCH_OR_TRIGGER,RECOVERY_WATCH,RECOVERY_WATCH
2026-07-16,2026-07-17,000779.SZ,甘咨询,27,3,24,B_WATCH_OR_TRIGGER,A_IMMEDIATE_RESEARCH,RECOVERY_WATCH,RECOVERY_WATCH
2026-07-16,2026-07-17,000938.SZ,紫光股份,7,7,0,A_IMMEDIATE_RESEARCH,A_IMMEDIATE_RESEARCH,LIQUID_BREAKOUT,LIQUID_BREAKOUT
2026-07-16,2026-07-17,000977.SZ,浪潮信息,34,45,-11,B_WATCH_OR_TRIGGER,B_WATCH_OR_TRIGGER,LIQUID_BREAKOUT,LIQUID_BREAKOUT
2026-07-16,2026-07-17,001227.SZ,兰州银行,42,31,11,B_WATCH_OR_TRIGGER,B_WATCH_OR_TRIGGER,DEFENSIVE_STABILITY,DEFENSIVE_STABILITY
2026-07-16,2026-07-17,001314.SZ,亿道信息,96,73,23,C_SCREEN_FLAG_ONLY,C_SCREEN_FLAG_ONLY,TREND_PERSISTENCE,TREND_PERSISTENCE
2026-07-16,2026-07-17,002142.SZ,宁波银行,45,28,17,B_WATCH_OR_TRIGGER,B_WATCH_OR_TRIGGER,DEFENSIVE_STABILITY,DEFENSIVE_STABILITY
2026-07-16,2026-07-17,002371.SZ,北方华创,35,27,8,B_WATCH_OR_TRIGGER,B_WATCH_OR_TRIGGER,TREND_PERSISTENCE,TREND_PERSISTENCE
2026-07-16,2026-07-17,002396.SZ,星网锐捷,84,14,70,C_SCREEN_FLAG_ONLY,A_IMMEDIATE_RESEARCH,LIQUID_BREAKOUT,LIQUID_BREAKOUT
2026-07-16,2026-07-17,002422.SZ,科伦药业,19,11,8,A_IMMEDIATE_RESEARCH,A_IMMEDIATE_RESEARCH,LIQUID_BREAKOUT,LIQUID_BREAKOUT
2026-07-16,2026-07-17,002507.SZ,涪陵榨菜,25,49,-24,B_WATCH_OR_TRIGGER,B_WATCH_OR_TRIGGER,DEFENSIVE_STABILITY,DEFENSIVE_STABILITY
2026-07-16,2026-07-17,002536.SZ,飞龙股份,22,51,-29,B_WATCH_OR_TRIGGER,B_WATCH_OR_TRIGGER,LIQUID_BREAKOUT,LIQUID_BREAKOUT
2026-07-16,2026-07-17,002653.SZ,海思科,55,35,20,B_WATCH_OR_TRIGGER,B_WATCH_OR_TRIGGER,LIQUID_BREAKOUT,LIQUID_BREAKOUT
2026-07-16,2026-07-17,002718.SZ,友邦吊顶,20,13,7,A_IMMEDIATE_RESEARCH,A_IMMEDIATE_RESEARCH,TREND_PERSISTENCE,TREND_PERSISTENCE
2026-07-16,2026-07-17,002768.SZ,国恩股份,3,24,-21,A_IMMEDIATE_RESEARCH,B_WATCH_OR_TRIGGER,TREND_PERSISTENCE,TREND_PERSISTENCE
2026-07-16,2026-07-17,002821.SZ,凯莱英,71,60,11,C_SCREEN_FLAG_ONLY,B_WATCH_OR_TRIGGER,LIQUID_BREAKOUT,LIQUID_BREAKOUT
2026-07-16,2026-07-17,002832.SZ,比音勒芬,61,65,-4,C_SCREEN_FLAG_ONLY,C_SCREEN_FLAG_ONLY,TREND_PERSISTENCE,TREND_PERSISTENCE
2026-07-16,2026-07-17,002841.SZ,视源股份,67,25,42,C_SCREEN_FLAG_ONLY,B_WATCH_OR_TRIGGER,LIQUID_BREAKOUT,LIQUID_BREAKOUT
2026-07-16,2026-07-17,002936.SZ,郑州银行,6,10,-4,A_IMMEDIATE_RESEARCH,A_IMMEDIATE_RESEARCH,DEFENSIVE_STABILITY,DEFENSIVE_STABILITY
2026-07-16,2026-07-17,002937.SZ,兴瑞科技,17,15,2,A_IMMEDIATE_RESEARCH,A_IMMEDIATE_RESEARCH,TREND_PERSISTENCE,TREND_PERSISTENCE
2026-07-16,2026-07-17,300105.SZ,龙源技术,78,44,34,C_SCREEN_FLAG_ONLY,B_WATCH_OR_TRIGGER,RECOVERY_WATCH,RECOVERY_WATCH
2026-07-16,2026-07-17,300225.SZ,金力泰,75,58,17,C_SCREEN_FLAG_ONLY,B_WATCH_OR_TRIGGER,TREND_PERSISTENCE,TREND_PERSISTENCE
2026-07-16,2026-07-17,300308.SZ,中际旭创,12,5,7,A_IMMEDIATE_RESEARCH,A_IMMEDIATE_RESEARCH,TREND_PERSISTENCE,TREND_PERSISTENCE
2026-07-16,2026-07-17,300723.SZ,一品红,97,81,16,C_SCREEN_FLAG_ONLY,C_SCREEN_FLAG_ONLY,RECOVERY_WATCH,RECOVERY_WATCH
2026-07-16,2026-07-17,300759.SZ,康龙化成,23,23,0,B_WATCH_OR_TRIGGER,B_WATCH_OR_TRIGGER,RECOVERY_WATCH,RECOVERY_WATCH
2026-07-16,2026-07-17,300938.SZ,信测标准,47,62,-15,B_WATCH_OR_TRIGGER,C_SCREEN_FLAG_ONLY,TREND_PERSISTENCE,TREND_PERSISTENCE
2026-07-16,2026-07-17,300999.SZ,金龙鱼,98,56,42,C_SCREEN_FLAG_ONLY,B_WATCH_OR_TRIGGER,DEFENSIVE_STABILITY,DEFENSIVE_STABILITY
2026-07-16,2026-07-17,301072.SZ,中捷精工,72,50,22,C_SCREEN_FLAG_ONLY,B_WATCH_OR_TRIGGER,TREND_PERSISTENCE,TREND_PERSISTENCE
2026-07-16,2026-07-17,301165.SZ,锐捷网络,37,22,15,B_WATCH_OR_TRIGGER,B_WATCH_OR_TRIGGER,LIQUID_BREAKOUT,LIQUID_BREAKOUT
2026-07-16,2026-07-17,301206.SZ,三元生物,79,17,62,C_SCREEN_FLAG_ONLY,A_IMMEDIATE_RESEARCH,DEFENSIVE_STABILITY,DEFENSIVE_STABILITY
2026-07-16,2026-07-17,301273.SZ,瑞晨环保,89,47,42,C_SCREEN_FLAG_ONLY,B_WATCH_OR_TRIGGER,TREND_PERSISTENCE,TREND_PERSISTENCE
2026-07-16,2026-07-17,301365.SZ,矩阵股份,38,34,4,B_WATCH_OR_TRIGGER,B_WATCH_OR_TRIGGER,TREND_PERSISTENCE,TREND_PERSISTENCE
2026-07-16,2026-07-17,301536.SZ,星宸科技,50,79,-29,B_WATCH_OR_TRIGGER,C_SCREEN_FLAG_ONLY,TREND_PERSISTENCE,TREND_PERSISTENCE
2026-07-16,2026-07-17,600016.SH,民生银行,66,67,-1,C_SCREEN_FLAG_ONLY,C_SCREEN_FLAG_ONLY,DEFENSIVE_STABILITY,DEFENSIVE_STABILITY
2026-07-16,2026-07-17,600018.SH,上港集团,36,20,16,B_WATCH_OR_TRIGGER,A_IMMEDIATE_RESEARCH,DEFENSIVE_STABILITY,DEFENSIVE_STABILITY
2026-07-16,2026-07-17,600900.SH,XD长江电,1,1,0,A_IMMEDIATE_RESEARCH,A_IMMEDIATE_RESEARCH,DEFENSIVE_STABILITY,DEFENSIVE_STABILITY
2026-07-16,2026-07-17,600919.SH,江苏银行,56,39,17,B_WATCH_OR_TRIGGER,B_WATCH_OR_TRIGGER,DEFENSIVE_STABILITY,DEFENSIVE_STABILITY
2026-07-16,2026-07-17,601006.SH,大秦铁路,73,87,-14,C_SCREEN_FLAG_ONLY,C_SCREEN_FLAG_ONLY,DEFENSIVE_STABILITY,DEFENSIVE_STABILITY
2026-07-16,2026-07-17,601128.SH,常熟银行,62,71,-9,C_SCREEN_FLAG_ONLY,C_SCREEN_FLAG_ONLY,DEFENSIVE_STABILITY,DEFENSIVE_STABILITY
2026-07-16,2026-07-17,601168.SH,西部矿业,58,99,-41,B_WATCH_OR_TRIGGER,C_SCREEN_FLAG_ONLY,TREND_PERSISTENCE,TREND_PERSISTENCE
2026-07-16,2026-07-17,601211.SH,国泰海通,60,38,22,B_WATCH_OR_TRIGGER,B_WATCH_OR_TRIGGER,RECOVERY_WATCH,RECOVERY_WATCH
2026-07-16,2026-07-17,601229.SH,上海银行,32,36,-4,B_WATCH_OR_TRIGGER,B_WATCH_OR_TRIGGER,DEFENSIVE_STABILITY,DEFENSIVE_STABILITY
2026-07-16,2026-07-17,601328.SH,交通银行,70,61,9,C_SCREEN_FLAG_ONLY,C_SCREEN_FLAG_ONLY,DEFENSIVE_STABILITY,DEFENSIVE_STABILITY
2026-07-16,2026-07-17,601398.SH,工商银行,83,77,6,C_SCREEN_FLAG_ONLY,C_SCREEN_FLAG_ONLY,DEFENSIVE_STABILITY,DEFENSIVE_STABILITY
2026-07-16,2026-07-17,601658.SH,邮储银行,100,90,10,C_SCREEN_FLAG_ONLY,C_SCREEN_FLAG_ONLY,DEFENSIVE_STABILITY,DEFENSIVE_STABILITY
2026-07-16,2026-07-17,601668.SH,中国建筑,59,53,6,B_WATCH_OR_TRIGGER,B_WATCH_OR_TRIGGER,DEFENSIVE_STABILITY,DEFENSIVE_STABILITY
2026-07-16,2026-07-17,601818.SH,光大银行,9,6,3,A_IMMEDIATE_RESEARCH,A_IMMEDIATE_RESEARCH,DEFENSIVE_STABILITY,DEFENSIVE_STABILITY
2026-07-16,2026-07-17,601918.SH,新集能源,54,43,11,B_WATCH_OR_TRIGGER,B_WATCH_OR_TRIGGER,TREND_PERSISTENCE,TREND_PERSISTENCE
2026-07-16,2026-07-17,601928.SH,凤凰传媒,29,33,-4,B_WATCH_OR_TRIGGER,B_WATCH_OR_TRIGGER,DEFENSIVE_STABILITY,DEFENSIVE_STABILITY
2026-07-16,2026-07-17,601985.SH,XD中国核,49,42,7,B_WATCH_OR_TRIGGER,B_WATCH_OR_TRIGGER,DEFENSIVE_STABILITY,DEFENSIVE_STABILITY
2026-07-16,2026-07-17,603127.SH,昭衍新药,57,70,-13,B_WATCH_OR_TRIGGER,C_SCREEN_FLAG_ONLY,LIQUID_BREAKOUT,LIQUID_BREAKOUT
2026-07-16,2026-07-17,603139.SH,康惠股份,28,40,-12,B_WATCH_OR_TRIGGER,B_WATCH_OR_TRIGGER,TREND_PERSISTENCE,TREND_PERSISTENCE
2026-07-16,2026-07-17,603259.SH,药明康德,44,68,-24,B_WATCH_OR_TRIGGER,C_SCREEN_FLAG_ONLY,LIQUID_BREAKOUT,LIQUID_BREAKOUT
2026-07-16,2026-07-17,603268.SH,松发股份,8,8,0,A_IMMEDIATE_RESEARCH,A_IMMEDIATE_RESEARCH,TREND_PERSISTENCE,TREND_PERSISTENCE
2026-07-16,2026-07-17,603466.SH,风语筑,80,55,25,C_SCREEN_FLAG_ONLY,B_WATCH_OR_TRIGGER,LIQUID_BREAKOUT,LIQUID_BREAKOUT
2026-07-16,2026-07-17,603501.SH,豪威集团,11,12,-1,A_IMMEDIATE_RESEARCH,A_IMMEDIATE_RESEARCH,RECOVERY_WATCH,RECOVERY_WATCH
2026-07-16,2026-07-17,603669.SH,灵康药业,13,16,-3,A_IMMEDIATE_RESEARCH,A_IMMEDIATE_RESEARCH,RECOVERY_WATCH,RECOVERY_WATCH
2026-07-16,2026-07-17,603757.SH,大元泵业,26,18,8,B_WATCH_OR_TRIGGER,A_IMMEDIATE_RESEARCH,LIQUID_BREAKOUT,LIQUID_BREAKOUT
2026-07-16,2026-07-17,603823.SH,百合花,10,4,6,A_IMMEDIATE_RESEARCH,A_IMMEDIATE_RESEARCH,LIQUID_BREAKOUT,LIQUID_BREAKOUT
2026-07-16,2026-07-17,603893.SH,瑞芯微,30,63,-33,B_WATCH_OR_TRIGGER,C_SCREEN_FLAG_ONLY,LIQUID_BREAKOUT,LIQUID_BREAKOUT
2026-07-16,2026-07-17,603991.SH,领先股份,40,86,-46,B_WATCH_OR_TRIGGER,C_SCREEN_FLAG_ONLY,LIQUID_BREAKOUT,LIQUID_BREAKOUT
2026-07-16,2026-07-17,688103.SH,国力电子,69,57,12,C_SCREEN_FLAG_ONLY,B_WATCH_OR_TRIGGER,RECOVERY_WATCH,RECOVERY_WATCH
2026-07-16,2026-07-17,688266.SH,泽璟制药,33,32,1,B_WATCH_OR_TRIGGER,B_WATCH_OR_TRIGGER,RECOVERY_WATCH,RECOVERY_WATCH
2026-07-16,2026-07-17,688498.SH,源杰科技,2,2,0,A_IMMEDIATE_RESEARCH,A_IMMEDIATE_RESEARCH,TREND_PERSISTENCE,TREND_PERSISTENCE
2026-07-16,2026-07-17,920020.BJ,泰凯英,15,21,-6,A_IMMEDIATE_RESEARCH,B_WATCH_OR_TRIGGER,DEFENSIVE_STABILITY,DEFENSIVE_STABILITY
2026-07-16,2026-07-17,920367.BJ,新赣江,18,26,-8,A_IMMEDIATE_RESEARCH,B_WATCH_OR_TRIGGER,RECOVERY_WATCH,RECOVERY_WATCH
2026-07-16,2026-07-17,920599.BJ,同力股份,86,78,8,C_SCREEN_FLAG_ONLY,C_SCREEN_FLAG_ONLY,DEFENSIVE_STABILITY,DEFENSIVE_STABILITY
