conflict_id,priority,domain,rule_or_source_a,rule_or_source_b,conflict_description,risk,resolution_route,wp1_5b_status,resolution_evidence
CF-001,P0,完整运行包保留,14_PRODUCTION File retention,Release 8完整包已从File Library清除,R9未嵌入R8且GitHub未保存R8全部内容,完整恢复链断裂,WP1-5重建双层Canonical并恢复R8云端不可变副本,CLOSED_BY_RULE_SCHEMA_OR_STATE_REBUILD,ACTIVE_RULE_REGISTRY;UNIFIED_SCHEMA;MIGRATION_ACCEPTANCE
CF-002,P0,Active Kernel完整性,00_README声明Archive永不参与,稳健复利、退出、写回、候选赛马、月度委员会等关键规则只在Archive,必要规则形式上存在但运行时失活,受控救援并重写精简Active规则,,CLOSED_BY_RULE_SCHEMA_OR_STATE_REBUILD,ACTIVE_RULE_REGISTRY;UNIFIED_SCHEMA;MIGRATION_ACCEPTANCE
CF-003,P0,CORE静态边界,CORE不得保存动态事实,17_FMDL4和多项Active文件保存Release ID、日期和阶段状态,规则包被历史阶段污染,Release事实移入Bindings/History,,CLOSED_BY_RULE_SCHEMA_OR_STATE_REBUILD,ACTIVE_RULE_REGISTRY;UNIFIED_SCHEMA;MIGRATION_ACCEPTANCE
CF-004,P0,版本一致性,Release 8宣称runtime 3.5.0,Active/Schema/Config混用3.4.0–3.4.3,无法形成单一可复现契约,统一版本和迁移器,,CLOSED_BY_RULE_SCHEMA_OR_STATE_REBUILD,ACTIVE_RULE_REGISTRY;UNIFIED_SCHEMA;MIGRATION_ACCEPTANCE
CF-005,P0,生产验收,POST-FMDL4 Validation报告PASS,自身运行重放39项仅17 PASS并出现230 FATAL,外层字节验收未覆盖运行一致性,修复后重新执行完整runtime acceptance,,CLOSED_BY_RULE_SCHEMA_OR_STATE_REBUILD,ACTIVE_RULE_REGISTRY;UNIFIED_SCHEMA;MIGRATION_ACCEPTANCE
CF-006,P0,State原子性,Manifest声称原子元数据一致,215行级run_id/promotion metadata不一致、15 row count不一致,引擎在VALIDATE_SCHEMA阶段拒绝,重建State与Manifest,,CLOSED_BY_RULE_SCHEMA_OR_STATE_REBUILD,ACTIVE_RULE_REGISTRY;UNIFIED_SCHEMA;MIGRATION_ACCEPTANCE
CF-007,P0,现金政策,Active撤销15%战略现金,Reference 38仍保留55%–75%低风险/现金类默认区间,旧政策可能重新污染决策,Deprecated旧配置区间,,CLOSED_BY_RULE_SCHEMA_OR_STATE_REBUILD,ACTIVE_RULE_REGISTRY;UNIFIED_SCHEMA;MIGRATION_ACCEPTANCE
CF-008,P0,真实账户路径,03只说模拟结果不得自动迁移,09/engine把canonical race作为普遍硬Gate，100要求60–120日,直接研究路径被无条件阻断,区分配置工具、直接研究、模拟迁移三路径,,CLOSED_BY_RULE_SCHEMA_OR_STATE_REBUILD,ACTIVE_RULE_REGISTRY;UNIFIED_SCHEMA;MIGRATION_ACCEPTANCE
CF-009,P0,评分治理,Active说评分不能覆盖Gate,历史存在三重评分、四类分数、Owner100分、Factor模型和多个阈值,可能出现平行评分和伪精确,统一维度评分+Gate+置信度,,CLOSED_BY_RULE_SCHEMA_OR_STATE_REBUILD,ACTIVE_RULE_REGISTRY;UNIFIED_SCHEMA;MIGRATION_ACCEPTANCE
CF-010,P0,Candidate生命周期,status_enum单一链,98的L0-L5、FMDL4 Longlist/Research Object及目标新层级不同,状态语义不统一,拆分Research/Candidate/Account状态机,,CLOSED_BY_RULE_SCHEMA_OR_STATE_REBUILD,ACTIVE_RULE_REGISTRY;UNIFIED_SCHEMA;MIGRATION_ACCEPTANCE
CF-011,P0,运营节奏,14仅日/周/月和60日观察,FMDL7D有六类Cadence但定时只构建控制artifact,标准与真实生产脱节,统一Operating Product与publication链,,CLOSED_BY_RULE_SCHEMA_OR_STATE_REBUILD,ACTIVE_RULE_REGISTRY;UNIFIED_SCHEMA;MIGRATION_ACCEPTANCE
CF-012,P0,事件驱动,用户明确要求事件驱动,Active Kernel没有事件标准和Schema,事件只能零散写入风险清单,新增60_EVENT_DRIVEN,,CLOSED_BY_RULE_SCHEMA_OR_STATE_REBUILD,ACTIVE_RULE_REGISTRY;UNIFIED_SCHEMA;MIGRATION_ACCEPTANCE
CF-013,P1,执行授权术语,trade_authority=NONE,permission允许EXECUTION_AUTHORIZED,可能误解为系统具备下单权限,改名或明确定义手动用户授权,,CLOSED_BY_RULE_SCHEMA_OR_STATE_REBUILD,ACTIVE_RULE_REGISTRY;UNIFIED_SCHEMA;MIGRATION_ACCEPTANCE
CF-014,P1,市场边界,R8 Core仅FMDL1/FMDL4,GitHub已完成FMDL5-7和三市场非对称边界,Canonical无法完整恢复市场能力,引入Market Capability Registry,,CLOSED_BY_RULE_SCHEMA_OR_STATE_REBUILD,ACTIVE_RULE_REGISTRY;UNIFIED_SCHEMA;MIGRATION_ACCEPTANCE
CF-015,P1,数据刷新,12仍是P2B shortlist refresh,FMDL已是全市场、港股Overlay和美股Adapter,Active刷新规则过期,替换为多域刷新标准,,CLOSED_BY_RULE_SCHEMA_OR_STATE_REBUILD,ACTIVE_RULE_REGISTRY;UNIFIED_SCHEMA;MIGRATION_ACCEPTANCE
CF-016,P1,文件引用,103/104等历史规则引用多个已改名或不存在文件,Archive规则若直接恢复会断链,不能原样晋级,按语义重写而非复制旧文件,,CLOSED_BY_RULE_SCHEMA_OR_STATE_REBUILD,ACTIVE_RULE_REGISTRY;UNIFIED_SCHEMA;MIGRATION_ACCEPTANCE
CF-017,P1,配置表达,target_allocation要求point target,实际需要区间、条件方案和现金排除,Schema无法表达现政策,重写Allocation Policy Schema,,CLOSED_BY_RULE_SCHEMA_OR_STATE_REBUILD,ACTIVE_RULE_REGISTRY;UNIFIED_SCHEMA;MIGRATION_ACCEPTANCE
CF-018,P1,研究工具依赖,15绑定具体plugin workflow名称,工具可用性会变化,Canonical不应依赖单一插件,采用能力型执行器注册,,CLOSED_BY_RULE_SCHEMA_OR_STATE_REBUILD,ACTIVE_RULE_REGISTRY;UNIFIED_SCHEMA;MIGRATION_ACCEPTANCE
CF-019,P1,规则校准,13允许有损失机制即校准,17/107要求多观察、回归和人工批准,门槛不一致,统一多案例受控升级,,CLOSED_BY_RULE_SCHEMA_OR_STATE_REBUILD,ACTIVE_RULE_REGISTRY;UNIFIED_SCHEMA;MIGRATION_ACCEPTANCE
CF-020,P1,引擎复制,CORE内嵌引擎与独立Production Engine字节相同,两份都可被误认为权威,维护风险,只保留单一权威引擎,,CLOSED_BY_RULE_SCHEMA_OR_STATE_REBUILD,ACTIVE_RULE_REGISTRY;UNIFIED_SCHEMA;MIGRATION_ACCEPTANCE
CF-021,P1,README状态,Production Engine README仍指向P4 v3.4包,Release 8已是POST-FMDL4 v3.5并且FMDL7已完成,运行说明陈旧,重写恢复入口,,CLOSED_BY_RULE_SCHEMA_OR_STATE_REBUILD,ACTIVE_RULE_REGISTRY;UNIFIED_SCHEMA;MIGRATION_ACCEPTANCE
CF-022,P1,File Library状态,Handoff称R9为File Library Canonical,Pointer/START_HERE/GitHub写明待上传验证,激活口径冲突,WP1-5统一,,CLOSED_BY_RULE_SCHEMA_OR_STATE_REBUILD,ACTIVE_RULE_REGISTRY;UNIFIED_SCHEMA;MIGRATION_ACCEPTANCE
