as_of_date,overall_rank,research_priority,symbol,name,exchange,board,listing_status,industry_name,primary_sleeve,sleeves,sleeve_count,primary_sleeve_rank,primary_sleeve_rank_percentile,best_sleeve_score,normalized_primary_score,cross_sleeve_bonus,aggregate_score,score_basis,investability_status,factor_record_quality,confidence_grade,event_flag_count,avg_turnover_cny_20d,return_20d,return_60d,return_120d,return_250d,distance_52w_high,volatility_60d,max_drawdown_120d,screen_row_hash,next_workflow,authority,longlist_row_hash,evidence_id,lead_skill,route_json,handoff_status,research_object_status,state_mutation_authorized,trade_authority
2026-07-17,1,A_IMMEDIATE_RESEARCH,600900.SH,XD长江电,SH,SH_MAIN,ACTIVE,,DEFENSIVE_STABILITY,DEFENSIVE_STABILITY|RECOVERY_WATCH|LIQUID_BREAKOUT,3,1,1.0,0.94381219,0.98314366,0.04,1.02314366,WITHIN_SLEEVE_RANK_PERCENTILE_PLUS_RAW_SCORE,ELIGIBLE_CORE,VALID,A,0,3725003543.35,0.0802778849864915,0.0728248371023381,0.0823665893271461,-0.0168598524762908,-0.028125,0.1563138904509348,-0.0727537286285922,43f6476180ee04d7654460d1ff0fadd89c6d97dbf39da8911c4633dfedf25cbf,PUBLIC_EQUITY_INVESTING_IDEA_GENERATION,RESEARCH_PRIORITY_ONLY_NO_TRADE_AUTHORITY,807a0ddd92c184380d396f211ea0a856a02e7d2e1f11ba96e740a7eac8e3243d,FMDL4A-EV-600900.SH-d7adf6f20553740f,idea-generation,"[""idea-generation"",""company-tearsheet""]",HANDOFF_READY_RESEARCH_NOT_STARTED,NOT_CREATED_FMDL4B,False,NONE
2026-07-17,2,A_IMMEDIATE_RESEARCH,688498.SH,源杰科技,SH,STAR,ACTIVE,,TREND_PERSISTENCE,TREND_PERSISTENCE,1,1,1.0,0.98586989,0.99576097,0.0,0.99576097,WITHIN_SLEEVE_RANK_PERCENTILE_PLUS_RAW_SCORE,ELIGIBLE_CORE,VALID,A,0,8315371049.0,-0.0103743366639574,0.7295039164490862,2.1250000000000004,11.642186426444766,-0.1219512195121951,0.8858225807061112,-0.1568398727465535,b3b67384e7eb5c7e5135eec7831d3b1f5102bb17e84b99e609a666a06a8b710c,PUBLIC_EQUITY_INVESTING_IDEA_GENERATION,RESEARCH_PRIORITY_ONLY_NO_TRADE_AUTHORITY,86cac5fcb4ab3019598f8ae08461d55e96f5d6b5d28534d2e6437dc4ca887283,FMDL4A-EV-688498.SH-554d6aef6aecd525,idea-generation,"[""idea-generation"",""company-tearsheet""]",HANDOFF_READY_RESEARCH_NOT_STARTED,NOT_CREATED_FMDL4B,False,NONE
2026-07-17,3,A_IMMEDIATE_RESEARCH,000779.SZ,甘咨询,SZ,SZ_MAIN,ACTIVE,M 科研服务,RECOVERY_WATCH,RECOVERY_WATCH|LIQUID_BREAKOUT,2,1,1.0,0.88529524,0.96558857,0.02,0.98558857,WITHIN_SLEEVE_RANK_PERCENTILE_PLUS_RAW_SCORE,ELIGIBLE_CORE,VALID,A,0,406872581.65,0.5945241199478488,0.4009163802978235,0.4237485448195577,0.3038379530916844,0.0,0.4209311327205829,-0.3259052924791086,28e7db89da9a57c2b38b90af48b6a71d1dadfff861e9f8ad96ae907a275497a0,PUBLIC_EQUITY_INVESTING_IDEA_GENERATION,RESEARCH_PRIORITY_ONLY_NO_TRADE_AUTHORITY,2a823ee72f8b00a16a2470d714fb4f46850f883cd55961bcf324c839e823cca1,FMDL4A-EV-000779.SZ-01b63059f175ad69,idea-generation,"[""idea-generation"",""company-tearsheet""]",HANDOFF_READY_RESEARCH_NOT_STARTED,NOT_CREATED_FMDL4B,False,NONE
2026-07-17,4,A_IMMEDIATE_RESEARCH,603823.SH,百合花,SH,SH_MAIN,ACTIVE,,LIQUID_BREAKOUT,LIQUID_BREAKOUT,1,1,1.0,0.93789411,0.98136823,0.0,0.98136823,WITHIN_SLEEVE_RANK_PERCENTILE_PLUS_RAW_SCORE,ELIGIBLE_CORE,VALID,A,0,1463481254.9,0.5024619995718262,3.3617153511497837,3.084982537834692,4.002138275124733,-0.0313319530710834,0.8057748767720395,-0.2460438999489536,efe543c7a9aba547dc175806af42e274dad7a2878cc975618fad956761bb6e4b,PUBLIC_EQUITY_INVESTING_IDEA_GENERATION,RESEARCH_PRIORITY_ONLY_NO_TRADE_AUTHORITY,416388e55a3eb04c58216b3a1d4d9c6f17cf2a6034d2d15c90fe681a0a7fb56b,FMDL4A-EV-603823.SH-ec27dba2c9a71458,idea-generation,"[""idea-generation"",""company-tearsheet""]",HANDOFF_READY_RESEARCH_NOT_STARTED,NOT_CREATED_FMDL4B,False,NONE
2026-07-17,5,A_IMMEDIATE_RESEARCH,300308.SZ,中际旭创,SZ,CHINEXT,ACTIVE,C 制造业,TREND_PERSISTENCE,TREND_PERSISTENCE,1,2,0.975,0.96374112,0.97162234,0.0,0.97162234,WITHIN_SLEEVE_RANK_PERCENTILE_PLUS_RAW_SCORE,ELIGIBLE_CORE,VALID,A,0,39585454065.5,-0.2839576571044244,0.153663133097762,0.5689434228230923,6.263329625509827,-0.291442709049214,0.6823603676893768,-0.291442709049214,b15c003e1f77bffeeab77ea4d4a501ef7d881479aad968531776ae750978d736,PUBLIC_EQUITY_INVESTING_IDEA_GENERATION,RESEARCH_PRIORITY_ONLY_NO_TRADE_AUTHORITY,883a03a2805f47343fa6b242d00a9c758231882d2270f9d6df1d30c8fdc10024,FMDL4A-EV-300308.SZ-de53ff9e06963b43,idea-generation,"[""idea-generation"",""company-tearsheet""]",HANDOFF_READY_RESEARCH_NOT_STARTED,NOT_CREATED_FMDL4B,False,NONE
2026-07-17,6,A_IMMEDIATE_RESEARCH,601818.SH,光大银行,SH,SH_MAIN,ACTIVE,,DEFENSIVE_STABILITY,DEFENSIVE_STABILITY,1,2,0.975,0.94351051,0.96555315,0.0,0.96555315,WITHIN_SLEEVE_RANK_PERCENTILE_PLUS_RAW_SCORE,ELIGIBLE_CORE,VALID,A,0,674919360.35,0.0162337662337661,-0.0157232704402516,-0.0428134556574923,-0.2582938388625592,-0.2582938388625592,0.1567169467592192,-0.1373134328358208,31db70adbda98a1be8ec10e981168dd227853b05320418ae6e266dc94ce621d0,PUBLIC_EQUITY_INVESTING_IDEA_GENERATION,RESEARCH_PRIORITY_ONLY_NO_TRADE_AUTHORITY,f30b543045e448b814322713ae7f6635d0e216bb4b059022c7251bc914b712a6,FMDL4A-EV-601818.SH-6bfea418f40e7002,idea-generation,"[""idea-generation"",""company-tearsheet""]",HANDOFF_READY_RESEARCH_NOT_STARTED,NOT_CREATED_FMDL4B,False,NONE
2026-07-17,7,A_IMMEDIATE_RESEARCH,000938.SZ,紫光股份,SZ,SZ_MAIN,ACTIVE,C 制造业,LIQUID_BREAKOUT,LIQUID_BREAKOUT,1,2,0.975,0.93431117,0.96279335,0.0,0.96279335,WITHIN_SLEEVE_RANK_PERCENTILE_PLUS_RAW_SCORE,ELIGIBLE_CORE,VALID,A,0,10150696321.6,0.2797814207650275,0.239590684544813,0.3098434004474273,0.5064322469982849,-0.089660533817051,0.7208103692828333,-0.2397218863361547,dd393f62f3fc262353085447b933bbe82ee903f66719de30b5ad957f6a2aa163,PUBLIC_EQUITY_INVESTING_IDEA_GENERATION,RESEARCH_PRIORITY_ONLY_NO_TRADE_AUTHORITY,d2ccd88cc0b31591cc8065e6b33cf38371341844346c279322b0603109488c21,FMDL4A-EV-000938.SZ-773dda358b737997,idea-generation,"[""idea-generation"",""company-tearsheet""]",HANDOFF_READY_RESEARCH_NOT_STARTED,NOT_CREATED_FMDL4B,False,NONE
2026-07-17,8,A_IMMEDIATE_RESEARCH,603268.SH,松发股份,SH,SH_MAIN,ACTIVE,,TREND_PERSISTENCE,TREND_PERSISTENCE,1,3,0.95,0.96150222,0.95345067,0.0,0.95345067,WITHIN_SLEEVE_RANK_PERCENTILE_PLUS_RAW_SCORE,ELIGIBLE_CORE,VALID,A,0,1604520822.45,-0.0362269309637731,0.0574471276436177,0.5986394557823129,2.507462686567164,-0.1595636883829052,0.5676906860132945,-0.2106857281318148,91ccd77dc1744051c69ca6cdc9b482ff196d576046a1c78732ad214035b725af,PUBLIC_EQUITY_INVESTING_IDEA_GENERATION,RESEARCH_PRIORITY_ONLY_NO_TRADE_AUTHORITY,bd6f5fd2efa0aeb0ed71ca961942462b97ca97ba1723911570240ad2aef5f80b,FMDL4A-EV-603268.SH-10388bad04f942bd,idea-generation,"[""idea-generation"",""company-tearsheet""]",HANDOFF_READY_RESEARCH_NOT_STARTED,NOT_CREATED_FMDL4B,False,NONE
2026-07-17,9,A_IMMEDIATE_RESEARCH,000333.SZ,美的集团,SZ,SZ_MAIN,ACTIVE,C 制造业,DEFENSIVE_STABILITY,DEFENSIVE_STABILITY|LIQUID_BREAKOUT,2,4,0.925,0.9390953,0.92922859,0.02,0.94922859,WITHIN_SLEEVE_RANK_PERCENTILE_PLUS_RAW_SCORE,ELIGIBLE_CORE,VALID,A,0,3415519476.2,0.1131897711978464,0.0910170162247723,0.1243882544861336,0.2042807221898659,0.0,0.2182094225224663,-0.1038622129436325,25198afdf095d5493b2556859c03683b46bb4c9ec64b3ba12cc261a5134d4d62,PUBLIC_EQUITY_INVESTING_IDEA_GENERATION,RESEARCH_PRIORITY_ONLY_NO_TRADE_AUTHORITY,4eb1fbd521a4b2bb0c8abae13b0207236a00d42ef1c00d8c38e84c9dae057ca3,FMDL4A-EV-000333.SZ-4836bb6f22e8655c,idea-generation,"[""idea-generation"",""company-tearsheet""]",HANDOFF_READY_RESEARCH_NOT_STARTED,NOT_CREATED_FMDL4B,False,NONE
2026-07-17,10,A_IMMEDIATE_RESEARCH,002936.SZ,郑州银行,SZ,SZ_MAIN,ACTIVE,J 金融业,DEFENSIVE_STABILITY,DEFENSIVE_STABILITY,1,3,0.95,0.93935315,0.94680595,0.0,0.94680595,WITHIN_SLEEVE_RANK_PERCENTILE_PLUS_RAW_SCORE,ELIGIBLE_CORE,VALID,A,0,141765021.6,0.023391812865497,-0.0384615384615385,-0.0885416666666666,-0.1860465116279069,-0.2256637168141592,0.1687562807681968,-0.1538461538461538,b004557851c632c113f6f1efe9e627b831a11c1bdf7fea5c0a8d4e418f9a0c5a,PUBLIC_EQUITY_INVESTING_IDEA_GENERATION,RESEARCH_PRIORITY_ONLY_NO_TRADE_AUTHORITY,6f3593a99b0a7c3c4b2cfe44ff555f62c7509790885219389589edb06122137b,FMDL4A-EV-002936.SZ-47edcad83015ab42,idea-generation,"[""idea-generation"",""company-tearsheet""]",HANDOFF_READY_RESEARCH_NOT_STARTED,NOT_CREATED_FMDL4B,False,NONE
2026-07-17,11,A_IMMEDIATE_RESEARCH,002422.SZ,科伦药业,SZ,SZ_MAIN,ACTIVE,C 制造业,LIQUID_BREAKOUT,LIQUID_BREAKOUT,1,3,0.95,0.92576565,0.9427297,0.0,0.9427297,WITHIN_SLEEVE_RANK_PERCENTILE_PLUS_RAW_SCORE,ELIGIBLE_CORE,VALID,A,0,2002224885.7,0.2502783964365254,0.3409973126306358,0.3925581395348836,0.3255608028335299,-0.1,0.6075434390001564,-0.1453683035714287,700d73b0951c4b1a9b7ebf1121c44307258540ecb5a135b682905d3144478537,PUBLIC_EQUITY_INVESTING_IDEA_GENERATION,RESEARCH_PRIORITY_ONLY_NO_TRADE_AUTHORITY,225e77fb23935f8fc95ed41351c4478d2bb37f672972bb021174fff1375ad86e,FMDL4A-EV-002422.SZ-89ce7ac393147629,idea-generation,"[""idea-generation"",""company-tearsheet""]",HANDOFF_READY_RESEARCH_NOT_STARTED,NOT_CREATED_FMDL4B,False,NONE
2026-07-17,12,A_IMMEDIATE_RESEARCH,603501.SH,豪威集团,SH,SH_MAIN,ACTIVE,,RECOVERY_WATCH,RECOVERY_WATCH,1,2,0.96666667,0.88215805,0.94131408,0.0,0.94131408,WITHIN_SLEEVE_RANK_PERCENTILE_PLUS_RAW_SCORE,ELIGIBLE_CORE,VALID,A,0,3892297931.0,0.1572746471045905,0.1113245810652152,-0.1887174692223781,-0.1494158973940037,-0.308172757475083,0.544564840624826,-0.348355011476664,3756f884a22e39c2eaa92b9dac9405098ad3bd53d04ce4f22f293b683638230e,PUBLIC_EQUITY_INVESTING_IDEA_GENERATION,RESEARCH_PRIORITY_ONLY_NO_TRADE_AUTHORITY,362c7249c5bcb51eecb901dda78b71e4ec5265978c0f194275b66b441ec711e3,FMDL4A-EV-603501.SH-bbf662d192f4776a,idea-generation,"[""idea-generation"",""company-tearsheet""]",HANDOFF_READY_RESEARCH_NOT_STARTED,NOT_CREATED_FMDL4B,False,NONE
2026-07-17,13,A_IMMEDIATE_RESEARCH,002718.SZ,友邦吊顶,SZ,SZ_MAIN,ACTIVE,C 制造业,TREND_PERSISTENCE,TREND_PERSISTENCE,1,4,0.925,0.95799251,0.93489775,0.0,0.93489775,WITHIN_SLEEVE_RANK_PERCENTILE_PLUS_RAW_SCORE,ELIGIBLE_CORE,VALID,A,0,185652998.25,-0.1137648131267092,0.3152056277056276,0.9768198454656364,5.58226134055518,-0.1931280604199517,0.6095187140797226,-0.3162541972391494,0b93f77bfdc0aec09bfc7a6ba67c862704fe978a50504b7a28f1f27c65c173d3,PUBLIC_EQUITY_INVESTING_IDEA_GENERATION,RESEARCH_PRIORITY_ONLY_NO_TRADE_AUTHORITY,75fea31124892236fed335a765fc7082b10d9287cbab5fca4a1ca7a7557abcec,FMDL4A-EV-002718.SZ-a01373881821c1a5,idea-generation,"[""idea-generation"",""company-tearsheet""]",HANDOFF_READY_RESEARCH_NOT_STARTED,NOT_CREATED_FMDL4B,False,NONE
2026-07-17,14,A_IMMEDIATE_RESEARCH,002396.SZ,星网锐捷,SZ,SZ_MAIN,ACTIVE,C 制造业,LIQUID_BREAKOUT,LIQUID_BREAKOUT,1,4,0.925,0.92560674,0.92518202,0.0,0.92518202,WITHIN_SLEEVE_RANK_PERCENTILE_PLUS_RAW_SCORE,ELIGIBLE_CORE,VALID,A,0,2305412960.5,0.5020060180541623,0.3460674157303369,0.2777303754266211,0.780618311533888,0.0,0.7637997920357223,-0.3132387706855791,ca58c313a0172c7b854924981214c2d0a6070d8d0aca6dc935f4f2c4accb7009,PUBLIC_EQUITY_INVESTING_IDEA_GENERATION,RESEARCH_PRIORITY_ONLY_NO_TRADE_AUTHORITY,35c0f4ad8590f2900206a591a053249004fe1df25967234cae7bfa732b4d1f55,FMDL4A-EV-002396.SZ-af3347d54c6b8a72,idea-generation,"[""idea-generation"",""company-tearsheet""]",HANDOFF_READY_RESEARCH_NOT_STARTED,NOT_CREATED_FMDL4B,False,NONE
2026-07-17,15,A_IMMEDIATE_RESEARCH,002937.SZ,兴瑞科技,SZ,SZ_MAIN,ACTIVE,C 制造业,TREND_PERSISTENCE,TREND_PERSISTENCE,1,5,0.9,0.95666252,0.91699876,0.0,0.91699876,WITHIN_SLEEVE_RANK_PERCENTILE_PLUS_RAW_SCORE,ELIGIBLE_CORE,VALID,A,0,447349517.15,-0.1053990610328639,0.2086901363780526,0.6237750319556881,1.374454828660436,-0.1655353623823079,0.510805870765409,-0.1878083157152924,6425cb39ea3e478852175de34f1c78cacfc0089a92f4d94a1792dc91f5e09fed,PUBLIC_EQUITY_INVESTING_IDEA_GENERATION,RESEARCH_PRIORITY_ONLY_NO_TRADE_AUTHORITY,15ab807ae2a49e6bdcec3851a2af4ae95d90c54694bfc2ffd10ca3e7a42d8396,FMDL4A-EV-002937.SZ-b722aa84d3a74864,idea-generation,"[""idea-generation"",""company-tearsheet""]",HANDOFF_READY_RESEARCH_NOT_STARTED,NOT_CREATED_FMDL4B,False,NONE
2026-07-17,16,A_IMMEDIATE_RESEARCH,603669.SH,灵康药业,SH,SH_MAIN,ACTIVE,,RECOVERY_WATCH,RECOVERY_WATCH|LIQUID_BREAKOUT,2,4,0.9,0.87826491,0.89347947,0.02,0.91347947,WITHIN_SLEEVE_RANK_PERCENTILE_PLUS_RAW_SCORE,ELIGIBLE_CORE,VALID,A,0,330428585.7,0.354639175257732,0.469798657718121,0.3773584905660379,0.1566901408450705,-0.1898890258939579,0.6262494287615552,-0.1898890258939579,730e1613c0511ac3a654951ff0e960b43796c9e2aba3b881f8cd314debf0b731,PUBLIC_EQUITY_INVESTING_IDEA_GENERATION,RESEARCH_PRIORITY_ONLY_NO_TRADE_AUTHORITY,11b8a360ff18ebdc72be922a92c1f761a8e3350688d473a38100b081421ae902,FMDL4A-EV-603669.SH-d48f59947c254437,idea-generation,"[""idea-generation"",""company-tearsheet""]",HANDOFF_READY_RESEARCH_NOT_STARTED,NOT_CREATED_FMDL4B,False,NONE
2026-07-17,17,A_IMMEDIATE_RESEARCH,301206.SZ,三元生物,SZ,CHINEXT,ACTIVE,C 制造业,DEFENSIVE_STABILITY,DEFENSIVE_STABILITY,1,5,0.9,0.93727986,0.91118396,0.0,0.91118396,WITHIN_SLEEVE_RANK_PERCENTILE_PLUS_RAW_SCORE,ELIGIBLE_CORE,VALID,A,0,32722198.25,0.0051590713671538,-0.0955512572533849,-0.1256544502617801,-0.2196261682242991,-0.215962441314554,0.2441163354002843,-0.2528301886792452,d481ea38097a06814b02b767e63a3fb074fdc0f768c0f40d9549b4cfdab41872,PUBLIC_EQUITY_INVESTING_IDEA_GENERATION,RESEARCH_PRIORITY_ONLY_NO_TRADE_AUTHORITY,7d64482a693070729612254656f1988e58d7b4f48221331ebb39c1d3d753a9c0,FMDL4A-EV-301206.SZ-6fc2e9722ba105b5,idea-generation,"[""idea-generation"",""company-tearsheet""]",HANDOFF_READY_RESEARCH_NOT_STARTED,NOT_CREATED_FMDL4B,False,NONE
2026-07-17,18,A_IMMEDIATE_RESEARCH,603757.SH,大元泵业,SH,SH_MAIN,ACTIVE,,LIQUID_BREAKOUT,LIQUID_BREAKOUT,1,5,0.9,0.92544298,0.90763289,0.0,0.90763289,WITHIN_SLEEVE_RANK_PERCENTILE_PLUS_RAW_SCORE,ELIGIBLE_CORE,VALID,A,0,1361603488.05,0.361933642525865,0.3078108941418291,0.7780624126688402,2.472032742155525,-0.039622641509434,0.9175809164445412,-0.2953516450347118,8f986b7495118e868bbf310ce800b2ac10917fd37e346af53ee5b903424f2c1f,PUBLIC_EQUITY_INVESTING_IDEA_GENERATION,RESEARCH_PRIORITY_ONLY_NO_TRADE_AUTHORITY,89450ef5f1d6959b57069187f839d7ea35d04ad4c2d5cc54ae6c42fc1bd4d552,FMDL4A-EV-603757.SH-05f9a342f5c615b0,idea-generation,"[""idea-generation"",""company-tearsheet""]",HANDOFF_READY_RESEARCH_NOT_STARTED,NOT_CREATED_FMDL4B,False,NONE
2026-07-17,19,A_IMMEDIATE_RESEARCH,688669.SH,聚石化学,SH,STAR,ACTIVE,,TREND_PERSISTENCE,TREND_PERSISTENCE,1,6,0.875,0.94992454,0.89747736,0.0,0.89747736,WITHIN_SLEEVE_RANK_PERCENTILE_PLUS_RAW_SCORE,ELIGIBLE_CORE,VALID,A,0,527174653.7,0.2165120875779231,1.9222059897735575,2.1180826188620423,3.182435964453738,-0.2868983957219251,0.9218618775596822,-0.2868983957219251,54a83898c043159c1409e3870782ad1d11adbfed5eecd2c96aed3b92af7490d5,PUBLIC_EQUITY_INVESTING_IDEA_GENERATION,RESEARCH_PRIORITY_ONLY_NO_TRADE_AUTHORITY,7d5c698dc90d62794d6bcc89c79a1dc001cab68e4cbd399f065137e0b3bc9f47,FMDL4A-EV-688669.SH-e91c75c2ee4d6fc0,idea-generation,"[""idea-generation"",""company-tearsheet""]",HANDOFF_READY_RESEARCH_NOT_STARTED,NOT_CREATED_FMDL4B,False,NONE
2026-07-17,20,A_IMMEDIATE_RESEARCH,600018.SH,上港集团,SH,SH_MAIN,ACTIVE,,DEFENSIVE_STABILITY,DEFENSIVE_STABILITY|RECOVERY_WATCH,2,7,0.85,0.93455937,0.87536781,0.02,0.89536781,WITHIN_SLEEVE_RANK_PERCENTILE_PLUS_RAW_SCORE,ELIGIBLE_CORE,VALID,A,0,299273762.0,0.0572597137014314,0.0572597137014314,-0.0133587786259542,-0.0833333333333332,-0.1116838487972509,0.1729884800068919,-0.100952380952381,3079f5e4d379d6bad03dd931e3b8efd4e562006118435c5ff3917f8d9d3f782b,PUBLIC_EQUITY_INVESTING_IDEA_GENERATION,RESEARCH_PRIORITY_ONLY_NO_TRADE_AUTHORITY,698cf7884f3203ee9f96aa5bf7e8c023a20344d9b8aa651128777f2ecbe9c6c6,FMDL4A-EV-600018.SH-35e74d8697da67e0,idea-generation,"[""idea-generation"",""company-tearsheet""]",HANDOFF_READY_RESEARCH_NOT_STARTED,NOT_CREATED_FMDL4B,False,NONE
2026-07-17,21,B_WATCH_OR_TRIGGER,920020.BJ,泰凯英,BJ,BSE,ACTIVE,橡胶和塑料制品业,DEFENSIVE_STABILITY,DEFENSIVE_STABILITY,1,6,0.875,0.93637865,0.8934136,0.0,0.8934136,WITHIN_SLEEVE_RANK_PERCENTILE_PLUS_RAW_SCORE,ELIGIBLE_CORE,PARTIAL,B,0,18900137.7,0.0900343642611682,-0.0006301197227472,-0.0942318675042833,,-0.2767897856817145,0.2992559080750027,-0.2083562396921385,7413f6adfc8049ccef1669567bcc8be4fc7cfb9bbd14b616422899e39439327f,PUBLIC_EQUITY_INVESTING_IDEA_GENERATION,RESEARCH_PRIORITY_ONLY_NO_TRADE_AUTHORITY,ad81e43e627311211a7457b7453803cc215f536f847c32e5f0c25968c7fef259,FMDL4A-EV-920020.BJ-32e6a3147cfeb03f,idea-generation,"[""idea-generation""]",HANDOFF_READY_RESEARCH_NOT_STARTED,NOT_CREATED_FMDL4B,False,NONE
2026-07-17,22,B_WATCH_OR_TRIGGER,301165.SZ,锐捷网络,SZ,CHINEXT,ACTIVE,C 制造业,LIQUID_BREAKOUT,LIQUID_BREAKOUT,1,6,0.875,0.92058037,0.88867411,0.0,0.88867411,WITHIN_SLEEVE_RANK_PERCENTILE_PLUS_RAW_SCORE,ELIGIBLE_CORE,VALID,A,0,2645231394.75,0.4172566371681416,0.3589308442935937,0.582509881422925,1.408874404612685,-0.119893753434695,0.903479285469396,-0.2420140768814292,515c2330bd22ffbb5702c88373c5ca2d2e4b500a69922b3f339c91e91ee8956b,PUBLIC_EQUITY_INVESTING_IDEA_GENERATION,RESEARCH_PRIORITY_ONLY_NO_TRADE_AUTHORITY,c13608e09975b64849cfc5d13ad8d2ab08057601091177ffc1f198d40018b4b4,FMDL4A-EV-301165.SZ-bd6343086f02748b,idea-generation,"[""idea-generation""]",HANDOFF_READY_RESEARCH_NOT_STARTED,NOT_CREATED_FMDL4B,False,NONE
2026-07-17,23,B_WATCH_OR_TRIGGER,300759.SZ,康龙化成,SZ,CHINEXT,ACTIVE,M 科研服务,RECOVERY_WATCH,RECOVERY_WATCH|LIQUID_BREAKOUT,2,5,0.86666667,0.87089653,0.86793563,0.02,0.88793563,WITHIN_SLEEVE_RANK_PERCENTILE_PLUS_RAW_SCORE,ELIGIBLE_CORE,VALID,A,0,2791208648.95,0.5726950354609928,0.1674893056926618,0.0893460239484187,0.4920100925147179,-0.1196029776674938,0.5463290573908407,-0.3198865427040656,3f6caf10e45c510256883b7f6c7640354eb636011a7fbcf67f70aa621ad7fb94,PUBLIC_EQUITY_INVESTING_IDEA_GENERATION,RESEARCH_PRIORITY_ONLY_NO_TRADE_AUTHORITY,9c1e244f73b9ea4b608dcda6e81610e4b04bf9aa22fc7038857eceae66b5dc9a,FMDL4A-EV-300759.SZ-d3847f562b4e8959,idea-generation,"[""idea-generation""]",HANDOFF_READY_RESEARCH_NOT_STARTED,NOT_CREATED_FMDL4B,False,NONE
2026-07-17,24,B_WATCH_OR_TRIGGER,002768.SZ,国恩股份,SZ,SZ_MAIN,ACTIVE,C 制造业,TREND_PERSISTENCE,TREND_PERSISTENCE,1,7,0.85,0.94393134,0.8781794,0.0,0.8781794,WITHIN_SLEEVE_RANK_PERCENTILE_PLUS_RAW_SCORE,ELIGIBLE_CORE,VALID,A,0,824592496.9,-0.0688073394495413,0.4566590126291616,0.3372859025032937,1.434052757793765,-0.1543076153974337,0.5756818101005607,-0.2451756556160316,2b8223d3650dc68ab80adb8ca624bde2eb155ba5a87993635d5e8e1027d9d16b,PUBLIC_EQUITY_INVESTING_IDEA_GENERATION,RESEARCH_PRIORITY_ONLY_NO_TRADE_AUTHORITY,9134732840489e93258a4d79f8075d29545ea71ea90a51177f5fc240a70dada1,FMDL4A-EV-002768.SZ-5e8511dfffaa0e04,idea-generation,"[""idea-generation""]",HANDOFF_READY_RESEARCH_NOT_STARTED,NOT_CREATED_FMDL4B,False,NONE
2026-07-17,25,B_WATCH_OR_TRIGGER,002841.SZ,视源股份,SZ,SZ_MAIN,ACTIVE,C 制造业,LIQUID_BREAKOUT,LIQUID_BREAKOUT,1,7,0.85,0.91925625,0.87077687,0.0,0.87077687,WITHIN_SLEEVE_RANK_PERCENTILE_PLUS_RAW_SCORE,ELIGIBLE_CORE,VALID,A,0,794467679.85,0.3605383734249712,0.3368036015756894,0.1517575757575757,0.4199043634190076,-0.094184938036225,0.5272652598829289,-0.2395858415603179,028616e45e9d781285b7ea0fb8e86685c08b66f5e6fb70a2426e26a572d16058,PUBLIC_EQUITY_INVESTING_IDEA_GENERATION,RESEARCH_PRIORITY_ONLY_NO_TRADE_AUTHORITY,8678b6a1815be47c50f875216b076879c6cfe20c42f2865e49c2b58460324f86,FMDL4A-EV-002841.SZ-514db5bcf4401c60,idea-generation,"[""idea-generation""]",HANDOFF_READY_RESEARCH_NOT_STARTED,NOT_CREATED_FMDL4B,False,NONE
2026-07-17,26,B_WATCH_OR_TRIGGER,920367.BJ,新赣江,BJ,BSE,ACTIVE,医药制造业,RECOVERY_WATCH,RECOVERY_WATCH|LIQUID_BREAKOUT,2,6,0.83333333,0.86655999,0.84330133,0.02,0.86330133,WITHIN_SLEEVE_RANK_PERCENTILE_PLUS_RAW_SCORE,ELIGIBLE_CORE,VALID,A,0,202423512.0,1.069425901201602,0.5531062124248496,0.2831125827814569,0.2611879576891782,-0.1198182850653037,1.1773419906708693,-0.4335260115606937,039e1bba48987b7c0b8d59e15fc3569c14593b77fc13d093a4ea173ee9eb6677,PUBLIC_EQUITY_INVESTING_IDEA_GENERATION,RESEARCH_PRIORITY_ONLY_NO_TRADE_AUTHORITY,31786debd81f06ee570333fdec77b4b31ff2bf00d40e517d748dd5f1032338aa,FMDL4A-EV-920367.BJ-b92b5bb07c864b26,idea-generation,"[""idea-generation""]",HANDOFF_READY_RESEARCH_NOT_STARTED,NOT_CREATED_FMDL4B,False,NONE
2026-07-17,27,B_WATCH_OR_TRIGGER,002371.SZ,北方华创,SZ,SZ_MAIN,ACTIVE,C 制造业,TREND_PERSISTENCE,TREND_PERSISTENCE,1,8,0.825,0.93906128,0.85921838,0.0,0.85921838,WITHIN_SLEEVE_RANK_PERCENTILE_PLUS_RAW_SCORE,ELIGIBLE_CORE,VALID,A,0,11327327574.2,-0.0602312636210941,0.4379779099405267,0.3372311217334625,1.036825320416391,-0.2755561738237151,0.6450005863766656,-0.2755561738237151,2b3e552ff8d71789391498b7f37bbbcd7a32236f9e16487dfeb813b4f90536f7,PUBLIC_EQUITY_INVESTING_IDEA_GENERATION,RESEARCH_PRIORITY_ONLY_NO_TRADE_AUTHORITY,2c92e6c70340e53bd6b201969b62bd437236c0613bc337ad161f647d64e630ea,FMDL4A-EV-002371.SZ-f38cfa1fe2b6cc81,idea-generation,"[""idea-generation""]",HANDOFF_READY_RESEARCH_NOT_STARTED,NOT_CREATED_FMDL4B,False,NONE
2026-07-17,28,B_WATCH_OR_TRIGGER,002142.SZ,宁波银行,SZ,SZ_MAIN,ACTIVE,J 金融业,DEFENSIVE_STABILITY,DEFENSIVE_STABILITY,1,8,0.825,0.9334928,0.85754784,0.0,0.85754784,WITHIN_SLEEVE_RANK_PERCENTILE_PLUS_RAW_SCORE,ELIGIBLE_CORE,VALID,A,0,1148862227.6,0.0571333110591381,0.0038071065989848,0.129596572652624,0.2053333333333333,-0.0300429184549355,0.2374372671510447,-0.1149601471489882,048ea2d29e9ceaa8a84450d924d08aee5ced04a778dafe2bd65b481b1373e1e1,PUBLIC_EQUITY_INVESTING_IDEA_GENERATION,RESEARCH_PRIORITY_ONLY_NO_TRADE_AUTHORITY,02f1d21c0d229fe3a59823bc77e6e5f000014f268d9b4d0ecc6c9c9a15cb4e78,FMDL4A-EV-002142.SZ-96a1258232b67536,idea-generation,"[""idea-generation""]",HANDOFF_READY_RESEARCH_NOT_STARTED,NOT_CREATED_FMDL4B,False,NONE
2026-07-17,29,B_WATCH_OR_TRIGGER,920015.BJ,锦华新材,BJ,BSE,ACTIVE,化学原料和化学制品制造业,LIQUID_BREAKOUT,LIQUID_BREAKOUT,1,8,0.825,0.91724075,0.85267223,0.0,0.85267223,WITHIN_SLEEVE_RANK_PERCENTILE_PLUS_RAW_SCORE,ELIGIBLE_CORE,PARTIAL,B,0,264382428.55,0.0345451257008502,0.3557715098364542,0.0239885427855353,,-0.1793400286944045,0.8185681733059733,-0.3661527680448493,d05c802abdc185a04c5cc4a69b842b9fbb4c8104564292357096a53b959203b8,PUBLIC_EQUITY_INVESTING_IDEA_GENERATION,RESEARCH_PRIORITY_ONLY_NO_TRADE_AUTHORITY,22b4ed4c94ae0a8ede318ee12347f3451d2d57343e3405a129bc7b42eeb77690,FMDL4A-EV-920015.BJ-12c0b3e32556d7b8,idea-generation,"[""idea-generation""]",HANDOFF_READY_RESEARCH_NOT_STARTED,NOT_CREATED_FMDL4B,False,NONE
2026-07-17,30,B_WATCH_OR_TRIGGER,000668.SZ,荣丰控股,SZ,SZ_MAIN,ACTIVE,K 房地产,TREND_PERSISTENCE,TREND_PERSISTENCE,1,9,0.8,0.9361546,0.84084638,0.0,0.84084638,WITHIN_SLEEVE_RANK_PERCENTILE_PLUS_RAW_SCORE,ELIGIBLE_CORE,VALID,A,0,87239691.4,-0.2063348416289593,0.2038435140700067,0.5385964912280701,1.217446270543615,-0.2459157351676699,0.652154135226602,-0.2459157351676699,1b3dbfe50d8cdac0aa6b43209bcd53916c5a0ab8078ba008880c767e7ce77adf,PUBLIC_EQUITY_INVESTING_IDEA_GENERATION,RESEARCH_PRIORITY_ONLY_NO_TRADE_AUTHORITY,32a02e52e79d9a25d9e9a9d98a2de5ff2fc1900ae296bc9f2b1b2a6826d42ef1,FMDL4A-EV-000668.SZ-9e4ab4b627dbba29,idea-generation,"[""idea-generation""]",HANDOFF_READY_RESEARCH_NOT_STARTED,NOT_CREATED_FMDL4B,False,NONE
2026-07-17,31,B_WATCH_OR_TRIGGER,001227.SZ,兰州银行,SZ,SZ_MAIN,ACTIVE,J 金融业,DEFENSIVE_STABILITY,DEFENSIVE_STABILITY,1,9,0.8,0.93344942,0.84003483,0.0,0.84003483,WITHIN_SLEEVE_RANK_PERCENTILE_PLUS_RAW_SCORE,ELIGIBLE_CORE,VALID,A,0,108524410.65,0.0291262135922329,-0.0363636363636363,-0.0493273542600896,-0.1553784860557767,-0.1877394636015324,0.1432316148296521,-0.1416309012875536,f658ff675fef90133c3ce7095b7ac80362cc18c9a461f5617ee5e0f5511d9119,PUBLIC_EQUITY_INVESTING_IDEA_GENERATION,RESEARCH_PRIORITY_ONLY_NO_TRADE_AUTHORITY,45a9be8de8d297f6a25873a3bc00f3f9abd26e7bd4da1173b5d538e9445dd962,FMDL4A-EV-001227.SZ-38fff89007fb1cb2,idea-generation,"[""idea-generation""]",HANDOFF_READY_RESEARCH_NOT_STARTED,NOT_CREATED_FMDL4B,False,NONE
2026-07-17,32,B_WATCH_OR_TRIGGER,688266.SH,泽璟制药,SH,STAR,ACTIVE,,RECOVERY_WATCH,RECOVERY_WATCH|LIQUID_BREAKOUT,2,7,0.8,0.86396742,0.81919023,0.02,0.83919023,WITHIN_SLEEVE_RANK_PERCENTILE_PLUS_RAW_SCORE,ELIGIBLE_CORE,VALID,A,0,1373276576.45,0.4506633961422679,0.3011000000000001,0.3990322580645162,0.1294270833333335,-0.1172998643147896,0.6751127920154686,-0.2206396130072561,f2eba5be8b6161e40a08dbf4834c01feef478e688f82c37f89f7b83fe0d5d729,PUBLIC_EQUITY_INVESTING_IDEA_GENERATION,RESEARCH_PRIORITY_ONLY_NO_TRADE_AUTHORITY,9285eeb6a14537472f3bdfb62c259e0bd58d450e5b0ca179bde7fc8809e76588,FMDL4A-EV-688266.SH-96600ef2c0728100,idea-generation,"[""idea-generation""]",HANDOFF_READY_RESEARCH_NOT_STARTED,NOT_CREATED_FMDL4B,False,NONE
2026-07-17,33,B_WATCH_OR_TRIGGER,601928.SH,凤凰传媒,SH,SH_MAIN,ACTIVE,,DEFENSIVE_STABILITY,DEFENSIVE_STABILITY,1,10,0.775,0.9332786,0.82248358,0.0,0.82248358,WITHIN_SLEEVE_RANK_PERCENTILE_PLUS_RAW_SCORE,ELIGIBLE_CORE,VALID,A,0,67073432.9,0.0317634173055858,-0.0532663316582914,-0.0791788856304985,-0.1611754229741763,-0.1822916666666666,0.1969213573262727,-0.1624999999999999,a3ae2cb652ff3a1aa8724a9397c1d7960a7b20d06d5597144ab45e5a29f37d04,PUBLIC_EQUITY_INVESTING_IDEA_GENERATION,RESEARCH_PRIORITY_ONLY_NO_TRADE_AUTHORITY,02cae268d700ef9711c9eeeedf8a868ae1991af26cbb296c6d3ae70d5434325c,FMDL4A-EV-601928.SH-aee3b1fd5346b062,idea-generation,"[""idea-generation""]",HANDOFF_READY_RESEARCH_NOT_STARTED,NOT_CREATED_FMDL4B,False,NONE
2026-07-17,34,B_WATCH_OR_TRIGGER,301365.SZ,矩阵股份,SZ,CHINEXT,ACTIVE,M 科研服务,TREND_PERSISTENCE,TREND_PERSISTENCE,1,10,0.775,0.93273562,0.82232069,0.0,0.82232069,WITHIN_SLEEVE_RANK_PERCENTILE_PLUS_RAW_SCORE,ELIGIBLE_CORE,VALID,A,0,224107640.45,-0.0020086083213773,0.1351174934725849,0.3335889570552148,1.0374926772114823,-0.1625331085961955,0.7313274804144917,-0.2459354838709677,54e14dd307526b509ab09890e00fa633666c264ee7c1db6ee13ee384c7eef67c,PUBLIC_EQUITY_INVESTING_IDEA_GENERATION,RESEARCH_PRIORITY_ONLY_NO_TRADE_AUTHORITY,89a5248c3723bbbe678fd953868b016c3ae87e6872dcaf70c2658f1b554280a2,FMDL4A-EV-301365.SZ-3e12b379b08cb2dd,idea-generation,"[""idea-generation""]",HANDOFF_READY_RESEARCH_NOT_STARTED,NOT_CREATED_FMDL4B,False,NONE
2026-07-17,35,B_WATCH_OR_TRIGGER,002653.SZ,海思科,SZ,SZ_MAIN,ACTIVE,C 制造业,LIQUID_BREAKOUT,LIQUID_BREAKOUT,1,10,0.775,0.91086948,0.81576084,0.0,0.81576084,WITHIN_SLEEVE_RANK_PERCENTILE_PLUS_RAW_SCORE,ELIGIBLE_CORE,VALID,A,0,1154015496.2,0.453599836834591,0.2429368678060688,0.3333956969130027,0.6773358437279358,-0.1000126278570526,0.6839156355780261,-0.2299403183023872,8315f26dfd312cf7f7c9554094d80bc6eca393d716a6bc4cf56ae2f2c448d0ad,PUBLIC_EQUITY_INVESTING_IDEA_GENERATION,RESEARCH_PRIORITY_ONLY_NO_TRADE_AUTHORITY,9e56d111758000e3f2ff62af6df04a86592201c138cf8d57739c5813d1c55a3b,FMDL4A-EV-002653.SZ-1ecd92f6b5eeff7b,idea-generation,"[""idea-generation""]",HANDOFF_READY_RESEARCH_NOT_STARTED,NOT_CREATED_FMDL4B,False,NONE
2026-07-17,36,B_WATCH_OR_TRIGGER,601229.SH,上海银行,SH,SH_MAIN,ACTIVE,,DEFENSIVE_STABILITY,DEFENSIVE_STABILITY,1,11,0.75,0.93323282,0.80496985,0.0,0.80496985,WITHIN_SLEEVE_RANK_PERCENTILE_PLUS_RAW_SCORE,ELIGIBLE_CORE,VALID,A,0,468416936.75,0.0271493212669684,-0.051201671891327,-0.0590673575129534,-0.1569173630454967,-0.1458137347130762,0.1891976429780914,-0.1196754563894523,16b744cb0c667715f627c46cea0d64dad3a5b946e34c3830309b5654cfa1e322,PUBLIC_EQUITY_INVESTING_IDEA_GENERATION,RESEARCH_PRIORITY_ONLY_NO_TRADE_AUTHORITY,ad6fd1e2e6aa701209beecbd0284deae94d0fb71d9a9a9eddcbaf76cd96aaa9e,FMDL4A-EV-601229.SH-dd5f7f2d1396772f,idea-generation,"[""idea-generation""]",HANDOFF_READY_RESEARCH_NOT_STARTED,NOT_CREATED_FMDL4B,False,NONE
2026-07-17,37,B_WATCH_OR_TRIGGER,000691.SZ,亚太实业,SZ,SZ_MAIN,ACTIVE,C 制造业,TREND_PERSISTENCE,TREND_PERSISTENCE,1,11,0.75,0.92796424,0.80338927,0.0,0.80338927,WITHIN_SLEEVE_RANK_PERCENTILE_PLUS_RAW_SCORE,ELIGIBLE_CORE,VALID,A,0,229423625.85,-0.1046606704824203,0.3551980198019802,0.0508637236084452,2.2686567164179103,-0.1882876204595998,0.6037039639843452,-0.2861415752741774,5e61353cc13af33996c941a1c43923685dcfc71d0e5356babc4fe81d60ee5f96,PUBLIC_EQUITY_INVESTING_IDEA_GENERATION,RESEARCH_PRIORITY_ONLY_NO_TRADE_AUTHORITY,bef042324ddd536648ffb10f270c6a2ca5ffa09374e0e592a57f50f9774fbb84,FMDL4A-EV-000691.SZ-b6f6cf84ff99ca4b,idea-generation,"[""idea-generation""]",HANDOFF_READY_RESEARCH_NOT_STARTED,NOT_CREATED_FMDL4B,False,NONE
2026-07-17,38,B_WATCH_OR_TRIGGER,601211.SH,国泰海通,SH,SH_MAIN,ACTIVE,,RECOVERY_WATCH,RECOVERY_WATCH,1,8,0.76666667,0.86325304,0.79564258,0.0,0.79564258,WITHIN_SLEEVE_RANK_PERCENTILE_PLUS_RAW_SCORE,ELIGIBLE_CORE,VALID,A,0,2954431952.65,0.0796460176991151,0.1064087061668683,-0.084084084084084,-0.0108108108108108,-0.162854528819762,0.2999814320845895,-0.2580808080808081,6a9c3e436115357ca435f111e8e79ad23671fdd92c08722a5eabf7a861ce1c9e,PUBLIC_EQUITY_INVESTING_IDEA_GENERATION,RESEARCH_PRIORITY_ONLY_NO_TRADE_AUTHORITY,6ecac5715f71deb8a6e56d672d11df5369ef457a174f0587f253b62c516f6fef,FMDL4A-EV-601211.SH-e22b1af846ebad1e,idea-generation,"[""idea-generation""]",HANDOFF_READY_RESEARCH_NOT_STARTED,NOT_CREATED_FMDL4B,False,NONE
2026-07-17,39,B_WATCH_OR_TRIGGER,600919.SH,江苏银行,SH,SH_MAIN,ACTIVE,,DEFENSIVE_STABILITY,DEFENSIVE_STABILITY,1,12,0.725,0.9328452,0.78735356,0.0,0.78735356,WITHIN_SLEEVE_RANK_PERCENTILE_PLUS_RAW_SCORE,ELIGIBLE_CORE,VALID,A,0,1203559914.95,0.0291173794358508,0.0481927710843375,0.1517311608961302,-0.0291845493562231,-0.0291845493562231,0.1859668468794901,-0.0935622317596566,a0c5d9fc8ac7d104f0fd648c418b8653f491d102fe6e86df0202a08e53e9dbb1,PUBLIC_EQUITY_INVESTING_IDEA_GENERATION,RESEARCH_PRIORITY_ONLY_NO_TRADE_AUTHORITY,fc021ea4210d60060df06c334fbabe3c9f57b127b974d6f5fa10dddce7684f53,FMDL4A-EV-600919.SH-3be0456bff41916d,idea-generation,"[""idea-generation""]",HANDOFF_READY_RESEARCH_NOT_STARTED,NOT_CREATED_FMDL4B,False,NONE
2026-07-17,40,B_WATCH_OR_TRIGGER,603139.SH,康惠股份,SH,SH_MAIN,ACTIVE,,TREND_PERSISTENCE,TREND_PERSISTENCE,1,12,0.725,0.92731154,0.78569346,0.0,0.78569346,WITHIN_SLEEVE_RANK_PERCENTILE_PLUS_RAW_SCORE,ELIGIBLE_CORE,VALID,A,0,210682497.55,-0.2043795620437957,0.1054087277197295,0.6943005181347148,0.5544511668107173,-0.2043795620437957,0.6258583026784403,-0.2043795620437957,8e87c4e0d7f925c0b540386bc07b9e6200d657131f5fbf635fa6a89ed3080f71,PUBLIC_EQUITY_INVESTING_IDEA_GENERATION,RESEARCH_PRIORITY_ONLY_NO_TRADE_AUTHORITY,92df668c0d759fd89f6f34a1541197650154417e295a0265e30bf9f3a6a3a7a5,FMDL4A-EV-603139.SH-ec83acce71846413,idea-generation,"[""idea-generation""]",HANDOFF_READY_RESEARCH_NOT_STARTED,NOT_CREATED_FMDL4B,False,NONE
2026-07-17,41,B_WATCH_OR_TRIGGER,000759.SZ,中百集团,SZ,SZ_MAIN,ACTIVE,F 批发零售,RECOVERY_WATCH,RECOVERY_WATCH,1,9,0.73333333,0.86068522,0.7715389,0.0,0.7715389,WITHIN_SLEEVE_RANK_PERCENTILE_PLUS_RAW_SCORE,ELIGIBLE_CORE,VALID,A,0,658801354.1,0.1150159744408947,0.2464285714285716,-0.105128205128205,-0.0779392338177014,-0.2166105499438833,0.8042617322066935,-0.374841168996188,248552afde936c47091a74c834f8f86b0473b08a1cf5d27b0be6250edeb9cf6b,PUBLIC_EQUITY_INVESTING_IDEA_GENERATION,RESEARCH_PRIORITY_ONLY_NO_TRADE_AUTHORITY,898907b4b39e3daf81925af359b57df571a59d6fd2b70a328c87f213b2c01f4d,FMDL4A-EV-000759.SZ-e345c5b35520a571,idea-generation,"[""idea-generation""]",HANDOFF_READY_RESEARCH_NOT_STARTED,NOT_CREATED_FMDL4B,False,NONE
2026-07-17,42,B_WATCH_OR_TRIGGER,601985.SH,XD中国核,SH,SH_MAIN,ACTIVE,,DEFENSIVE_STABILITY,DEFENSIVE_STABILITY,1,13,0.7,0.93211451,0.76963435,0.0,0.76963435,WITHIN_SLEEVE_RANK_PERCENTILE_PLUS_RAW_SCORE,ELIGIBLE_CORE,VALID,A,0,1018857501.4,-0.0189732142857145,0.0209059233449477,0.0091848450057403,-0.0372398685651699,-0.0568669527896996,0.1922994141256415,-0.0687772925764192,6dbc193cbfc1d87fdfe9b1791fe4f7fe488f44c70882feddc1cc8299d0c3dc9c,PUBLIC_EQUITY_INVESTING_IDEA_GENERATION,RESEARCH_PRIORITY_ONLY_NO_TRADE_AUTHORITY,3995259383f25dad2788d5a7d1029d545cf035e449cbe65d06764004f2054c71,FMDL4A-EV-601985.SH-e8568107cb4b05be,idea-generation,"[""idea-generation""]",HANDOFF_READY_RESEARCH_NOT_STARTED,NOT_CREATED_FMDL4B,False,NONE
2026-07-17,43,B_WATCH_OR_TRIGGER,601918.SH,新集能源,SH,SH_MAIN,ACTIVE,,TREND_PERSISTENCE,TREND_PERSISTENCE,1,13,0.7,0.92588401,0.7677652,0.0,0.7677652,WITHIN_SLEEVE_RANK_PERCENTILE_PLUS_RAW_SCORE,ELIGIBLE_CORE,VALID,A,0,498418511.85,0.1066217732884398,0.3199464524765729,0.4248554913294797,0.5552050473186119,-0.125886524822695,0.5629344105639291,-0.2384751773049644,8c433cccd07d0e39623ba6c5eaf810a31ba5ce182ca67872a45c3c804dabd0c1,PUBLIC_EQUITY_INVESTING_IDEA_GENERATION,RESEARCH_PRIORITY_ONLY_NO_TRADE_AUTHORITY,3a3e44640f6e3d3b3db4b10b08ebffe57c5c6782b9edeb0fa10abbaf6da599f1,FMDL4A-EV-601918.SH-f825fa1009fcba47,idea-generation,"[""idea-generation""]",HANDOFF_READY_RESEARCH_NOT_STARTED,NOT_CREATED_FMDL4B,False,NONE
2026-07-17,44,B_WATCH_OR_TRIGGER,300105.SZ,龙源技术,SZ,CHINEXT,ACTIVE,C 制造业,RECOVERY_WATCH,RECOVERY_WATCH|LIQUID_BREAKOUT,2,10,0.7,0.85768965,0.74730689,0.02,0.76730689,WITHIN_SLEEVE_RANK_PERCENTILE_PLUS_RAW_SCORE,ELIGIBLE_CORE,VALID,A,0,300577231.2,0.2962962962962963,0.4043209876543208,0.2448700410396718,0.1681643132220796,0.0,0.794586099931518,-0.2593516209476308,2db4270ebf7c3e1423e036caf6028497b278e720a370586b61e7acd30bef52bd,PUBLIC_EQUITY_INVESTING_IDEA_GENERATION,RESEARCH_PRIORITY_ONLY_NO_TRADE_AUTHORITY,4dfd8eb7e3b1565cd3cb8c7d513e7fa4903003805f478b963602c4572d58103d,FMDL4A-EV-300105.SZ-26ad323c43da5d56,idea-generation,"[""idea-generation""]",HANDOFF_READY_RESEARCH_NOT_STARTED,NOT_CREATED_FMDL4B,False,NONE
2026-07-17,45,B_WATCH_OR_TRIGGER,000977.SZ,浪潮信息,SZ,SZ_MAIN,ACTIVE,C 制造业,LIQUID_BREAKOUT,LIQUID_BREAKOUT,1,13,0.7,0.90894846,0.76268454,0.0,0.76268454,WITHIN_SLEEVE_RANK_PERCENTILE_PLUS_RAW_SCORE,ELIGIBLE_CORE,VALID,A,0,9277397716.7,0.1787998781602193,0.0591133004926109,0.1367307974739315,0.5579710144927537,-0.1353887399463805,0.6631192125486401,-0.2521334367726919,ed65830c908486ddde7626ae0b243a22dc2db7a30519f7a69597fd3443e02b74,PUBLIC_EQUITY_INVESTING_IDEA_GENERATION,RESEARCH_PRIORITY_ONLY_NO_TRADE_AUTHORITY,e2bba08819f33288090106a1022f57715e5397797caa42db8854912616ff99be,FMDL4A-EV-000977.SZ-e3ec7d19b056e7b7,idea-generation,"[""idea-generation""]",HANDOFF_READY_RESEARCH_NOT_STARTED,NOT_CREATED_FMDL4B,False,NONE
2026-07-17,46,B_WATCH_OR_TRIGGER,000598.SZ,兴蓉环境,SZ,SZ_MAIN,ACTIVE,D 水电煤气,DEFENSIVE_STABILITY,DEFENSIVE_STABILITY,1,14,0.675,0.93193957,0.75208187,0.0,0.75208187,WITHIN_SLEEVE_RANK_PERCENTILE_PLUS_RAW_SCORE,ELIGIBLE_CORE,VALID,A,0,175226044.35,0.0625,0.0822981366459625,0.0249999999999999,-0.0332871012482662,-0.0517006802721088,0.2108657230493014,-0.1304347826086955,e35b4e02fe05cee34bf6c9d18d56eae2f63c6470eaa99b72e8e9fbb7d2dc635a,PUBLIC_EQUITY_INVESTING_IDEA_GENERATION,RESEARCH_PRIORITY_ONLY_NO_TRADE_AUTHORITY,8a3d7877ad0bd2db835494413aa0b150f79a55351967a9cb063d39aee2e8fb5c,FMDL4A-EV-000598.SZ-d1271d038acd07e3,idea-generation,"[""idea-generation""]",HANDOFF_READY_RESEARCH_NOT_STARTED,NOT_CREATED_FMDL4B,False,NONE
2026-07-17,47,B_WATCH_OR_TRIGGER,301273.SZ,瑞晨环保,SZ,CHINEXT,ACTIVE,C 制造业,TREND_PERSISTENCE,TREND_PERSISTENCE,1,14,0.675,0.92255457,0.74926637,0.0,0.74926637,WITHIN_SLEEVE_RANK_PERCENTILE_PLUS_RAW_SCORE,ELIGIBLE_CORE,VALID,A,0,70372583.9,-0.1368715083798882,0.2321665928223304,0.4003021148036254,0.5553691275167785,-0.1889763779527559,0.5311274790520999,-0.2325581395348838,1d968539fe452d603df6153046b9028c9e93f21aeaab0ca1900f165dc92d23ed,PUBLIC_EQUITY_INVESTING_IDEA_GENERATION,RESEARCH_PRIORITY_ONLY_NO_TRADE_AUTHORITY,899eb6a80f19a0b017861d60e4d329302adbe769b4096d59c55b8cea31313104,FMDL4A-EV-301273.SZ-1fc8a510c8c256c1,idea-generation,"[""idea-generation""]",HANDOFF_READY_RESEARCH_NOT_STARTED,NOT_CREATED_FMDL4B,False,NONE
2026-07-17,48,B_WATCH_OR_TRIGGER,002141.SZ,贤丰控股,SZ,SZ_MAIN,ACTIVE,C 制造业,LIQUID_BREAKOUT,LIQUID_BREAKOUT,1,14,0.675,0.90817723,0.74495317,0.0,0.74495317,WITHIN_SLEEVE_RANK_PERCENTILE_PLUS_RAW_SCORE,ELIGIBLE_CORE,VALID,A,0,1001290741.95,0.2823779193205944,0.5729166666666667,0.628032345013477,0.4554216867469878,0.0,0.8740594127911577,-0.3113636363636365,23e5f31b9846e22eabc85fd61e4ded45acbcda3fb4c3d71cfdd44ff8856d7648,PUBLIC_EQUITY_INVESTING_IDEA_GENERATION,RESEARCH_PRIORITY_ONLY_NO_TRADE_AUTHORITY,20e10f07cf7765656940d62f9850011a71a4ee4d453dd60f8ae1f43ec3e49f1b,FMDL4A-EV-002141.SZ-e7759758e86395f2,idea-generation,"[""idea-generation""]",HANDOFF_READY_RESEARCH_NOT_STARTED,NOT_CREATED_FMDL4B,False,NONE
2026-07-17,49,B_WATCH_OR_TRIGGER,002507.SZ,涪陵榨菜,SZ,SZ_MAIN,ACTIVE,C 制造业,DEFENSIVE_STABILITY,DEFENSIVE_STABILITY,1,15,0.65,0.93189905,0.73456971,0.0,0.73456971,WITHIN_SLEEVE_RANK_PERCENTILE_PLUS_RAW_SCORE,ELIGIBLE_CORE,VALID,A,0,114478670.9,0.0078878177037686,-0.0472245236122618,-0.0916271721958925,-0.068825910931174,-0.1411501120238985,0.1968513072849477,-0.1879699248120301,a90d1b7abc9fa0737182fcccaf5846c7fb31bb01ca82d44b58a7bb964321cfa4,PUBLIC_EQUITY_INVESTING_IDEA_GENERATION,RESEARCH_PRIORITY_ONLY_NO_TRADE_AUTHORITY,2276d5e5e575fae5c8db7461f8737279e2395d98a1f3988c381803ccdbd64d58,FMDL4A-EV-002507.SZ-42006f4e384d737b,idea-generation,"[""idea-generation""]",HANDOFF_READY_RESEARCH_NOT_STARTED,NOT_CREATED_FMDL4B,False,NONE
2026-07-17,50,B_WATCH_OR_TRIGGER,301072.SZ,中捷精工,SZ,CHINEXT,ACTIVE,C 制造业,TREND_PERSISTENCE,TREND_PERSISTENCE,1,15,0.65,0.91731889,0.73019567,0.0,0.73019567,WITHIN_SLEEVE_RANK_PERCENTILE_PLUS_RAW_SCORE,ELIGIBLE_CORE,VALID,A,0,167123201.05,-0.0810145284412705,0.6346911957950068,0.6275621456607066,0.7382394038192828,-0.1339057786029241,0.6246042374510014,-0.1884172947243158,1ca6348de373d69715eba212b8b6c2922a1f46a118d7b12bb6cba87efc6a1f54,PUBLIC_EQUITY_INVESTING_IDEA_GENERATION,RESEARCH_PRIORITY_ONLY_NO_TRADE_AUTHORITY,af2966c9d3d6e14ebf3c94af0d52374d77dce7a61b4781d5214d342f7742a0a2,FMDL4A-EV-301072.SZ-0172583b12e87849,idea-generation,"[""idea-generation""]",HANDOFF_READY_RESEARCH_NOT_STARTED,NOT_CREATED_FMDL4B,False,NONE
2026-07-17,51,B_WATCH_OR_TRIGGER,002536.SZ,飞龙股份,SZ,SZ_MAIN,ACTIVE,C 制造业,LIQUID_BREAKOUT,LIQUID_BREAKOUT,1,15,0.65,0.90807793,0.72742338,0.0,0.72742338,WITHIN_SLEEVE_RANK_PERCENTILE_PLUS_RAW_SCORE,ELIGIBLE_CORE,VALID,A,0,2546420246.35,0.0765696784073506,0.2093880560334236,0.6800955957664734,2.3317535545023698,-0.1196779964221824,0.8511657832060265,-0.3280826975141521,c2a30116c1802a1b722ffa73f21bb099d76d6bece5ee42ab46cf87a2f7c991f2,PUBLIC_EQUITY_INVESTING_IDEA_GENERATION,RESEARCH_PRIORITY_ONLY_NO_TRADE_AUTHORITY,509ee561414f526e65984f94b4e2c65ef5272fa84c85d2c9e3cc4c57cb9753fd,FMDL4A-EV-002536.SZ-986c05d2d7ba107a,idea-generation,"[""idea-generation""]",HANDOFF_READY_RESEARCH_NOT_STARTED,NOT_CREATED_FMDL4B,False,NONE
2026-07-17,52,B_WATCH_OR_TRIGGER,688036.SH,传音控股,SH,STAR,ACTIVE,,RECOVERY_WATCH,RECOVERY_WATCH,1,11,0.66666667,0.84699025,0.72076374,0.0,0.72076374,WITHIN_SLEEVE_RANK_PERCENTILE_PLUS_RAW_SCORE,ELIGIBLE_CORE,VALID,A,0,1319071689.25,0.1638945991403477,0.1951640759930915,-0.0555050045495905,-0.1478998495006157,-0.3877310263468344,0.5255328891845252,-0.2297318007662835,7b664ba42f4136a408c6fa35a6411b1c9527e8072b4d1790b9d2f298fe6dfbb9,PUBLIC_EQUITY_INVESTING_IDEA_GENERATION,RESEARCH_PRIORITY_ONLY_NO_TRADE_AUTHORITY,ea70038206d4e0d5fdf99201e8d6e7f05f30eed101365fe59babc4ca855ef633,FMDL4A-EV-688036.SH-cc31fbf5b0aa2d25,idea-generation,"[""idea-generation""]",HANDOFF_READY_RESEARCH_NOT_STARTED,NOT_CREATED_FMDL4B,False,NONE
2026-07-17,53,B_WATCH_OR_TRIGGER,601668.SH,中国建筑,SH,SH_MAIN,ACTIVE,,DEFENSIVE_STABILITY,DEFENSIVE_STABILITY,1,16,0.625,0.93133885,0.71690165,0.0,0.71690165,WITHIN_SLEEVE_RANK_PERCENTILE_PLUS_RAW_SCORE,ELIGIBLE_CORE,VALID,A,0,1011704708.0,0.043778801843318,-0.0152173913043477,-0.0601659751037344,-0.1564245810055865,-0.1968085106382977,0.1564846868656547,-0.156701030927835,1defc820f403babf2227b344c84dd63c52674061662998021b5ff7da5a6fc45a,PUBLIC_EQUITY_INVESTING_IDEA_GENERATION,RESEARCH_PRIORITY_ONLY_NO_TRADE_AUTHORITY,3cec08ea4c0d1b9c37c42d358351e1b0a4f176c3c4bf2866a97ae7b643e367cb,FMDL4A-EV-601668.SH-d287a7b079e490b9,idea-generation,"[""idea-generation""]",HANDOFF_READY_RESEARCH_NOT_STARTED,NOT_CREATED_FMDL4B,False,NONE
2026-07-17,54,B_WATCH_OR_TRIGGER,605186.SH,健麾信息,SH,SH_MAIN,ACTIVE,,TREND_PERSISTENCE,TREND_PERSISTENCE,1,16,0.625,0.9172417,0.71267251,0.0,0.71267251,WITHIN_SLEEVE_RANK_PERCENTILE_PLUS_RAW_SCORE,ELIGIBLE_CORE,VALID,A,0,184092117.9,-0.1496899911426039,0.4342629482071714,0.325356649792913,0.3879518072289156,-0.1787852865697177,0.5689286157543103,-0.1874443455031167,e7aae7a2cc927b8f76b1c526da2743b06965ce73e97fb32f15a7377697ac57f1,PUBLIC_EQUITY_INVESTING_IDEA_GENERATION,RESEARCH_PRIORITY_ONLY_NO_TRADE_AUTHORITY,19e29057851a758855f0112eb1aec52918074cbd29d5fe676453855f6ef32b03,FMDL4A-EV-605186.SH-44becc8ff7ad7b9f,idea-generation,"[""idea-generation""]",HANDOFF_READY_RESEARCH_NOT_STARTED,NOT_CREATED_FMDL4B,False,NONE
2026-07-17,55,B_WATCH_OR_TRIGGER,603466.SH,风语筑,SH,SH_MAIN,ACTIVE,,LIQUID_BREAKOUT,LIQUID_BREAKOUT,1,16,0.625,0.90767077,0.70980123,0.0,0.70980123,WITHIN_SLEEVE_RANK_PERCENTILE_PLUS_RAW_SCORE,ELIGIBLE_CORE,VALID,A,0,725104673.7,0.192032686414709,0.2055785123966942,0.0896358543417366,0.1635094715852443,-0.0988416988416988,0.7091090343933043,-0.3181467181467181,9080da426e230ba36f03380b2f816e9517ff573c6f2560d5684e718691b74737,PUBLIC_EQUITY_INVESTING_IDEA_GENERATION,RESEARCH_PRIORITY_ONLY_NO_TRADE_AUTHORITY,2a250042067191078810a3071e73afb31e89beaf6b4387ddf9d09497af062d63,FMDL4A-EV-603466.SH-7fbd655bca0e13dc,idea-generation,"[""idea-generation""]",HANDOFF_READY_RESEARCH_NOT_STARTED,NOT_CREATED_FMDL4B,False,NONE
2026-07-17,56,B_WATCH_OR_TRIGGER,300999.SZ,金龙鱼,SZ,CHINEXT,ACTIVE,C 制造业,DEFENSIVE_STABILITY,DEFENSIVE_STABILITY,1,17,0.6,0.93128449,0.69938535,0.0,0.69938535,WITHIN_SLEEVE_RANK_PERCENTILE_PLUS_RAW_SCORE,ELIGIBLE_CORE,VALID,A,0,256516020.25,0.0336341263330599,-0.0996784565916398,-0.144602851323829,-0.1340206185567011,-0.2555391432791728,0.2584276389503837,-0.2636910414688191,0ef2fb711645c8458c156c09650de085b384b9d42e283007c587eb56bd6241de,PUBLIC_EQUITY_INVESTING_IDEA_GENERATION,RESEARCH_PRIORITY_ONLY_NO_TRADE_AUTHORITY,7598eb0b5d22c4d630e1322c2fffebeb7d25095ca265fd91d4ebf903148256a4,FMDL4A-EV-300999.SZ-13e1449d68095d77,idea-generation,"[""idea-generation""]",HANDOFF_READY_RESEARCH_NOT_STARTED,NOT_CREATED_FMDL4B,False,NONE
2026-07-17,57,B_WATCH_OR_TRIGGER,688103.SH,国力电子,SH,STAR,ACTIVE,,RECOVERY_WATCH,RECOVERY_WATCH,1,12,0.63333333,0.84502857,0.6968419,0.0,0.6968419,WITHIN_SLEEVE_RANK_PERCENTILE_PLUS_RAW_SCORE,ELIGIBLE_CORE,VALID,A,0,553577899.8,0.2849162011173185,0.4019641043007109,0.2142542894852617,0.4465408805031445,-0.1961165048543689,0.8216558579988233,-0.248029197080292,0a14bf3429c7d4a236e311eb84d410321b70be6eedc18a67f71868ceb786d42b,PUBLIC_EQUITY_INVESTING_IDEA_GENERATION,RESEARCH_PRIORITY_ONLY_NO_TRADE_AUTHORITY,a95711414161e36c209903b48f8d06acaf2708f2b21164a2f48225ae20c3045e,FMDL4A-EV-688103.SH-66de41cc212bd6ca,idea-generation,"[""idea-generation""]",HANDOFF_READY_RESEARCH_NOT_STARTED,NOT_CREATED_FMDL4B,False,NONE
2026-07-17,58,B_WATCH_OR_TRIGGER,300225.SZ,金力泰,SZ,CHINEXT,ACTIVE,C 制造业,TREND_PERSISTENCE,TREND_PERSISTENCE,1,17,0.6,0.91344831,0.69403449,0.0,0.69403449,WITHIN_SLEEVE_RANK_PERCENTILE_PLUS_RAW_SCORE,ELIGIBLE_CORE,VALID,A,0,159453379.1,-0.2428256070640176,0.1395348837209302,0.1807228915662651,0.7680412371134022,-0.3007135575942915,0.7459246564619538,-0.3007135575942915,342829fcf016d8516863ecf005c3481842c5849176426fe62339901e9fdd8bdc,PUBLIC_EQUITY_INVESTING_IDEA_GENERATION,RESEARCH_PRIORITY_ONLY_NO_TRADE_AUTHORITY,8e1cffaa3e944577308f774bef947a8169906a314b3333a3d4ca6e02a1ab02ee,FMDL4A-EV-300225.SZ-3891520285385301,idea-generation,"[""idea-generation""]",HANDOFF_READY_RESEARCH_NOT_STARTED,NOT_CREATED_FMDL4B,False,NONE
2026-07-17,59,B_WATCH_OR_TRIGGER,600664.SH,哈药股份,SH,SH_MAIN,ACTIVE,,RECOVERY_WATCH,RECOVERY_WATCH|LIQUID_BREAKOUT,2,13,0.6,0.84219057,0.67265717,0.02,0.69265717,WITHIN_SLEEVE_RANK_PERCENTILE_PLUS_RAW_SCORE,ELIGIBLE_CORE,VALID,A,0,578119762.7,0.7305194805194806,0.2453271028037382,0.5142045454545454,0.4026315789473684,0.0,0.6164895995607629,-0.34009009009009,c909e14d116695a20842f0f5bc8cabc4b14e2b8310ebad67795f730d8e55d91e,PUBLIC_EQUITY_INVESTING_IDEA_GENERATION,RESEARCH_PRIORITY_ONLY_NO_TRADE_AUTHORITY,dec0b052593d4a5cdc7c350ad9132fa531cec7bbc50aaa95417b24dd0f6ce0d2,FMDL4A-EV-600664.SH-118a15bd6f1fa6c8,idea-generation,"[""idea-generation""]",HANDOFF_READY_RESEARCH_NOT_STARTED,NOT_CREATED_FMDL4B,False,NONE
2026-07-17,60,B_WATCH_OR_TRIGGER,002821.SZ,凯莱英,SZ,SZ_MAIN,ACTIVE,C 制造业,LIQUID_BREAKOUT,LIQUID_BREAKOUT,1,17,0.6,0.90761565,0.69228469,0.0,0.69228469,WITHIN_SLEEVE_RANK_PERCENTILE_PLUS_RAW_SCORE,ELIGIBLE_CORE,VALID,A,0,2546886884.8,0.3195666340827632,0.4367184035476719,0.5341414906714652,0.8906395891690009,-0.1724648786717751,0.7119919641382664,-0.1724648786717751,711111ca5d25e15731aaeed4f00f790fae86dd5026aec3ae55e2397679a242f4,PUBLIC_EQUITY_INVESTING_IDEA_GENERATION,RESEARCH_PRIORITY_ONLY_NO_TRADE_AUTHORITY,2c2286437aabde2c2f0f9e157d266aed7dea23a9db1d3c2fc37c54b974b4408e,FMDL4A-EV-002821.SZ-9f21b2e5de731a90,idea-generation,"[""idea-generation""]",HANDOFF_READY_RESEARCH_NOT_STARTED,NOT_CREATED_FMDL4B,False,NONE
2026-07-17,61,C_SCREEN_FLAG_ONLY,601328.SH,交通银行,SH,SH_MAIN,ACTIVE,,DEFENSIVE_STABILITY,DEFENSIVE_STABILITY,1,18,0.575,0.93093532,0.6817806,0.0,0.6817806,WITHIN_SLEEVE_RANK_PERCENTILE_PLUS_RAW_SCORE,ELIGIBLE_CORE,VALID,A,0,1379057833.7,0.0491551459293395,-0.0058224163027656,0.0103550295857988,-0.1232349165596918,-0.1288265306122449,0.1940270794664279,-0.0991379310344827,56e61a29ada5526fda214ae218d6b34b1a00a6cf302372bcaa5a9eb22e6db0ba,PUBLIC_EQUITY_INVESTING_IDEA_GENERATION,RESEARCH_PRIORITY_ONLY_NO_TRADE_AUTHORITY,f8c5e3143f50ec52fb4b6a1036e87dc3469b6b3534511d7cd89e9f07a55ca405,FMDL4A-EV-601328.SH-4e5593570f74ae1e,idea-generation,"[""idea-generation""]",HANDOFF_READY_RESEARCH_NOT_STARTED,NOT_CREATED_FMDL4B,False,NONE
2026-07-17,62,C_SCREEN_FLAG_ONLY,300938.SZ,信测标准,SZ,CHINEXT,ACTIVE,M 科研服务,TREND_PERSISTENCE,TREND_PERSISTENCE,1,18,0.575,0.91127856,0.67588357,0.0,0.67588357,WITHIN_SLEEVE_RANK_PERCENTILE_PLUS_RAW_SCORE,ELIGIBLE_CORE,VALID,A,0,966273993.3,-0.2059471365638766,0.0344332855093254,0.6319601629696694,1.2874365482233503,-0.3360957642725598,0.7719740165469481,-0.3360957642725598,c7be64a31bb8c803bf600bc9848753260cbe15471b8085cade6f4b1f9efe4cd3,PUBLIC_EQUITY_INVESTING_IDEA_GENERATION,RESEARCH_PRIORITY_ONLY_NO_TRADE_AUTHORITY,159116973b061de176e1fae52190dfe7b924e2b15380fec3d22b9bd5b32ed6b7,FMDL4A-EV-300938.SZ-301da36d2a1a7ec6,idea-generation,"[""idea-generation""]",HANDOFF_READY_RESEARCH_NOT_STARTED,NOT_CREATED_FMDL4B,False,NONE
2026-07-17,63,C_SCREEN_FLAG_ONLY,603893.SH,瑞芯微,SH,SH_MAIN,ACTIVE,,LIQUID_BREAKOUT,LIQUID_BREAKOUT,1,18,0.575,0.90700829,0.67460249,0.0,0.67460249,WITHIN_SLEEVE_RANK_PERCENTILE_PLUS_RAW_SCORE,ELIGIBLE_CORE,VALID,A,0,4087950438.75,0.1181224399424332,0.1388622653210802,0.0555468464231592,0.3335974120287845,-0.1784944487372401,0.5547778647774909,-0.2746793915896213,647569ca32792f37c0be4ddac78e8056be1b93bb0fbaef25f426aea6fb6f76a1,PUBLIC_EQUITY_INVESTING_IDEA_GENERATION,RESEARCH_PRIORITY_ONLY_NO_TRADE_AUTHORITY,5d801e996e9f373d91a8588da42d9c1774142052dfce403d651fbbb2c68b552c,FMDL4A-EV-603893.SH-d68c63ec7665e01a,idea-generation,"[""idea-generation""]",HANDOFF_READY_RESEARCH_NOT_STARTED,NOT_CREATED_FMDL4B,False,NONE
2026-07-17,64,C_SCREEN_FLAG_ONLY,000088.SZ,盐 田 港,SZ,SZ_MAIN,ACTIVE,G 运输仓储,DEFENSIVE_STABILITY,DEFENSIVE_STABILITY,1,19,0.55,0.92983253,0.66394976,0.0,0.66394976,WITHIN_SLEEVE_RANK_PERCENTILE_PLUS_RAW_SCORE,ELIGIBLE_CORE,VALID,A,0,75924062.5,0.0310262529832934,-0.020408163265306,-0.0114416475972539,-0.0046082949308754,-0.0567685589519649,0.1617758141628221,-0.1091703056768559,9b912054435e9688132e0927f2044f013de91a75a258f54e0ece65349dca5ee7,PUBLIC_EQUITY_INVESTING_IDEA_GENERATION,RESEARCH_PRIORITY_ONLY_NO_TRADE_AUTHORITY,35cb161142cd1ec2798f1579df8bb3eac960024fd3c67fcd8280d99447654a60,FMDL4A-EV-000088.SZ-204018944f5b1be8,idea-generation,"[""idea-generation""]",HANDOFF_READY_RESEARCH_NOT_STARTED,NOT_CREATED_FMDL4B,False,NONE
2026-07-17,65,C_SCREEN_FLAG_ONLY,002832.SZ,比音勒芬,SZ,SZ_MAIN,ACTIVE,C 制造业,TREND_PERSISTENCE,TREND_PERSISTENCE,1,19,0.55,0.91115111,0.65834533,0.0,0.65834533,WITHIN_SLEEVE_RANK_PERCENTILE_PLUS_RAW_SCORE,ELIGIBLE_CORE,VALID,A,0,213240641.35,0.0100961538461539,0.2095567069660333,0.4176788124156545,0.411962365591398,-0.0497512437810944,0.446246532839973,-0.0876162506118453,9576277af05b1b61d6c62d4dc4ae218bc484f59777083a50c8c894e1da9e5bbd,PUBLIC_EQUITY_INVESTING_IDEA_GENERATION,RESEARCH_PRIORITY_ONLY_NO_TRADE_AUTHORITY,159d14c26e43b077fb8b3060db4f1c90ccfa24f414acad41002958fbd7c26655,FMDL4A-EV-002832.SZ-8e8a60afdfe0bcb6,idea-generation,"[""idea-generation""]",HANDOFF_READY_RESEARCH_NOT_STARTED,NOT_CREATED_FMDL4B,False,NONE
2026-07-17,66,C_SCREEN_FLAG_ONLY,300832.SZ,新产业,SZ,CHINEXT,ACTIVE,C 制造业,RECOVERY_WATCH,RECOVERY_WATCH,1,14,0.56666667,0.84089722,0.64893583,0.0,0.64893583,WITHIN_SLEEVE_RANK_PERCENTILE_PLUS_RAW_SCORE,ELIGIBLE_CORE,VALID,A,0,390557731.0,0.0752380952380951,0.0219506675718488,-0.2036677834597073,-0.1601264645713224,-0.3399590762934815,0.4110747737597033,-0.3034957627118644,8c91002c393a6790463304a8c6842419bd7f6007a3ee2519dd75d5544a2d0f9f,PUBLIC_EQUITY_INVESTING_IDEA_GENERATION,RESEARCH_PRIORITY_ONLY_NO_TRADE_AUTHORITY,0f5bbcfe0d6b0a222e1512795a079b405ca17a30d038e525c3c06a1428716472,FMDL4A-EV-300832.SZ-5cc5d8bfeaa9cb44,idea-generation,"[""idea-generation""]",HANDOFF_READY_RESEARCH_NOT_STARTED,NOT_CREATED_FMDL4B,False,NONE
2026-07-17,67,C_SCREEN_FLAG_ONLY,600016.SH,民生银行,SH,SH_MAIN,ACTIVE,,DEFENSIVE_STABILITY,DEFENSIVE_STABILITY,1,20,0.525,0.92899639,0.64619892,0.0,0.64619892,WITHIN_SLEEVE_RANK_PERCENTILE_PLUS_RAW_SCORE,ELIGIBLE_CORE,VALID,A,0,878319263.95,0.0116959064327486,-0.0520547945205479,-0.0723860589812332,-0.301010101010101,-0.338432122370937,0.1700392266829446,-0.1933842239185751,9bfb6aeb4a7da811b2fe584c8c0cd4ae9da5f6d74df2b2000e023a596e667f64,PUBLIC_EQUITY_INVESTING_IDEA_GENERATION,RESEARCH_PRIORITY_ONLY_NO_TRADE_AUTHORITY,41298caf32248cd131d0b38710a3d41bc5f9c91991ae10d993182af0f5501f1d,FMDL4A-EV-600016.SH-209a09560b0b2609,idea-generation,"[""idea-generation""]",HANDOFF_READY_RESEARCH_NOT_STARTED,NOT_CREATED_FMDL4B,False,NONE
2026-07-17,68,C_SCREEN_FLAG_ONLY,603259.SH,药明康德,SH,SH_MAIN,ACTIVE,,LIQUID_BREAKOUT,LIQUID_BREAKOUT|TREND_PERSISTENCE,2,21,0.5,0.9051658,0.62154974,0.02,0.64154974,WITHIN_SLEEVE_RANK_PERCENTILE_PLUS_RAW_SCORE,ELIGIBLE_CORE,VALID,A,0,9492476861.95,0.1476830218068536,0.2005091649694501,0.1564645870119678,0.7205195563339173,-0.1034980988593156,0.4865798821372029,-0.163180321518497,1bfaa86d2047b2d0d4dc925cf8e3c9cb3285d79fc909335ac124e6124e87d714,PUBLIC_EQUITY_INVESTING_IDEA_GENERATION,RESEARCH_PRIORITY_ONLY_NO_TRADE_AUTHORITY,4113f65d2a916b620e58d71e2ccab4801db44f71f091cb51f09f2621219e5544,FMDL4A-EV-603259.SH-649ddd254cfb7a01,idea-generation,"[""idea-generation""]",HANDOFF_READY_RESEARCH_NOT_STARTED,NOT_CREATED_FMDL4B,False,NONE
2026-07-17,69,C_SCREEN_FLAG_ONLY,300440.SZ,运达科技,SZ,CHINEXT,ACTIVE,I 信息技术,TREND_PERSISTENCE,TREND_PERSISTENCE,1,20,0.525,0.90709152,0.63962746,0.0,0.63962746,WITHIN_SLEEVE_RANK_PERCENTILE_PLUS_RAW_SCORE,ELIGIBLE_CORE,VALID,A,0,293359537.9,0.002053388090349,0.149587750294464,0.4946401225114853,0.9307616221562808,-0.1078610603290676,0.5995347201210789,-0.2633352049410443,a894ec807057e17275c22315a500d8baaf46208f91fc35c2208c26e4162e444f,PUBLIC_EQUITY_INVESTING_IDEA_GENERATION,RESEARCH_PRIORITY_ONLY_NO_TRADE_AUTHORITY,ea897b2f43ac3b7cdb917a2d67a8ba4e6520b58285cdbbef80e669aa34ea8f7e,FMDL4A-EV-300440.SZ-42d41e3bb3d2814d,idea-generation,"[""idea-generation""]",HANDOFF_READY_RESEARCH_NOT_STARTED,NOT_CREATED_FMDL4B,False,NONE
2026-07-17,70,C_SCREEN_FLAG_ONLY,603127.SH,昭衍新药,SH,SH_MAIN,ACTIVE,,LIQUID_BREAKOUT,LIQUID_BREAKOUT,1,20,0.525,0.90537662,0.63911298,0.0,0.63911298,WITHIN_SLEEVE_RANK_PERCENTILE_PLUS_RAW_SCORE,ELIGIBLE_CORE,VALID,A,0,1899564896.1,0.3482419127988749,0.2764314247669774,0.1227453736237995,1.1049626701800617,-0.0999061032863849,0.685566904266978,-0.3694510739856801,72534d4fd61d950466da63b53fc21772e9315a7f4bc72b7efa411ba0039906c4,PUBLIC_EQUITY_INVESTING_IDEA_GENERATION,RESEARCH_PRIORITY_ONLY_NO_TRADE_AUTHORITY,d0f0443c2fd94b8053edcd18797b81d018422f625722b08cfd3666b2edc6fd88,FMDL4A-EV-603127.SH-42ba99d623a357b7,idea-generation,"[""idea-generation""]",HANDOFF_READY_RESEARCH_NOT_STARTED,NOT_CREATED_FMDL4B,False,NONE
2026-07-17,71,C_SCREEN_FLAG_ONLY,601128.SH,常熟银行,SH,SH_MAIN,ACTIVE,,DEFENSIVE_STABILITY,DEFENSIVE_STABILITY,1,21,0.5,0.92892996,0.62867899,0.0,0.62867899,WITHIN_SLEEVE_RANK_PERCENTILE_PLUS_RAW_SCORE,ELIGIBLE_CORE,VALID,A,0,250510225.1,-0.001602564102564,-0.0400616332819722,0.0032206119162641,-0.0589123867069485,-0.1010101010101008,0.1792385464765233,-0.120845921450151,f05d21b98e791d642513ddbb9ac23d9ab8e7f5e21eb22184b3801e3dd390f8e4,PUBLIC_EQUITY_INVESTING_IDEA_GENERATION,RESEARCH_PRIORITY_ONLY_NO_TRADE_AUTHORITY,581f421d1353c4372de74efb309fda6c57545e08af3a40b57c1762c62e689b82,FMDL4A-EV-601128.SH-6aea47e09380cbea,idea-generation,"[""idea-generation""]",HANDOFF_READY_RESEARCH_NOT_STARTED,NOT_CREATED_FMDL4B,False,NONE
2026-07-17,72,C_SCREEN_FLAG_ONLY,000651.SZ,格力电器,SZ,SZ_MAIN,ACTIVE,C 制造业,RECOVERY_WATCH,RECOVERY_WATCH,1,15,0.53333333,0.84068391,0.62553851,0.0,0.62553851,WITHIN_SLEEVE_RANK_PERCENTILE_PLUS_RAW_SCORE,ELIGIBLE_CORE,VALID,A,0,1932948970.45,0.087962962962963,0.0814834867352465,0.0206949412365866,-0.0803406998158378,-0.1120248944209824,0.2026834079997859,-0.0926612305411416,72d6a43c528129e5d5d0c731e616c8e5eee1a0ae1c9641b50982ce93f76fe583,PUBLIC_EQUITY_INVESTING_IDEA_GENERATION,RESEARCH_PRIORITY_ONLY_NO_TRADE_AUTHORITY,3aa0aad34c4dc1f82b12319067e369f04f75d434bfaf4b47172e0d0de33979dd,FMDL4A-EV-000651.SZ-4db7b5832008b32a,idea-generation,"[""idea-generation""]",HANDOFF_READY_RESEARCH_NOT_STARTED,NOT_CREATED_FMDL4B,False,NONE
2026-07-17,73,C_SCREEN_FLAG_ONLY,001314.SZ,亿道信息,SZ,SZ_MAIN,ACTIVE,C 制造业,TREND_PERSISTENCE,TREND_PERSISTENCE,1,21,0.5,0.90606477,0.62181943,0.0,0.62181943,WITHIN_SLEEVE_RANK_PERCENTILE_PLUS_RAW_SCORE,ELIGIBLE_CORE,VALID,A,0,477038140.95,0.0481310803891448,0.3991797676008202,0.3297964486790818,0.3005082592121981,-0.0446484131922838,0.6069600179331104,-0.2456862745098039,94615fcdaf5c8a1bec7973c92fd4f4c7aed131a5faa41218ee9960e343ad7a66,PUBLIC_EQUITY_INVESTING_IDEA_GENERATION,RESEARCH_PRIORITY_ONLY_NO_TRADE_AUTHORITY,327879f473fafbdf423dd4133fa0cd0093f49e340d526902d25ba0b7096e706e,FMDL4A-EV-001314.SZ-75f6c6ff7f07b0c0,idea-generation,"[""idea-generation""]",HANDOFF_READY_RESEARCH_NOT_STARTED,NOT_CREATED_FMDL4B,False,NONE
2026-07-17,74,C_SCREEN_FLAG_ONLY,000538.SZ,云南白药,SZ,SZ_MAIN,ACTIVE,C 制造业,DEFENSIVE_STABILITY,DEFENSIVE_STABILITY,1,22,0.475,0.92858436,0.61107531,0.0,0.61107531,WITHIN_SLEEVE_RANK_PERCENTILE_PLUS_RAW_SCORE,ELIGIBLE_CORE,VALID,A,0,573656219.0,0.0617385917819532,-0.0372589402733569,-0.0615075743748858,-0.0309084055785903,-0.1052723159909517,0.1835005211501803,-0.1557391772947728,01bb111ca400329d0b6cb62e6a140820eacf8a6e887d7d2d41835261de0952f2,PUBLIC_EQUITY_INVESTING_IDEA_GENERATION,RESEARCH_PRIORITY_ONLY_NO_TRADE_AUTHORITY,6daf35ddbf7a916d88b8edcd70d66e400cc89a6e05e474f40ff404ff76bfb6e8,FMDL4A-EV-000538.SZ-e70e6fc56cad3554,idea-generation,"[""idea-generation""]",HANDOFF_READY_RESEARCH_NOT_STARTED,NOT_CREATED_FMDL4B,False,NONE
2026-07-17,75,C_SCREEN_FLAG_ONLY,300661.SZ,圣邦股份,SZ,CHINEXT,ACTIVE,C 制造业,TREND_PERSISTENCE,TREND_PERSISTENCE,1,22,0.475,0.90356165,0.6035685,0.0,0.6035685,WITHIN_SLEEVE_RANK_PERCENTILE_PLUS_RAW_SCORE,ELIGIBLE_CORE,VALID,A,0,2540397950.55,-0.2392859832793553,0.3050781754748675,0.417941878422013,0.4469914040114613,-0.2960691385558962,0.7028027848097504,-0.2960691385558962,3f960af02a41987b134a440b8b21e98fddce4eb1ca7f80a96d6b04e96b014953,PUBLIC_EQUITY_INVESTING_IDEA_GENERATION,RESEARCH_PRIORITY_ONLY_NO_TRADE_AUTHORITY,39d57340d625f13e4fda13d70cc6db5de8422870338ee44b10db96b146f72c2c,FMDL4A-EV-300661.SZ-16c7fbf207844070,idea-generation,"[""idea-generation""]",HANDOFF_READY_RESEARCH_NOT_STARTED,NOT_CREATED_FMDL4B,False,NONE
2026-07-17,76,C_SCREEN_FLAG_ONLY,300765.SZ,石药创新,SZ,CHINEXT,ACTIVE,C 制造业,RECOVERY_WATCH,RECOVERY_WATCH,1,16,0.5,0.83781243,0.60134373,0.0,0.60134373,WITHIN_SLEEVE_RANK_PERCENTILE_PLUS_RAW_SCORE,ELIGIBLE_CORE,VALID,A,0,833033333.5,0.5970772442588728,0.1636750836629146,-0.0475597609561752,-0.2535128805620609,-0.3441358024691358,0.6838307764895664,-0.4972949578013417,a94e38abcf851fe4857933d4a64a9408869a32db43b8907333cc4dd03e674794,PUBLIC_EQUITY_INVESTING_IDEA_GENERATION,RESEARCH_PRIORITY_ONLY_NO_TRADE_AUTHORITY,155b8ec1c5aab10fb585d3f5cad1b00dc327acedf4e20fcf5330a8c8d039a792,FMDL4A-EV-300765.SZ-141c2558b2d9e481,idea-generation,"[""idea-generation""]",HANDOFF_READY_RESEARCH_NOT_STARTED,NOT_CREATED_FMDL4B,False,NONE
2026-07-17,77,C_SCREEN_FLAG_ONLY,601398.SH,工商银行,SH,SH_MAIN,ACTIVE,,DEFENSIVE_STABILITY,DEFENSIVE_STABILITY|LIQUID_BREAKOUT,2,24,0.425,0.92704882,0.57561465,0.02,0.59561465,WITHIN_SLEEVE_RANK_PERCENTILE_PLUS_RAW_SCORE,ELIGIBLE_CORE,VALID,A,0,3150791836.05,0.0572625698324023,0.022972972972973,0.0079893475366179,0.0412654745529574,-0.0513784461152881,0.2091446848872069,-0.0951156812339332,b8c64cef9c3cef560b94f1d0e504004c4ba1d584cc9dc58490c3674a50d441a5,PUBLIC_EQUITY_INVESTING_IDEA_GENERATION,RESEARCH_PRIORITY_ONLY_NO_TRADE_AUTHORITY,0bfe88096cab9481b980b7483591d3aaf97f23c5844d87fb823902a264875ed6,FMDL4A-EV-601398.SH-cb36e4f5f3653fb6,idea-generation,"[""idea-generation""]",HANDOFF_READY_RESEARCH_NOT_STARTED,NOT_CREATED_FMDL4B,False,NONE
2026-07-17,78,C_SCREEN_FLAG_ONLY,920599.BJ,同力股份,BJ,BSE,ACTIVE,专用设备制造业,DEFENSIVE_STABILITY,DEFENSIVE_STABILITY,1,23,0.45,0.92725053,0.59317516,0.0,0.59317516,WITHIN_SLEEVE_RANK_PERCENTILE_PLUS_RAW_SCORE,ELIGIBLE_CORE,VALID,A,0,64956769.65,-0.0252859723058397,-0.1281637049003768,-0.2063725490196077,-0.1769191662430096,-0.3402607986960064,0.2911706746381082,-0.2519120458891014,8c1dcd297e1989d826d14c666f8f14cc922ca9fafa619c8f75e1133ce8708363,PUBLIC_EQUITY_INVESTING_IDEA_GENERATION,RESEARCH_PRIORITY_ONLY_NO_TRADE_AUTHORITY,2c02a311c18f0cfd5c297f871a035825537157ddda9fcca7a1a64600d90a04f3,FMDL4A-EV-920599.BJ-afa15a0231b23bc9,idea-generation,"[""idea-generation""]",HANDOFF_READY_RESEARCH_NOT_STARTED,NOT_CREATED_FMDL4B,False,NONE
2026-07-17,79,C_SCREEN_FLAG_ONLY,301536.SZ,星宸科技,SZ,CHINEXT,ACTIVE,C 制造业,TREND_PERSISTENCE,TREND_PERSISTENCE,1,23,0.45,0.90320665,0.585962,0.0,0.585962,WITHIN_SLEEVE_RANK_PERCENTILE_PLUS_RAW_SCORE,ELIGIBLE_CORE,VALID,A,0,1287738413.95,-0.1845703125,0.1690212549319079,0.4209467821782178,0.6291238027669384,-0.2863802346360035,0.6997801156680101,-0.2863802346360035,2ccdfa4e3c0dfa8f58e8ab83c39fd1bb00cdf25a1c52e49b89e72dca2b19093d,PUBLIC_EQUITY_INVESTING_IDEA_GENERATION,RESEARCH_PRIORITY_ONLY_NO_TRADE_AUTHORITY,892b7d7b40686631381cb16625a2b905c075e23ea5d8b822066ffc068daa4f1f,FMDL4A-EV-301536.SZ-f2a836fd40e974e9,idea-generation,"[""idea-generation""]",HANDOFF_READY_RESEARCH_NOT_STARTED,NOT_CREATED_FMDL4B,False,NONE
2026-07-17,80,C_SCREEN_FLAG_ONLY,301092.SZ,争光股份,SZ,CHINEXT,ACTIVE,C 制造业,LIQUID_BREAKOUT,LIQUID_BREAKOUT,1,23,0.45,0.89956012,0.58486803,0.0,0.58486803,WITHIN_SLEEVE_RANK_PERCENTILE_PLUS_RAW_SCORE,ELIGIBLE_CORE,VALID,A,0,446247135.25,0.18247895944912,0.8187702265372168,0.6078023407022106,0.9750798722044728,0.0,1.0607357554950951,-0.2660818713450292,c939e0d074d38ce87b8c3f35d6ad0d3d8e2104749b8901d86f1bd09725473b3e,PUBLIC_EQUITY_INVESTING_IDEA_GENERATION,RESEARCH_PRIORITY_ONLY_NO_TRADE_AUTHORITY,384a6e073a74ce3ad09ffd7563fcda3369f0d922c4fb86273f6e7f410679277a,FMDL4A-EV-301092.SZ-00ea4023680298c6,idea-generation,"[""idea-generation""]",HANDOFF_READY_RESEARCH_NOT_STARTED,NOT_CREATED_FMDL4B,False,NONE
2026-07-17,81,C_SCREEN_FLAG_ONLY,300723.SZ,一品红,SZ,CHINEXT,ACTIVE,C 制造业,RECOVERY_WATCH,RECOVERY_WATCH,1,17,0.46666667,0.83010018,0.57569672,0.0,0.57569672,WITHIN_SLEEVE_RANK_PERCENTILE_PLUS_RAW_SCORE,ELIGIBLE_CORE,VALID,A,0,760210488.75,0.097247157390784,0.0169162506932889,-0.0563561502830674,-0.3081132075471697,-0.5446417484167391,0.7552933319090462,-0.2596219539968116,1af5e6297b8446a4cf49957e71a826762780b0315ae61207ad70ce840a3e8b54,PUBLIC_EQUITY_INVESTING_IDEA_GENERATION,RESEARCH_PRIORITY_ONLY_NO_TRADE_AUTHORITY,b3dcd9fda1651d830e8f500f0e098f7228660e75bdb90e15ad30eb2301985d48,FMDL4A-EV-300723.SZ-ae9465fd86d5b410,idea-generation,"[""idea-generation""]",HANDOFF_READY_RESEARCH_NOT_STARTED,NOT_CREATED_FMDL4B,False,NONE
2026-07-17,82,C_SCREEN_FLAG_ONLY,688425.SH,铁建重工,SH,STAR,ACTIVE,,DEFENSIVE_STABILITY,DEFENSIVE_STABILITY,1,25,0.4,0.92610296,0.55783089,0.0,0.55783089,WITHIN_SLEEVE_RANK_PERCENTILE_PLUS_RAW_SCORE,ELIGIBLE_CORE,VALID,A,0,77667766.05,-0.0422535211267605,-0.158762886597938,-0.2228571428571428,0.0124069478908188,-0.4638633377135348,0.199092468533472,-0.2743682310469315,3d112928217c3d2afebc7020d9cdf3ac0972c32a13fc3a9969326dd74cb1a035,PUBLIC_EQUITY_INVESTING_IDEA_GENERATION,RESEARCH_PRIORITY_ONLY_NO_TRADE_AUTHORITY,3b0bbbadd74df3385a4a15be215ca6bada09cb30f52bac3f26462d6be04bceb3,FMDL4A-EV-688425.SH-7e6c5812579f6063,idea-generation,"[""idea-generation""]",HANDOFF_READY_RESEARCH_NOT_STARTED,NOT_CREATED_FMDL4B,False,NONE
2026-07-17,83,C_SCREEN_FLAG_ONLY,600428.SH,中远海特,SH,SH_MAIN,ACTIVE,,TREND_PERSISTENCE,TREND_PERSISTENCE|LIQUID_BREAKOUT,2,26,0.375,0.90077406,0.53273222,0.02,0.55273222,WITHIN_SLEEVE_RANK_PERCENTILE_PLUS_RAW_SCORE,ELIGIBLE_CORE,VALID,A,0,617576464.95,0.3435114503816794,0.1798882681564246,0.4042553191489364,0.7283142389525368,-0.0018903591682418,0.4976723624433435,-0.2208333333333332,eec4aeffbed8e609fbb63af2cc2086c99f362b82d8b2c638665ea3ec13d44eea,PUBLIC_EQUITY_INVESTING_IDEA_GENERATION,RESEARCH_PRIORITY_ONLY_NO_TRADE_AUTHORITY,531e015bfe95104eca628b54fe6b1f7bd2bc51648b69a83006653a0a0308d251,FMDL4A-EV-600428.SH-98ce58ad61cab0f1,idea-generation,"[""idea-generation""]",HANDOFF_READY_RESEARCH_NOT_STARTED,NOT_CREATED_FMDL4B,False,NONE
2026-07-17,84,C_SCREEN_FLAG_ONLY,603983.SH,丸美生物,SH,SH_MAIN,ACTIVE,,RECOVERY_WATCH,RECOVERY_WATCH,1,18,0.43333333,0.82426389,0.5506125,0.0,0.5506125,WITHIN_SLEEVE_RANK_PERCENTILE_PLUS_RAW_SCORE,ELIGIBLE_CORE,VALID,A,0,206594700.75,0.3080035971223023,0.1782098015390845,-0.154606219122348,-0.2985290571497467,-0.3473188243212923,0.4802237740411262,-0.365298172010788,9c737bfaf42176fd129910097d65d8fbd9558231cb32b27545c48d46b760eb4a,PUBLIC_EQUITY_INVESTING_IDEA_GENERATION,RESEARCH_PRIORITY_ONLY_NO_TRADE_AUTHORITY,1c0e54386725141ca1050446f1018c01250b4d76e742817193edc154001c1d6a,FMDL4A-EV-603983.SH-3928fe5c2c4a5fb2,idea-generation,"[""idea-generation""]",HANDOFF_READY_RESEARCH_NOT_STARTED,NOT_CREATED_FMDL4B,False,NONE
2026-07-17,85,C_SCREEN_FLAG_ONLY,600236.SH,桂冠电力,SH,SH_MAIN,ACTIVE,,TREND_PERSISTENCE,TREND_PERSISTENCE,1,25,0.4,0.90146238,0.55043871,0.0,0.55043871,WITHIN_SLEEVE_RANK_PERCENTILE_PLUS_RAW_SCORE,ELIGIBLE_CORE,VALID,A,0,151898023.6,0.1543478260869566,0.0662650602409637,0.3511450381679388,0.6465116279069765,-0.1030405405405405,0.5710272524953028,-0.2584459459459459,1752632eb264ac9c59e6e80801110db541d26ed8ce7512f98b79c0e9a6d48e3d,PUBLIC_EQUITY_INVESTING_IDEA_GENERATION,RESEARCH_PRIORITY_ONLY_NO_TRADE_AUTHORITY,9196a9a0147a7924a1df9e55aea6622f94cc312fcdf770f773e342283d2646a5,FMDL4A-EV-600236.SH-4d45828b0ed46e82,idea-generation,"[""idea-generation""]",HANDOFF_READY_RESEARCH_NOT_STARTED,NOT_CREATED_FMDL4B,False,NONE
2026-07-17,86,C_SCREEN_FLAG_ONLY,603991.SH,领先股份,SH,SH_MAIN,ACTIVE,,LIQUID_BREAKOUT,LIQUID_BREAKOUT,1,25,0.4,0.8948644,0.54845932,0.0,0.54845932,WITHIN_SLEEVE_RANK_PERCENTILE_PLUS_RAW_SCORE,ELIGIBLE_CORE,VALID,A,0,1146537114.3,0.0855887115429099,0.2008700102354146,0.827729456056082,1.0747126436781609,-0.1572488926134323,0.7673098300270216,-0.2089027723545491,13b23d4c64ce453c9f5536d745090e090fef7a8154d693f3918ccd88122967e4,PUBLIC_EQUITY_INVESTING_IDEA_GENERATION,RESEARCH_PRIORITY_ONLY_NO_TRADE_AUTHORITY,a52d41e814908d4e87e6d2c531c8ba52449b05ee3b63ef33bf38f5a6361e92b5,FMDL4A-EV-603991.SH-98fac4e4900d5849,idea-generation,"[""idea-generation""]",HANDOFF_READY_RESEARCH_NOT_STARTED,NOT_CREATED_FMDL4B,False,NONE
2026-07-17,87,C_SCREEN_FLAG_ONLY,601006.SH,大秦铁路,SH,SH_MAIN,ACTIVE,,DEFENSIVE_STABILITY,DEFENSIVE_STABILITY,1,26,0.375,0.92284989,0.53935497,0.0,0.53935497,WITHIN_SLEEVE_RANK_PERCENTILE_PLUS_RAW_SCORE,ELIGIBLE_CORE,VALID,A,0,539923210.4,-0.0167014613778705,-0.074656188605108,-0.0348360655737705,-0.2427652733118971,-0.2742681047765793,0.1861279015201344,-0.1679104477611941,66faa2c3b272de60d7743fc264521ac1654f628db2cb80163ed23e77f1c4b109,PUBLIC_EQUITY_INVESTING_IDEA_GENERATION,RESEARCH_PRIORITY_ONLY_NO_TRADE_AUTHORITY,fcbf00c21b611cefcfc9fbb2dfeb50b454d9d5418bacd4adb5d2dc02b4b771da,FMDL4A-EV-601006.SH-2054a88f34a27204,idea-generation,"[""idea-generation""]",HANDOFF_READY_RESEARCH_NOT_STARTED,NOT_CREATED_FMDL4B,False,NONE
2026-07-17,88,C_SCREEN_FLAG_ONLY,300592.SZ,华凯易佰,SZ,CHINEXT,ACTIVE,F 批发零售,LIQUID_BREAKOUT,LIQUID_BREAKOUT,1,26,0.375,0.89459889,0.53087967,0.0,0.53087967,WITHIN_SLEEVE_RANK_PERCENTILE_PLUS_RAW_SCORE,ELIGIBLE_CORE,VALID,A,0,418907476.9,0.4195162635529608,0.2570162481536189,0.346518987341772,0.5458673932788374,-0.1051524710830704,0.7513418373844962,-0.266220735785953,2000a292171d20b409eaac0861e57df0cfe619015cb5f5e57f4504714c56759b,PUBLIC_EQUITY_INVESTING_IDEA_GENERATION,RESEARCH_PRIORITY_ONLY_NO_TRADE_AUTHORITY,307f160edfc6905b8922b99db9099a3654037a63e572697a78bdd012ed166328,FMDL4A-EV-300592.SZ-5d597536d7291141,idea-generation,"[""idea-generation""]",HANDOFF_READY_RESEARCH_NOT_STARTED,NOT_CREATED_FMDL4B,False,NONE
2026-07-17,89,C_SCREEN_FLAG_ONLY,301080.SZ,百普赛斯,SZ,CHINEXT,ACTIVE,M 科研服务,RECOVERY_WATCH,RECOVERY_WATCH,1,19,0.4,0.81979731,0.52593919,0.0,0.52593919,WITHIN_SLEEVE_RANK_PERCENTILE_PLUS_RAW_SCORE,ELIGIBLE_CORE,VALID,A,0,342894765.65,0.1970784847734588,0.0344458707744972,-0.187804468335293,0.0149034424853065,-0.2914712778429073,0.4850314386328171,-0.4740621336459554,2fe036dff943d44a20689bdb756a60bb83b3a206e36976357d14173f91a0b3c6,PUBLIC_EQUITY_INVESTING_IDEA_GENERATION,RESEARCH_PRIORITY_ONLY_NO_TRADE_AUTHORITY,9b6450b5ee5786af272bffbb5a6d97463691e7fa532d390a7564705e98fd6fa5,FMDL4A-EV-301080.SZ-99c4bc8ae158f837,idea-generation,"[""idea-generation""]",HANDOFF_READY_RESEARCH_NOT_STARTED,NOT_CREATED_FMDL4B,False,NONE
2026-07-17,90,C_SCREEN_FLAG_ONLY,601658.SH,邮储银行,SH,SH_MAIN,ACTIVE,,DEFENSIVE_STABILITY,DEFENSIVE_STABILITY|RECOVERY_WATCH,2,28,0.325,0.92171385,0.50401416,0.02,0.52401416,WITHIN_SLEEVE_RANK_PERCENTILE_PLUS_RAW_SCORE,ELIGIBLE_CORE,VALID,A,0,795060567.8,0.0670859538784067,0.0019685039370078,0.0019685039370078,-0.0694698354661791,-0.1696574225122349,0.163176049820003,-0.066536203522505,90437067cd34de9d20172b87036ed3f7fb1b1e48d19d464b8bc37230d5d87a44,PUBLIC_EQUITY_INVESTING_IDEA_GENERATION,RESEARCH_PRIORITY_ONLY_NO_TRADE_AUTHORITY,2ab94ee7bd7d4e1cc36430d07a809977381c554dc48169f2f6fa0978df36d3e0,FMDL4A-EV-601658.SH-b3b3fe428adabb3c,idea-generation,"[""idea-generation""]",HANDOFF_READY_RESEARCH_NOT_STARTED,NOT_CREATED_FMDL4B,False,NONE
2026-07-17,91,C_SCREEN_FLAG_ONLY,000001.SZ,平安银行,SZ,SZ_MAIN,ACTIVE,J 金融业,DEFENSIVE_STABILITY,DEFENSIVE_STABILITY,1,27,0.35,0.9224152,0.52172456,0.0,0.52172456,WITHIN_SLEEVE_RANK_PERCENTILE_PLUS_RAW_SCORE,ELIGIBLE_CORE,VALID,A,0,1068975171.45,0.0247148288973384,0.006535947712418,-0.0155251141552511,-0.1105610561056105,-0.1376,0.1907003553701419,-0.1058718861209964,13e2db67bc2db3f381db2327f121018c5bdf8213ba0ac6393bea8297aa2aa1ad,PUBLIC_EQUITY_INVESTING_IDEA_GENERATION,RESEARCH_PRIORITY_ONLY_NO_TRADE_AUTHORITY,19816e0c689d5a293cf31a5cb93ed9dc10fcefdec2479e8bc66546c82e27098a,FMDL4A-EV-000001.SZ-c845be3a8b97bc55,idea-generation,"[""idea-generation""]",HANDOFF_READY_RESEARCH_NOT_STARTED,NOT_CREATED_FMDL4B,False,NONE
2026-07-17,92,C_SCREEN_FLAG_ONLY,603162.SH,海通发展,SH,SH_MAIN,ACTIVE,,TREND_PERSISTENCE,TREND_PERSISTENCE,1,27,0.35,0.90011201,0.5150336,0.0,0.5150336,WITHIN_SLEEVE_RANK_PERCENTILE_PLUS_RAW_SCORE,ELIGIBLE_CORE,VALID,A,0,345690188.0,0.1049317943336831,0.1119324181626186,0.2702050663449939,0.8637168141592919,-0.1887519260400617,0.5581907752588021,-0.3089368258859783,f2a5d71a59e213e8f7531d9b73705ae54f4c17b7edc0da17903715c79f398561,PUBLIC_EQUITY_INVESTING_IDEA_GENERATION,RESEARCH_PRIORITY_ONLY_NO_TRADE_AUTHORITY,4b89ea063678ce478d1412e2b93ea3e40952285f969e0a97b8a28e50b15d440e,FMDL4A-EV-603162.SH-c387125a405075f3,idea-generation,"[""idea-generation""]",HANDOFF_READY_RESEARCH_NOT_STARTED,NOT_CREATED_FMDL4B,False,NONE
2026-07-17,93,C_SCREEN_FLAG_ONLY,688728.SH,格科微,SH,STAR,ACTIVE,,RECOVERY_WATCH,RECOVERY_WATCH,1,20,0.36666667,0.81709014,0.50179371,0.0,0.50179371,WITHIN_SLEEVE_RANK_PERCENTILE_PLUS_RAW_SCORE,ELIGIBLE_CORE,VALID,A,0,1552676769.8,0.0661099512874043,0.1339748334566988,-0.0454828660436137,-0.0166880616174582,-0.3932673267326733,0.8794709277337202,-0.3932673267326733,41bc58dd58860c4452b0d3809730c46a3741fe0f63ca0aabbac8f0e6a0dc5e34,PUBLIC_EQUITY_INVESTING_IDEA_GENERATION,RESEARCH_PRIORITY_ONLY_NO_TRADE_AUTHORITY,f293a3faca446f349119995951a7649e5da35e4f5ef047a71dea1ae208aed6b8,FMDL4A-EV-688728.SH-f9b1bf6148ac36f5,idea-generation,"[""idea-generation""]",HANDOFF_READY_RESEARCH_NOT_STARTED,NOT_CREATED_FMDL4B,False,NONE
2026-07-17,94,C_SCREEN_FLAG_ONLY,600885.SH,宏发股份,SH,SH_MAIN,ACTIVE,,TREND_PERSISTENCE,TREND_PERSISTENCE,1,28,0.325,0.89997042,0.49749113,0.0,0.49749113,WITHIN_SLEEVE_RANK_PERCENTILE_PLUS_RAW_SCORE,ELIGIBLE_CORE,VALID,A,0,808043074.2,-0.1138028169014084,0.1042471042471042,0.0417218543046358,0.3994661921708184,-0.174061433447099,0.5255780762207811,-0.2490820073439412,26f18a4e4736c63d840b83105d031d3628749f1ff0e90b4b991393d2fe95353a,PUBLIC_EQUITY_INVESTING_IDEA_GENERATION,RESEARCH_PRIORITY_ONLY_NO_TRADE_AUTHORITY,f14c4f1e121976da7c268613be054721b233c671a6096a92508531e08e7690e1,FMDL4A-EV-600885.SH-be9a1be9fb32b054,idea-generation,"[""idea-generation""]",HANDOFF_READY_RESEARCH_NOT_STARTED,NOT_CREATED_FMDL4B,False,NONE
2026-07-17,95,C_SCREEN_FLAG_ONLY,688475.SH,萤石网络,SH,STAR,ACTIVE,,DEFENSIVE_STABILITY,DEFENSIVE_STABILITY,1,29,0.3,0.92144763,0.48643429,0.0,0.48643429,WITHIN_SLEEVE_RANK_PERCENTILE_PLUS_RAW_SCORE,ELIGIBLE_CORE,VALID,A,0,149350189.75,-0.0241758241758242,-0.0969491525423729,-0.1693171188026192,-0.1319648093841642,-0.2683328755836308,0.3045798079691617,-0.2034536891679749,2571af642b749c59b8b692205d1167b2351a50da15ee205a301bcdef065a54c5,PUBLIC_EQUITY_INVESTING_IDEA_GENERATION,RESEARCH_PRIORITY_ONLY_NO_TRADE_AUTHORITY,64e273a257b0ef38ee7cb1e4487a23ae4eaf0a8b0282bf62a81789e209ab1694,FMDL4A-EV-688475.SH-2ed076a1b5b8c855,idea-generation,"[""idea-generation""]",HANDOFF_READY_RESEARCH_NOT_STARTED,NOT_CREATED_FMDL4B,False,NONE
2026-07-17,96,C_SCREEN_FLAG_ONLY,300234.SZ,开尔新材,SZ,CHINEXT,ACTIVE,C 制造业,TREND_PERSISTENCE,TREND_PERSISTENCE,1,29,0.3,0.89578732,0.4787362,0.0,0.4787362,WITHIN_SLEEVE_RANK_PERCENTILE_PLUS_RAW_SCORE,ELIGIBLE_CORE,VALID,A,0,227774517.5,-0.2542986425339366,0.2996845425867509,0.403747870528109,0.5876685934489403,-0.2975277067348678,0.6782426074707718,-0.2975277067348678,72648e8249384042c70c676bfa9c76b4d95842a2974c192ab6caad8d39586db9,PUBLIC_EQUITY_INVESTING_IDEA_GENERATION,RESEARCH_PRIORITY_ONLY_NO_TRADE_AUTHORITY,c86979831f7d0f49a4eeef1633d8b294afb95d9f24300f3aa886acd21d7a13b9,FMDL4A-EV-300234.SZ-9d673f8f030cc6df,idea-generation,"[""idea-generation""]",HANDOFF_READY_RESEARCH_NOT_STARTED,NOT_CREATED_FMDL4B,False,NONE
2026-07-17,97,C_SCREEN_FLAG_ONLY,603725.SH,天安新材,SH,SH_MAIN,ACTIVE,,LIQUID_BREAKOUT,LIQUID_BREAKOUT,1,29,0.3,0.88653739,0.47596122,0.0,0.47596122,WITHIN_SLEEVE_RANK_PERCENTILE_PLUS_RAW_SCORE,ELIGIBLE_CORE,VALID,A,0,332143527.75,0.2393472348141432,0.5005488474204172,0.4389473684210525,0.571264367816092,-0.055286800276434,0.7368524732714556,-0.2142857142857143,49f29b185cb421309b8f4f568757b94ea65fba700962a6379493759646b53ade,PUBLIC_EQUITY_INVESTING_IDEA_GENERATION,RESEARCH_PRIORITY_ONLY_NO_TRADE_AUTHORITY,1319a5d7c79e7d005cf66171642c8d864737188d1b10c3f7a62bb541ad6c8dca,FMDL4A-EV-603725.SH-4a1ecb0b336a98f8,idea-generation,"[""idea-generation""]",HANDOFF_READY_RESEARCH_NOT_STARTED,NOT_CREATED_FMDL4B,False,NONE
2026-07-17,98,C_SCREEN_FLAG_ONLY,601166.SH,兴业银行,SH,SH_MAIN,ACTIVE,,DEFENSIVE_STABILITY,DEFENSIVE_STABILITY,1,30,0.275,0.92032529,0.46859759,0.0,0.46859759,WITHIN_SLEEVE_RANK_PERCENTILE_PLUS_RAW_SCORE,ELIGIBLE_CORE,VALID,A,0,1717542733.85,0.0248267898383371,-0.0067151650811416,-0.0755208333333332,-0.2523167649536646,-0.252946127946128,0.1883104931529063,-0.1275026343519495,3be792dc80ed5001d58f2afe6da68d4ce63ad4fc656bddb71950a6ed2d7ae22b,PUBLIC_EQUITY_INVESTING_IDEA_GENERATION,RESEARCH_PRIORITY_ONLY_NO_TRADE_AUTHORITY,4ab5f278b5800df48cf95eacf8b13f278a752d1f884aed35fe80ec8d29cf06c8,FMDL4A-EV-601166.SH-199a45e1709f035f,idea-generation,"[""idea-generation""]",HANDOFF_READY_RESEARCH_NOT_STARTED,NOT_CREATED_FMDL4B,False,NONE
2026-07-17,99,C_SCREEN_FLAG_ONLY,601168.SH,西部矿业,SH,SH_MAIN,ACTIVE,,TREND_PERSISTENCE,TREND_PERSISTENCE,1,30,0.275,0.89326051,0.46047815,0.0,0.46047815,WITHIN_SLEEVE_RANK_PERCENTILE_PLUS_RAW_SCORE,ELIGIBLE_CORE,VALID,A,0,1919880042.95,-0.0031496062992126,0.09364201796821,0.0329634464751957,0.862860506180106,-0.1971080669710807,0.5972707724480522,-0.3754439370877727,966e2ab3ade6986ae3c4a427052136e1dacdb36ad5185d193efc5543ea6e1b62,PUBLIC_EQUITY_INVESTING_IDEA_GENERATION,RESEARCH_PRIORITY_ONLY_NO_TRADE_AUTHORITY,9c6d15ab452340d52e0fdc732238bb94431c4682b008c9109eda5e62f8ebf0b9,FMDL4A-EV-601168.SH-9a98007e49cce37c,idea-generation,"[""idea-generation""]",HANDOFF_READY_RESEARCH_NOT_STARTED,NOT_CREATED_FMDL4B,False,NONE
2026-07-17,100,C_SCREEN_FLAG_ONLY,600999.SH,招商证券,SH,SH_MAIN,ACTIVE,,LIQUID_BREAKOUT,LIQUID_BREAKOUT,1,30,0.275,0.88631327,0.45839398,0.0,0.45839398,WITHIN_SLEEVE_RANK_PERCENTILE_PLUS_RAW_SCORE,ELIGIBLE_CORE,VALID,A,0,3249152655.0,0.0407040704070407,0.2374100719424461,0.1363363363363365,0.1445856019358742,-0.1572383073496658,0.4134935153106757,-0.1572383073496658,326a731c6921cce1a98f71cb6175710f674e58e26e3b0b9d2141b1545c25949c,PUBLIC_EQUITY_INVESTING_IDEA_GENERATION,RESEARCH_PRIORITY_ONLY_NO_TRADE_AUTHORITY,4c4502d98385d5ad1c1b377d4b092f6583b4e642da694fc5a1053dabf0c6b974,FMDL4A-EV-600999.SH-28bdbf80ecc9dc92,idea-generation,"[""idea-generation""]",HANDOFF_READY_RESEARCH_NOT_STARTED,NOT_CREATED_FMDL4B,False,NONE
