security_code,security_name,historical_core20,new_research_longlist,overlap,new_longlist_rank,core20_review_disposition,proposed_route,candidate_membership_mutation,trade_authority
000099,中信海直,False,True,False,31.0,,NEW_RESEARCH_LONGLIST,0,NONE
000333,美的集团,True,False,False,,WATCHLIST_RESEARCH_GAP,WATCHLIST_RESEARCH_GAP,0,NONE
000426,兴业银锡,False,True,False,35.0,,NEW_RESEARCH_LONGLIST,0,NONE
000600,建投能源,False,True,False,32.0,,NEW_RESEARCH_LONGLIST,0,NONE
000690,宝新能源,False,True,False,20.0,,NEW_RESEARCH_LONGLIST,0,NONE
000719,中原传媒,False,True,False,30.0,,NEW_RESEARCH_LONGLIST,0,NONE
000791,甘肃能源,False,True,False,15.0,,NEW_RESEARCH_LONGLIST,0,NONE
000792,盐湖股份,False,True,False,11.0,,NEW_RESEARCH_LONGLIST,0,NONE
000828,东莞控股,False,True,False,25.0,,NEW_RESEARCH_LONGLIST,0,NONE
000975,山金国际,False,True,False,21.0,,NEW_RESEARCH_LONGLIST,0,NONE
001210,金房能源,False,True,False,43.0,,NEW_RESEARCH_LONGLIST,0,NONE
001286,陕西能源,False,True,False,36.0,,NEW_RESEARCH_LONGLIST,0,NONE
001316,润贝航科,False,True,False,41.0,,NEW_RESEARCH_LONGLIST,0,NONE
002033,丽江股份,False,True,False,42.0,,NEW_RESEARCH_LONGLIST,0,NONE
002039,黔源电力,False,True,False,26.0,,NEW_RESEARCH_LONGLIST,0,NONE
002128,电投能源,False,True,False,14.0,,NEW_RESEARCH_LONGLIST,0,NONE
002170,芭田股份,False,True,False,8.0,,NEW_RESEARCH_LONGLIST,0,NONE
002371,北方华创,True,False,False,,WATCHLIST_RESEARCH_GAP,WATCHLIST_RESEARCH_GAP,0,NONE
002475,立讯精密,True,False,False,,WATCHLIST_RESEARCH_GAP,WATCHLIST_RESEARCH_GAP,0,NONE
002517,恺英网络,False,True,False,27.0,,NEW_RESEARCH_LONGLIST,0,NONE
002555,三七互娱,False,True,False,19.0,,NEW_RESEARCH_LONGLIST,0,NONE
002558,巨人网络,False,True,False,23.0,,NEW_RESEARCH_LONGLIST,0,NONE
002602,世纪华通,False,True,False,4.0,,NEW_RESEARCH_LONGLIST,0,NONE
002603,以岭药业,False,True,False,6.0,,NEW_RESEARCH_LONGLIST,0,NONE
002780,三夫户外,False,True,False,45.0,,NEW_RESEARCH_LONGLIST,0,NONE
002901,大博医疗,False,True,False,7.0,,NEW_RESEARCH_LONGLIST,0,NONE
002967,广电计量,False,True,False,17.0,,NEW_RESEARCH_LONGLIST,0,NONE
300012,华测检测,False,True,False,16.0,,NEW_RESEARCH_LONGLIST,0,NONE
300113,顺网科技,False,True,False,34.0,,NEW_RESEARCH_LONGLIST,0,NONE
300139,晓程科技,False,True,False,22.0,,NEW_RESEARCH_LONGLIST,0,NONE
300140,节能环境,False,True,False,33.0,,NEW_RESEARCH_LONGLIST,0,NONE
300143,盈康生命,False,True,False,52.0,,NEW_RESEARCH_LONGLIST,0,NONE
300308,中际旭创,False,True,False,13.0,,NEW_RESEARCH_LONGLIST,0,NONE
300492,华图山鼎,False,True,False,51.0,,NEW_RESEARCH_LONGLIST,0,NONE
300573,兴齐眼药,False,True,False,10.0,,NEW_RESEARCH_LONGLIST,0,NONE
300592,华凯易佰,False,True,False,39.0,,NEW_RESEARCH_LONGLIST,0,NONE
300613,富瀚微,False,True,False,37.0,,NEW_RESEARCH_LONGLIST,0,NONE
300622,博士眼镜,False,True,False,47.0,,NEW_RESEARCH_LONGLIST,0,NONE
300750,宁德时代,True,False,False,,READMISSION_REVIEW,READMISSION_REVIEW,0,NONE
300760,迈瑞医疗,True,False,False,,WATCHLIST_RESEARCH_GAP,WATCHLIST_RESEARCH_GAP,0,NONE
300797,钢研纳克,False,True,False,48.0,,NEW_RESEARCH_LONGLIST,0,NONE
300859,西域旅游,False,True,False,49.0,,NEW_RESEARCH_LONGLIST,0,NONE
300873,海晨股份,False,True,False,53.0,,NEW_RESEARCH_LONGLIST,0,NONE
300938,信测标准,False,True,False,29.0,,NEW_RESEARCH_LONGLIST,0,NONE
300970,华绿生物,False,True,False,44.0,,NEW_RESEARCH_LONGLIST,0,NONE
300972,万辰集团,False,True,False,18.0,,NEW_RESEARCH_LONGLIST,0,NONE
301109,军信股份,False,True,False,24.0,,NEW_RESEARCH_LONGLIST,0,NONE
301215,中汽股份,False,True,False,40.0,,NEW_RESEARCH_LONGLIST,0,NONE
301230,泓博医药,False,True,False,46.0,,NEW_RESEARCH_LONGLIST,0,NONE
301267,华厦眼科,False,True,False,28.0,,NEW_RESEARCH_LONGLIST,0,NONE
301305,朗坤科技,False,True,False,50.0,,NEW_RESEARCH_LONGLIST,0,NONE
301381,赛维时代,False,True,False,38.0,,NEW_RESEARCH_LONGLIST,0,NONE
600036,招商银行,True,False,False,,SEPARATE_PROFILE_REVIEW_REQUIRED,SEPARATE_PROFILE_REVIEW_REQUIRED,0,NONE
600276,恒瑞医药,True,False,False,,READMISSION_REVIEW,READMISSION_REVIEW,0,NONE
600309,万华化学,True,False,False,,WATCHLIST_RESEARCH_GAP,WATCHLIST_RESEARCH_GAP,0,NONE
600406,国电南瑞,True,False,False,,READMISSION_REVIEW,READMISSION_REVIEW,0,NONE
600519,贵州茅台,True,False,False,,WATCHLIST_RESEARCH_GAP,WATCHLIST_RESEARCH_GAP,0,NONE
600660,福耀玻璃,True,False,False,,WATCHLIST_RESEARCH_GAP,WATCHLIST_RESEARCH_GAP,0,NONE
600690,海尔智家,True,False,False,,WATCHLIST_RESEARCH_GAP,WATCHLIST_RESEARCH_GAP,0,NONE
600900,长江电力,True,False,False,,READMISSION_REVIEW_PRIORITY,READMISSION_REVIEW_PRIORITY,0,NONE
600938,中国海油,True,False,False,,READMISSION_REVIEW,READMISSION_REVIEW,0,NONE
600941,中国移动,True,False,False,,READMISSION_REVIEW,READMISSION_REVIEW,0,NONE
601088,中国神华,True,False,False,,READMISSION_REVIEW,READMISSION_REVIEW,0,NONE
601138,工业富联,True,False,False,,WATCHLIST_RESEARCH_GAP,WATCHLIST_RESEARCH_GAP,0,NONE
601318,中国平安,True,False,False,,SEPARATE_PROFILE_REVIEW_REQUIRED,SEPARATE_PROFILE_REVIEW_REQUIRED,0,NONE
601899,紫金矿业,True,False,False,,WATCHLIST_RESEARCH_GAP,WATCHLIST_RESEARCH_GAP,0,NONE
601985,中国核电,True,False,False,,THESIS_REBUILD_REQUIRED_BEFORE_CANDIDATE_DECISION,THESIS_REBUILD_REQUIRED_BEFORE_CANDIDATE_DECISION,0,NONE
603379,三美股份,False,True,False,3.0,,NEW_RESEARCH_LONGLIST,0,NONE
603444,吉比特,False,True,False,1.0,,NEW_RESEARCH_LONGLIST,0,NONE
688002,睿创微纳,False,True,False,2.0,,NEW_RESEARCH_LONGLIST,0,NONE
688266,泽璟制药,False,True,False,9.0,,NEW_RESEARCH_LONGLIST,0,NONE
688578,艾力斯,False,True,False,5.0,,NEW_RESEARCH_LONGLIST,0,NONE
688617,惠泰医疗,False,True,False,12.0,,NEW_RESEARCH_LONGLIST,0,NONE
