security_code,sh_status,sz_status,combined_status,buy_eligible,sell_only,as_of_date
00001,BUY_ELIGIBLE,BUY_ELIGIBLE,BUY_ELIGIBLE_BOTH,True,False,2026-08-07
00002,BUY_ELIGIBLE,BUY_ELIGIBLE,BUY_ELIGIBLE_BOTH,True,False,2026-08-07
00003,BUY_ELIGIBLE,BUY_ELIGIBLE,BUY_ELIGIBLE_BOTH,True,False,2026-08-07
00004,BUY_ELIGIBLE,BUY_ELIGIBLE,BUY_ELIGIBLE_BOTH,True,False,2026-08-07
00005,BUY_ELIGIBLE,BUY_ELIGIBLE,BUY_ELIGIBLE_BOTH,True,False,2026-08-07
00006,BUY_ELIGIBLE,BUY_ELIGIBLE,BUY_ELIGIBLE_BOTH,True,False,2026-08-07
00008,BUY_ELIGIBLE,BUY_ELIGIBLE,BUY_ELIGIBLE_BOTH,True,False,2026-08-07
00010,BUY_ELIGIBLE,BUY_ELIGIBLE,BUY_ELIGIBLE_BOTH,True,False,2026-08-07
00011,SELL_ONLY,SELL_ONLY,SELL_ONLY,False,True,2026-08-07
00012,BUY_ELIGIBLE,BUY_ELIGIBLE,BUY_ELIGIBLE_BOTH,True,False,2026-08-07
00013,BUY_ELIGIBLE,BUY_ELIGIBLE,BUY_ELIGIBLE_BOTH,True,False,2026-08-07
00014,BUY_ELIGIBLE,BUY_ELIGIBLE,BUY_ELIGIBLE_BOTH,True,False,2026-08-07
00016,BUY_ELIGIBLE,BUY_ELIGIBLE,BUY_ELIGIBLE_BOTH,True,False,2026-08-07
00017,BUY_ELIGIBLE,BUY_ELIGIBLE,BUY_ELIGIBLE_BOTH,True,False,2026-08-07
00019,BUY_ELIGIBLE,BUY_ELIGIBLE,BUY_ELIGIBLE_BOTH,True,False,2026-08-07
00020,BUY_ELIGIBLE,BUY_ELIGIBLE,BUY_ELIGIBLE_BOTH,True,False,2026-08-07
00023,BUY_ELIGIBLE,BUY_ELIGIBLE,BUY_ELIGIBLE_BOTH,True,False,2026-08-07
00027,BUY_ELIGIBLE,BUY_ELIGIBLE,BUY_ELIGIBLE_BOTH,True,False,2026-08-07
00038,BUY_ELIGIBLE,BUY_ELIGIBLE,BUY_ELIGIBLE_BOTH,True,False,2026-08-07
00041,BUY_ELIGIBLE,BUY_ELIGIBLE,BUY_ELIGIBLE_BOTH,True,False,2026-08-07
00066,BUY_ELIGIBLE,BUY_ELIGIBLE,BUY_ELIGIBLE_BOTH,True,False,2026-08-07
00081,BUY_ELIGIBLE,BUY_ELIGIBLE,BUY_ELIGIBLE_BOTH,True,False,2026-08-07
00083,BUY_ELIGIBLE,BUY_ELIGIBLE,BUY_ELIGIBLE_BOTH,True,False,2026-08-07
00087,BUY_ELIGIBLE,BUY_ELIGIBLE,BUY_ELIGIBLE_BOTH,True,False,2026-08-07
00100,BUY_ELIGIBLE,BUY_ELIGIBLE,BUY_ELIGIBLE_BOTH,True,False,2026-08-07
00101,BUY_ELIGIBLE,BUY_ELIGIBLE,BUY_ELIGIBLE_BOTH,True,False,2026-08-07
00107,BUY_ELIGIBLE,BUY_ELIGIBLE,BUY_ELIGIBLE_BOTH,True,False,2026-08-07
00119,BUY_ELIGIBLE,BUY_ELIGIBLE,BUY_ELIGIBLE_BOTH,True,False,2026-08-07
00123,BUY_ELIGIBLE,BUY_ELIGIBLE,BUY_ELIGIBLE_BOTH,True,False,2026-08-07
00135,BUY_ELIGIBLE,BUY_ELIGIBLE,BUY_ELIGIBLE_BOTH,True,False,2026-08-07
00136,BUY_ELIGIBLE,BUY_ELIGIBLE,BUY_ELIGIBLE_BOTH,True,False,2026-08-07
00142,BUY_ELIGIBLE,BUY_ELIGIBLE,BUY_ELIGIBLE_BOTH,True,False,2026-08-07
00144,BUY_ELIGIBLE,BUY_ELIGIBLE,BUY_ELIGIBLE_BOTH,True,False,2026-08-07
00148,BUY_ELIGIBLE,BUY_ELIGIBLE,BUY_ELIGIBLE_BOTH,True,False,2026-08-07
00151,BUY_ELIGIBLE,BUY_ELIGIBLE,BUY_ELIGIBLE_BOTH,True,False,2026-08-07
00152,BUY_ELIGIBLE,BUY_ELIGIBLE,BUY_ELIGIBLE_BOTH,True,False,2026-08-07
00165,BUY_ELIGIBLE,BUY_ELIGIBLE,BUY_ELIGIBLE_BOTH,True,False,2026-08-07
00168,BUY_ELIGIBLE,BUY_ELIGIBLE,BUY_ELIGIBLE_BOTH,True,False,2026-08-07
00173,BUY_ELIGIBLE,BUY_ELIGIBLE,BUY_ELIGIBLE_BOTH,True,False,2026-08-07
00175,BUY_ELIGIBLE,BUY_ELIGIBLE,BUY_ELIGIBLE_BOTH,True,False,2026-08-07
00177,BUY_ELIGIBLE,BUY_ELIGIBLE,BUY_ELIGIBLE_BOTH,True,False,2026-08-07
00179,BUY_ELIGIBLE,BUY_ELIGIBLE,BUY_ELIGIBLE_BOTH,True,False,2026-08-07
00187,BUY_ELIGIBLE,BUY_ELIGIBLE,BUY_ELIGIBLE_BOTH,True,False,2026-08-07
00189,BUY_ELIGIBLE,BUY_ELIGIBLE,BUY_ELIGIBLE_BOTH,True,False,2026-08-07
00200,BUY_ELIGIBLE,BUY_ELIGIBLE,BUY_ELIGIBLE_BOTH,True,False,2026-08-07
00220,BUY_ELIGIBLE,BUY_ELIGIBLE,BUY_ELIGIBLE_BOTH,True,False,2026-08-07
00241,BUY_ELIGIBLE,BUY_ELIGIBLE,BUY_ELIGIBLE_BOTH,True,False,2026-08-07
00257,BUY_ELIGIBLE,BUY_ELIGIBLE,BUY_ELIGIBLE_BOTH,True,False,2026-08-07
00267,BUY_ELIGIBLE,BUY_ELIGIBLE,BUY_ELIGIBLE_BOTH,True,False,2026-08-07
00268,BUY_ELIGIBLE,BUY_ELIGIBLE,BUY_ELIGIBLE_BOTH,True,False,2026-08-07
00270,BUY_ELIGIBLE,BUY_ELIGIBLE,BUY_ELIGIBLE_BOTH,True,False,2026-08-07
00272,UNKNOWN_BLOCKED,SELL_ONLY,SELL_ONLY,False,True,2026-08-07
00285,BUY_ELIGIBLE,BUY_ELIGIBLE,BUY_ELIGIBLE_BOTH,True,False,2026-08-07
00288,BUY_ELIGIBLE,BUY_ELIGIBLE,BUY_ELIGIBLE_BOTH,True,False,2026-08-07
00290,BUY_ELIGIBLE,BUY_ELIGIBLE,BUY_ELIGIBLE_BOTH,True,False,2026-08-07
00291,BUY_ELIGIBLE,BUY_ELIGIBLE,BUY_ELIGIBLE_BOTH,True,False,2026-08-07
00293,BUY_ELIGIBLE,BUY_ELIGIBLE,BUY_ELIGIBLE_BOTH,True,False,2026-08-07
00297,BUY_ELIGIBLE,BUY_ELIGIBLE,BUY_ELIGIBLE_BOTH,True,False,2026-08-07
00300,BUY_ELIGIBLE,BUY_ELIGIBLE,BUY_ELIGIBLE_BOTH,True,False,2026-08-07
00303,BUY_ELIGIBLE,BUY_ELIGIBLE,BUY_ELIGIBLE_BOTH,True,False,2026-08-07
00308,BUY_ELIGIBLE,BUY_ELIGIBLE,BUY_ELIGIBLE_BOTH,True,False,2026-08-07
00316,BUY_ELIGIBLE,BUY_ELIGIBLE,BUY_ELIGIBLE_BOTH,True,False,2026-08-07
00317,BUY_ELIGIBLE,BUY_ELIGIBLE,BUY_ELIGIBLE_BOTH,True,False,2026-08-07
00322,BUY_ELIGIBLE,BUY_ELIGIBLE,BUY_ELIGIBLE_BOTH,True,False,2026-08-07
00323,BUY_ELIGIBLE,BUY_ELIGIBLE,BUY_ELIGIBLE_BOTH,True,False,2026-08-07
00325,BUY_ELIGIBLE,BUY_ELIGIBLE,BUY_ELIGIBLE_BOTH,True,False,2026-08-07
00327,UNKNOWN_BLOCKED,SELL_ONLY,SELL_ONLY,False,True,2026-08-07
00336,BUY_ELIGIBLE,BUY_ELIGIBLE,BUY_ELIGIBLE_BOTH,True,False,2026-08-07
00338,BUY_ELIGIBLE,BUY_ELIGIBLE,BUY_ELIGIBLE_BOTH,True,False,2026-08-07
00345,BUY_ELIGIBLE,BUY_ELIGIBLE,BUY_ELIGIBLE_BOTH,True,False,2026-08-07
00347,BUY_ELIGIBLE,BUY_ELIGIBLE,BUY_ELIGIBLE_BOTH,True,False,2026-08-07
00354,BUY_ELIGIBLE,BUY_ELIGIBLE,BUY_ELIGIBLE_BOTH,True,False,2026-08-07
00358,BUY_ELIGIBLE,BUY_ELIGIBLE,BUY_ELIGIBLE_BOTH,True,False,2026-08-07
00363,BUY_ELIGIBLE,BUY_ELIGIBLE,BUY_ELIGIBLE_BOTH,True,False,2026-08-07
00371,BUY_ELIGIBLE,BUY_ELIGIBLE,BUY_ELIGIBLE_BOTH,True,False,2026-08-07
00384,BUY_ELIGIBLE,BUY_ELIGIBLE,BUY_ELIGIBLE_BOTH,True,False,2026-08-07
00386,BUY_ELIGIBLE,BUY_ELIGIBLE,BUY_ELIGIBLE_BOTH,True,False,2026-08-07
00388,BUY_ELIGIBLE,BUY_ELIGIBLE,BUY_ELIGIBLE_BOTH,True,False,2026-08-07
00390,BUY_ELIGIBLE,BUY_ELIGIBLE,BUY_ELIGIBLE_BOTH,True,False,2026-08-07
00392,BUY_ELIGIBLE,BUY_ELIGIBLE,BUY_ELIGIBLE_BOTH,True,False,2026-08-07
00425,BUY_ELIGIBLE,BUY_ELIGIBLE,BUY_ELIGIBLE_BOTH,True,False,2026-08-07
00440,BUY_ELIGIBLE,BUY_ELIGIBLE,BUY_ELIGIBLE_BOTH,True,False,2026-08-07
00460,BUY_ELIGIBLE,BUY_ELIGIBLE,BUY_ELIGIBLE_BOTH,True,False,2026-08-07
00467,BUY_ELIGIBLE,BUY_ELIGIBLE,BUY_ELIGIBLE_BOTH,True,False,2026-08-07
00470,BUY_ELIGIBLE,BUY_ELIGIBLE,BUY_ELIGIBLE_BOTH,True,False,2026-08-07
00489,SELL_ONLY,SELL_ONLY,SELL_ONLY,False,True,2026-08-07
00501,BUY_ELIGIBLE,BUY_ELIGIBLE,BUY_ELIGIBLE_BOTH,True,False,2026-08-07
00506,BUY_ELIGIBLE,BUY_ELIGIBLE,BUY_ELIGIBLE_BOTH,True,False,2026-08-07
00512,BUY_ELIGIBLE,BUY_ELIGIBLE,BUY_ELIGIBLE_BOTH,True,False,2026-08-07
00522,BUY_ELIGIBLE,BUY_ELIGIBLE,BUY_ELIGIBLE_BOTH,True,False,2026-08-07
00525,BUY_ELIGIBLE,BUY_ELIGIBLE,BUY_ELIGIBLE_BOTH,True,False,2026-08-07
00537,BUY_ELIGIBLE,BUY_ELIGIBLE,BUY_ELIGIBLE_BOTH,True,False,2026-08-07
00546,BUY_ELIGIBLE,BUY_ELIGIBLE,BUY_ELIGIBLE_BOTH,True,False,2026-08-07
00548,BUY_ELIGIBLE,BUY_ELIGIBLE,BUY_ELIGIBLE_BOTH,True,False,2026-08-07
00551,BUY_ELIGIBLE,BUY_ELIGIBLE,BUY_ELIGIBLE_BOTH,True,False,2026-08-07
00552,BUY_ELIGIBLE,BUY_ELIGIBLE,BUY_ELIGIBLE_BOTH,True,False,2026-08-07
00553,BUY_ELIGIBLE,BUY_ELIGIBLE,BUY_ELIGIBLE_BOTH,True,False,2026-08-07
00564,BUY_ELIGIBLE,BUY_ELIGIBLE,BUY_ELIGIBLE_BOTH,True,False,2026-08-07
00568,BUY_ELIGIBLE,BUY_ELIGIBLE,BUY_ELIGIBLE_BOTH,True,False,2026-08-07
00570,BUY_ELIGIBLE,BUY_ELIGIBLE,BUY_ELIGIBLE_BOTH,True,False,2026-08-07
00576,BUY_ELIGIBLE,BUY_ELIGIBLE,BUY_ELIGIBLE_BOTH,True,False,2026-08-07
00586,BUY_ELIGIBLE,BUY_ELIGIBLE,BUY_ELIGIBLE_BOTH,True,False,2026-08-07
00588,BUY_ELIGIBLE,BUY_ELIGIBLE,BUY_ELIGIBLE_BOTH,True,False,2026-08-07
00590,BUY_ELIGIBLE,BUY_ELIGIBLE,BUY_ELIGIBLE_BOTH,True,False,2026-08-07
00598,BUY_ELIGIBLE,BUY_ELIGIBLE,BUY_ELIGIBLE_BOTH,True,False,2026-08-07
00604,BUY_ELIGIBLE,BUY_ELIGIBLE,BUY_ELIGIBLE_BOTH,True,False,2026-08-07
00631,BUY_ELIGIBLE,BUY_ELIGIBLE,BUY_ELIGIBLE_BOTH,True,False,2026-08-07
00636,BUY_ELIGIBLE,BUY_ELIGIBLE,BUY_ELIGIBLE_BOTH,True,False,2026-08-07
00638,BUY_ELIGIBLE,BUY_ELIGIBLE,BUY_ELIGIBLE_BOTH,True,False,2026-08-07
00639,BUY_ELIGIBLE,BUY_ELIGIBLE,BUY_ELIGIBLE_BOTH,True,False,2026-08-07
00656,BUY_ELIGIBLE,BUY_ELIGIBLE,BUY_ELIGIBLE_BOTH,True,False,2026-08-07
00659,BUY_ELIGIBLE,BUY_ELIGIBLE,BUY_ELIGIBLE_BOTH,True,False,2026-08-07
00666,BUY_ELIGIBLE,BUY_ELIGIBLE,BUY_ELIGIBLE_BOTH,True,False,2026-08-07
00667,BUY_ELIGIBLE,BUY_ELIGIBLE,BUY_ELIGIBLE_BOTH,True,False,2026-08-07
00668,BUY_ELIGIBLE,BUY_ELIGIBLE,BUY_ELIGIBLE_BOTH,True,False,2026-08-07
00669,BUY_ELIGIBLE,BUY_ELIGIBLE,BUY_ELIGIBLE_BOTH,True,False,2026-08-07
00670,BUY_ELIGIBLE,BUY_ELIGIBLE,BUY_ELIGIBLE_BOTH,True,False,2026-08-07
00683,BUY_ELIGIBLE,BUY_ELIGIBLE,BUY_ELIGIBLE_BOTH,True,False,2026-08-07
00688,BUY_ELIGIBLE,BUY_ELIGIBLE,BUY_ELIGIBLE_BOTH,True,False,2026-08-07
00694,UNKNOWN_BLOCKED,SELL_ONLY,SELL_ONLY,False,True,2026-08-07
00696,BUY_ELIGIBLE,BUY_ELIGIBLE,BUY_ELIGIBLE_BOTH,True,False,2026-08-07
00697,BUY_ELIGIBLE,BUY_ELIGIBLE,BUY_ELIGIBLE_BOTH,True,False,2026-08-07
00699,BUY_ELIGIBLE,BUY_ELIGIBLE,BUY_ELIGIBLE_BOTH,True,False,2026-08-07
00700,BUY_ELIGIBLE,BUY_ELIGIBLE,BUY_ELIGIBLE_BOTH,True,False,2026-08-07
00719,BUY_ELIGIBLE,BUY_ELIGIBLE,BUY_ELIGIBLE_BOTH,True,False,2026-08-07
00728,BUY_ELIGIBLE,BUY_ELIGIBLE,BUY_ELIGIBLE_BOTH,True,False,2026-08-07
00751,BUY_ELIGIBLE,BUY_ELIGIBLE,BUY_ELIGIBLE_BOTH,True,False,2026-08-07
00753,BUY_ELIGIBLE,BUY_ELIGIBLE,BUY_ELIGIBLE_BOTH,True,False,2026-08-07
00754,SELL_ONLY,SELL_ONLY,SELL_ONLY,False,True,2026-08-07
00762,BUY_ELIGIBLE,BUY_ELIGIBLE,BUY_ELIGIBLE_BOTH,True,False,2026-08-07
00763,BUY_ELIGIBLE,BUY_ELIGIBLE,BUY_ELIGIBLE_BOTH,True,False,2026-08-07
00772,BUY_ELIGIBLE,BUY_ELIGIBLE,BUY_ELIGIBLE_BOTH,True,False,2026-08-07
00777,UNKNOWN_BLOCKED,SELL_ONLY,SELL_ONLY,False,True,2026-08-07
00780,BUY_ELIGIBLE,BUY_ELIGIBLE,BUY_ELIGIBLE_BOTH,True,False,2026-08-07
00788,BUY_ELIGIBLE,BUY_ELIGIBLE,BUY_ELIGIBLE_BOTH,True,False,2026-08-07
00800,BUY_ELIGIBLE,BUY_ELIGIBLE,BUY_ELIGIBLE_BOTH,True,False,2026-08-07
00811,BUY_ELIGIBLE,BUY_ELIGIBLE,BUY_ELIGIBLE_BOTH,True,False,2026-08-07
00817,BUY_ELIGIBLE,BUY_ELIGIBLE,BUY_ELIGIBLE_BOTH,True,False,2026-08-07
00819,BUY_ELIGIBLE,BUY_ELIGIBLE,BUY_ELIGIBLE_BOTH,True,False,2026-08-07
00826,BUY_ELIGIBLE,BUY_ELIGIBLE,BUY_ELIGIBLE_BOTH,True,False,2026-08-07
00836,BUY_ELIGIBLE,BUY_ELIGIBLE,BUY_ELIGIBLE_BOTH,True,False,2026-08-07
00839,BUY_ELIGIBLE,BUY_ELIGIBLE,BUY_ELIGIBLE_BOTH,True,False,2026-08-07
00853,BUY_ELIGIBLE,BUY_ELIGIBLE,BUY_ELIGIBLE_BOTH,True,False,2026-08-07
00855,BUY_ELIGIBLE,BUY_ELIGIBLE,BUY_ELIGIBLE_BOTH,True,False,2026-08-07
00856,BUY_ELIGIBLE,BUY_ELIGIBLE,BUY_ELIGIBLE_BOTH,True,False,2026-08-07
00857,BUY_ELIGIBLE,BUY_ELIGIBLE,BUY_ELIGIBLE_BOTH,True,False,2026-08-07
00861,UNKNOWN_BLOCKED,SELL_ONLY,SELL_ONLY,False,True,2026-08-07
00867,BUY_ELIGIBLE,BUY_ELIGIBLE,BUY_ELIGIBLE_BOTH,True,False,2026-08-07
00868,BUY_ELIGIBLE,BUY_ELIGIBLE,BUY_ELIGIBLE_BOTH,True,False,2026-08-07
00874,BUY_ELIGIBLE,BUY_ELIGIBLE,BUY_ELIGIBLE_BOTH,True,False,2026-08-07
00880,BUY_ELIGIBLE,BUY_ELIGIBLE,BUY_ELIGIBLE_BOTH,True,False,2026-08-07
00881,BUY_ELIGIBLE,BUY_ELIGIBLE,BUY_ELIGIBLE_BOTH,True,False,2026-08-07
00883,BUY_ELIGIBLE,BUY_ELIGIBLE,BUY_ELIGIBLE_BOTH,True,False,2026-08-07
00895,BUY_ELIGIBLE,BUY_ELIGIBLE,BUY_ELIGIBLE_BOTH,True,False,2026-08-07
00902,BUY_ELIGIBLE,BUY_ELIGIBLE,BUY_ELIGIBLE_BOTH,True,False,2026-08-07
00909,BUY_ELIGIBLE,BUY_ELIGIBLE,BUY_ELIGIBLE_BOTH,True,False,2026-08-07
00914,BUY_ELIGIBLE,BUY_ELIGIBLE,BUY_ELIGIBLE_BOTH,True,False,2026-08-07
00916,BUY_ELIGIBLE,BUY_ELIGIBLE,BUY_ELIGIBLE_BOTH,True,False,2026-08-07
00917,BUY_ELIGIBLE,BUY_ELIGIBLE,BUY_ELIGIBLE_BOTH,True,False,2026-08-07
00921,BUY_ELIGIBLE,BUY_ELIGIBLE,BUY_ELIGIBLE_BOTH,True,False,2026-08-07
00934,BUY_ELIGIBLE,BUY_ELIGIBLE,BUY_ELIGIBLE_BOTH,True,False,2026-08-07
00939,BUY_ELIGIBLE,BUY_ELIGIBLE,BUY_ELIGIBLE_BOTH,True,False,2026-08-07
00941,BUY_ELIGIBLE,BUY_ELIGIBLE,BUY_ELIGIBLE_BOTH,True,False,2026-08-07
00956,BUY_ELIGIBLE,BUY_ELIGIBLE,BUY_ELIGIBLE_BOTH,True,False,2026-08-07
00960,BUY_ELIGIBLE,BUY_ELIGIBLE,BUY_ELIGIBLE_BOTH,True,False,2026-08-07
00966,BUY_ELIGIBLE,BUY_ELIGIBLE,BUY_ELIGIBLE_BOTH,True,False,2026-08-07
00968,BUY_ELIGIBLE,BUY_ELIGIBLE,BUY_ELIGIBLE_BOTH,True,False,2026-08-07
00975,BUY_ELIGIBLE,BUY_ELIGIBLE,BUY_ELIGIBLE_BOTH,True,False,2026-08-07
00981,BUY_ELIGIBLE,BUY_ELIGIBLE,BUY_ELIGIBLE_BOTH,True,False,2026-08-07
00990,BUY_ELIGIBLE,BUY_ELIGIBLE,BUY_ELIGIBLE_BOTH,True,False,2026-08-07
00991,BUY_ELIGIBLE,BUY_ELIGIBLE,BUY_ELIGIBLE_BOTH,True,False,2026-08-07
00992,BUY_ELIGIBLE,BUY_ELIGIBLE,BUY_ELIGIBLE_BOTH,True,False,2026-08-07
00995,BUY_ELIGIBLE,BUY_ELIGIBLE,BUY_ELIGIBLE_BOTH,True,False,2026-08-07
00998,BUY_ELIGIBLE,BUY_ELIGIBLE,BUY_ELIGIBLE_BOTH,True,False,2026-08-07
00999,BUY_ELIGIBLE,BUY_ELIGIBLE,BUY_ELIGIBLE_BOTH,True,False,2026-08-07
01024,BUY_ELIGIBLE,BUY_ELIGIBLE,BUY_ELIGIBLE_BOTH,True,False,2026-08-07
01030,BUY_ELIGIBLE,BUY_ELIGIBLE,BUY_ELIGIBLE_BOTH,True,False,2026-08-07
01033,BUY_ELIGIBLE,BUY_ELIGIBLE,BUY_ELIGIBLE_BOTH,True,False,2026-08-07
01038,BUY_ELIGIBLE,BUY_ELIGIBLE,BUY_ELIGIBLE_BOTH,True,False,2026-08-07
01044,BUY_ELIGIBLE,BUY_ELIGIBLE,BUY_ELIGIBLE_BOTH,True,False,2026-08-07
01052,BUY_ELIGIBLE,BUY_ELIGIBLE,BUY_ELIGIBLE_BOTH,True,False,2026-08-07
01053,BUY_ELIGIBLE,BUY_ELIGIBLE,BUY_ELIGIBLE_BOTH,True,False,2026-08-07
01055,BUY_ELIGIBLE,BUY_ELIGIBLE,BUY_ELIGIBLE_BOTH,True,False,2026-08-07
01057,BUY_ELIGIBLE,BUY_ELIGIBLE,BUY_ELIGIBLE_BOTH,True,False,2026-08-07
01060,BUY_ELIGIBLE,BUY_ELIGIBLE,BUY_ELIGIBLE_BOTH,True,False,2026-08-07
01065,BUY_ELIGIBLE,BUY_ELIGIBLE,BUY_ELIGIBLE_BOTH,True,False,2026-08-07
01066,BUY_ELIGIBLE,BUY_ELIGIBLE,BUY_ELIGIBLE_BOTH,True,False,2026-08-07
01070,BUY_ELIGIBLE,BUY_ELIGIBLE,BUY_ELIGIBLE_BOTH,True,False,2026-08-07
01071,BUY_ELIGIBLE,BUY_ELIGIBLE,BUY_ELIGIBLE_BOTH,True,False,2026-08-07
01072,BUY_ELIGIBLE,BUY_ELIGIBLE,BUY_ELIGIBLE_BOTH,True,False,2026-08-07
01081,BUY_ELIGIBLE,BUY_ELIGIBLE,BUY_ELIGIBLE_BOTH,True,False,2026-08-07
01083,BUY_ELIGIBLE,BUY_ELIGIBLE,BUY_ELIGIBLE_BOTH,True,False,2026-08-07
01088,BUY_ELIGIBLE,BUY_ELIGIBLE,BUY_ELIGIBLE_BOTH,True,False,2026-08-07
01093,BUY_ELIGIBLE,BUY_ELIGIBLE,BUY_ELIGIBLE_BOTH,True,False,2026-08-07
01099,BUY_ELIGIBLE,BUY_ELIGIBLE,BUY_ELIGIBLE_BOTH,True,False,2026-08-07
01108,BUY_ELIGIBLE,BUY_ELIGIBLE,BUY_ELIGIBLE_BOTH,True,False,2026-08-07
01109,BUY_ELIGIBLE,BUY_ELIGIBLE,BUY_ELIGIBLE_BOTH,True,False,2026-08-07
01112,BUY_ELIGIBLE,BUY_ELIGIBLE,BUY_ELIGIBLE_BOTH,True,False,2026-08-07
01113,BUY_ELIGIBLE,BUY_ELIGIBLE,BUY_ELIGIBLE_BOTH,True,False,2026-08-07
01114,BUY_ELIGIBLE,BUY_ELIGIBLE,BUY_ELIGIBLE_BOTH,True,False,2026-08-07
01117,BUY_ELIGIBLE,BUY_ELIGIBLE,BUY_ELIGIBLE_BOTH,True,False,2026-08-07
01128,BUY_ELIGIBLE,BUY_ELIGIBLE,BUY_ELIGIBLE_BOTH,True,False,2026-08-07
01138,BUY_ELIGIBLE,BUY_ELIGIBLE,BUY_ELIGIBLE_BOTH,True,False,2026-08-07
01157,BUY_ELIGIBLE,BUY_ELIGIBLE,BUY_ELIGIBLE_BOTH,True,False,2026-08-07
01164,BUY_ELIGIBLE,BUY_ELIGIBLE,BUY_ELIGIBLE_BOTH,True,False,2026-08-07
01171,BUY_ELIGIBLE,BUY_ELIGIBLE,BUY_ELIGIBLE_BOTH,True,False,2026-08-07
01177,BUY_ELIGIBLE,BUY_ELIGIBLE,BUY_ELIGIBLE_BOTH,True,False,2026-08-07
01186,BUY_ELIGIBLE,BUY_ELIGIBLE,BUY_ELIGIBLE_BOTH,True,False,2026-08-07
01187,BUY_ELIGIBLE,BUY_ELIGIBLE,BUY_ELIGIBLE_BOTH,True,False,2026-08-07
01193,BUY_ELIGIBLE,BUY_ELIGIBLE,BUY_ELIGIBLE_BOTH,True,False,2026-08-07
01196,BUY_ELIGIBLE,BUY_ELIGIBLE,BUY_ELIGIBLE_BOTH,True,False,2026-08-07
01199,BUY_ELIGIBLE,BUY_ELIGIBLE,BUY_ELIGIBLE_BOTH,True,False,2026-08-07
01208,BUY_ELIGIBLE,BUY_ELIGIBLE,BUY_ELIGIBLE_BOTH,True,False,2026-08-07
01209,BUY_ELIGIBLE,BUY_ELIGIBLE,BUY_ELIGIBLE_BOTH,True,False,2026-08-07
01211,BUY_ELIGIBLE,BUY_ELIGIBLE,BUY_ELIGIBLE_BOTH,True,False,2026-08-07
01258,BUY_ELIGIBLE,BUY_ELIGIBLE,BUY_ELIGIBLE_BOTH,True,False,2026-08-07
01276,BUY_ELIGIBLE,BUY_ELIGIBLE,BUY_ELIGIBLE_BOTH,True,False,2026-08-07
01277,BUY_ELIGIBLE,BUY_ELIGIBLE,BUY_ELIGIBLE_BOTH,True,False,2026-08-07
01288,BUY_ELIGIBLE,BUY_ELIGIBLE,BUY_ELIGIBLE_BOTH,True,False,2026-08-07
01299,BUY_ELIGIBLE,BUY_ELIGIBLE,BUY_ELIGIBLE_BOTH,True,False,2026-08-07
01302,BUY_ELIGIBLE,BUY_ELIGIBLE,BUY_ELIGIBLE_BOTH,True,False,2026-08-07
01304,BUY_ELIGIBLE,BUY_ELIGIBLE,BUY_ELIGIBLE_BOTH,True,False,2026-08-07
01308,BUY_ELIGIBLE,BUY_ELIGIBLE,BUY_ELIGIBLE_BOTH,True,False,2026-08-07
01310,BUY_ELIGIBLE,BUY_ELIGIBLE,BUY_ELIGIBLE_BOTH,True,False,2026-08-07
01313,BUY_ELIGIBLE,BUY_ELIGIBLE,BUY_ELIGIBLE_BOTH,True,False,2026-08-07
01316,BUY_ELIGIBLE,BUY_ELIGIBLE,BUY_ELIGIBLE_BOTH,True,False,2026-08-07
01318,BUY_ELIGIBLE,BUY_ELIGIBLE,BUY_ELIGIBLE_BOTH,True,False,2026-08-07
01330,BUY_ELIGIBLE,BUY_ELIGIBLE,BUY_ELIGIBLE_BOTH,True,False,2026-08-07
01333,BUY_ELIGIBLE,BUY_ELIGIBLE,BUY_ELIGIBLE_BOTH,True,False,2026-08-07
01336,BUY_ELIGIBLE,BUY_ELIGIBLE,BUY_ELIGIBLE_BOTH,True,False,2026-08-07
01339,BUY_ELIGIBLE,BUY_ELIGIBLE,BUY_ELIGIBLE_BOTH,True,False,2026-08-07
01341,UNKNOWN_BLOCKED,SELL_ONLY,SELL_ONLY,False,True,2026-08-07
01347,BUY_ELIGIBLE,BUY_ELIGIBLE,BUY_ELIGIBLE_BOTH,True,False,2026-08-07
01349,BUY_ELIGIBLE,BUY_ELIGIBLE,BUY_ELIGIBLE_BOTH,True,False,2026-08-07
01357,BUY_ELIGIBLE,BUY_ELIGIBLE,BUY_ELIGIBLE_BOTH,True,False,2026-08-07
01359,BUY_ELIGIBLE,BUY_ELIGIBLE,BUY_ELIGIBLE_BOTH,True,False,2026-08-07
01361,BUY_ELIGIBLE,BUY_ELIGIBLE,BUY_ELIGIBLE_BOTH,True,False,2026-08-07
01364,BUY_ELIGIBLE,BUY_ELIGIBLE,BUY_ELIGIBLE_BOTH,True,False,2026-08-07
01368,BUY_ELIGIBLE,BUY_ELIGIBLE,BUY_ELIGIBLE_BOTH,True,False,2026-08-07
01375,BUY_ELIGIBLE,BUY_ELIGIBLE,BUY_ELIGIBLE_BOTH,True,False,2026-08-07
01377,BUY_ELIGIBLE,BUY_ELIGIBLE,BUY_ELIGIBLE_BOTH,True,False,2026-08-07
01378,BUY_ELIGIBLE,BUY_ELIGIBLE,BUY_ELIGIBLE_BOTH,True,False,2026-08-07
01384,BUY_ELIGIBLE,BUY_ELIGIBLE,BUY_ELIGIBLE_BOTH,True,False,2026-08-07
01385,BUY_ELIGIBLE,BUY_ELIGIBLE,BUY_ELIGIBLE_BOTH,True,False,2026-08-07
01398,BUY_ELIGIBLE,BUY_ELIGIBLE,BUY_ELIGIBLE_BOTH,True,False,2026-08-07
01405,BUY_ELIGIBLE,BUY_ELIGIBLE,BUY_ELIGIBLE_BOTH,True,False,2026-08-07
01415,BUY_ELIGIBLE,BUY_ELIGIBLE,BUY_ELIGIBLE_BOTH,True,False,2026-08-07
01428,BUY_ELIGIBLE,BUY_ELIGIBLE,BUY_ELIGIBLE_BOTH,True,False,2026-08-07
01448,SELL_ONLY,SELL_ONLY,SELL_ONLY,False,True,2026-08-07
01456,BUY_ELIGIBLE,BUY_ELIGIBLE,BUY_ELIGIBLE_BOTH,True,False,2026-08-07
01475,BUY_ELIGIBLE,BUY_ELIGIBLE,BUY_ELIGIBLE_BOTH,True,False,2026-08-07
01478,BUY_ELIGIBLE,BUY_ELIGIBLE,BUY_ELIGIBLE_BOTH,True,False,2026-08-07
01513,BUY_ELIGIBLE,BUY_ELIGIBLE,BUY_ELIGIBLE_BOTH,True,False,2026-08-07
01515,UNKNOWN_BLOCKED,SELL_ONLY,SELL_ONLY,False,True,2026-08-07
01516,UNKNOWN_BLOCKED,SELL_ONLY,SELL_ONLY,False,True,2026-08-07
01519,BUY_ELIGIBLE,BUY_ELIGIBLE,BUY_ELIGIBLE_BOTH,True,False,2026-08-07
01528,BUY_ELIGIBLE,BUY_ELIGIBLE,BUY_ELIGIBLE_BOTH,True,False,2026-08-07
01530,BUY_ELIGIBLE,BUY_ELIGIBLE,BUY_ELIGIBLE_BOTH,True,False,2026-08-07
01548,BUY_ELIGIBLE,BUY_ELIGIBLE,BUY_ELIGIBLE_BOTH,True,False,2026-08-07
01579,BUY_ELIGIBLE,BUY_ELIGIBLE,BUY_ELIGIBLE_BOTH,True,False,2026-08-07
01585,BUY_ELIGIBLE,BUY_ELIGIBLE,BUY_ELIGIBLE_BOTH,True,False,2026-08-07
01610,BUY_ELIGIBLE,BUY_ELIGIBLE,BUY_ELIGIBLE_BOTH,True,False,2026-08-07
01618,BUY_ELIGIBLE,BUY_ELIGIBLE,BUY_ELIGIBLE_BOTH,True,False,2026-08-07
01635,BUY_ELIGIBLE,BUY_ELIGIBLE,BUY_ELIGIBLE_BOTH,True,False,2026-08-07
01658,BUY_ELIGIBLE,BUY_ELIGIBLE,BUY_ELIGIBLE_BOTH,True,False,2026-08-07
01675,BUY_ELIGIBLE,BUY_ELIGIBLE,BUY_ELIGIBLE_BOTH,True,False,2026-08-07
01681,BUY_ELIGIBLE,BUY_ELIGIBLE,BUY_ELIGIBLE_BOTH,True,False,2026-08-07
01686,BUY_ELIGIBLE,BUY_ELIGIBLE,BUY_ELIGIBLE_BOTH,True,False,2026-08-07
01688,BUY_ELIGIBLE,BUY_ELIGIBLE,BUY_ELIGIBLE_BOTH,True,False,2026-08-07
01691,BUY_ELIGIBLE,BUY_ELIGIBLE,BUY_ELIGIBLE_BOTH,True,False,2026-08-07
01709,UNKNOWN_BLOCKED,SELL_ONLY,SELL_ONLY,False,True,2026-08-07
01729,BUY_ELIGIBLE,BUY_ELIGIBLE,BUY_ELIGIBLE_BOTH,True,False,2026-08-07
01735,BUY_ELIGIBLE,BUY_ELIGIBLE,BUY_ELIGIBLE_BOTH,True,False,2026-08-07
01766,BUY_ELIGIBLE,BUY_ELIGIBLE,BUY_ELIGIBLE_BOTH,True,False,2026-08-07
01768,BUY_ELIGIBLE,BUY_ELIGIBLE,BUY_ELIGIBLE_BOTH,True,False,2026-08-07
01772,BUY_ELIGIBLE,BUY_ELIGIBLE,BUY_ELIGIBLE_BOTH,True,False,2026-08-07
01773,BUY_ELIGIBLE,BUY_ELIGIBLE,BUY_ELIGIBLE_BOTH,True,False,2026-08-07
01776,BUY_ELIGIBLE,BUY_ELIGIBLE,BUY_ELIGIBLE_BOTH,True,False,2026-08-07
01783,BUY_ELIGIBLE,BUY_ELIGIBLE,BUY_ELIGIBLE_BOTH,True,False,2026-08-07
01787,BUY_ELIGIBLE,BUY_ELIGIBLE,BUY_ELIGIBLE_BOTH,True,False,2026-08-07
01788,BUY_ELIGIBLE,BUY_ELIGIBLE,BUY_ELIGIBLE_BOTH,True,False,2026-08-07
01789,BUY_ELIGIBLE,BUY_ELIGIBLE,BUY_ELIGIBLE_BOTH,True,False,2026-08-07
01797,BUY_ELIGIBLE,BUY_ELIGIBLE,BUY_ELIGIBLE_BOTH,True,False,2026-08-07
01798,UNKNOWN_BLOCKED,SELL_ONLY,SELL_ONLY,False,True,2026-08-07
01800,BUY_ELIGIBLE,BUY_ELIGIBLE,BUY_ELIGIBLE_BOTH,True,False,2026-08-07
01801,BUY_ELIGIBLE,BUY_ELIGIBLE,BUY_ELIGIBLE_BOTH,True,False,2026-08-07
01810,BUY_ELIGIBLE,BUY_ELIGIBLE,BUY_ELIGIBLE_BOTH,True,False,2026-08-07
01811,BUY_ELIGIBLE,BUY_ELIGIBLE,BUY_ELIGIBLE_BOTH,True,False,2026-08-07
01816,BUY_ELIGIBLE,BUY_ELIGIBLE,BUY_ELIGIBLE_BOTH,True,False,2026-08-07
01818,BUY_ELIGIBLE,BUY_ELIGIBLE,BUY_ELIGIBLE_BOTH,True,False,2026-08-07
01828,BUY_ELIGIBLE,BUY_ELIGIBLE,BUY_ELIGIBLE_BOTH,True,False,2026-08-07
01833,BUY_ELIGIBLE,BUY_ELIGIBLE,BUY_ELIGIBLE_BOTH,True,False,2026-08-07
01836,BUY_ELIGIBLE,BUY_ELIGIBLE,BUY_ELIGIBLE_BOTH,True,False,2026-08-07
01855,UNKNOWN_BLOCKED,SELL_ONLY,SELL_ONLY,False,True,2026-08-07
01858,BUY_ELIGIBLE,BUY_ELIGIBLE,BUY_ELIGIBLE_BOTH,True,False,2026-08-07
01860,BUY_ELIGIBLE,BUY_ELIGIBLE,BUY_ELIGIBLE_BOTH,True,False,2026-08-07
01876,BUY_ELIGIBLE,BUY_ELIGIBLE,BUY_ELIGIBLE_BOTH,True,False,2026-08-07
01877,BUY_ELIGIBLE,BUY_ELIGIBLE,BUY_ELIGIBLE_BOTH,True,False,2026-08-07
01880,BUY_ELIGIBLE,BUY_ELIGIBLE,BUY_ELIGIBLE_BOTH,True,False,2026-08-07
01882,BUY_ELIGIBLE,BUY_ELIGIBLE,BUY_ELIGIBLE_BOTH,True,False,2026-08-07
01883,BUY_ELIGIBLE,BUY_ELIGIBLE,BUY_ELIGIBLE_BOTH,True,False,2026-08-07
01888,BUY_ELIGIBLE,BUY_ELIGIBLE,BUY_ELIGIBLE_BOTH,True,False,2026-08-07
01896,BUY_ELIGIBLE,BUY_ELIGIBLE,BUY_ELIGIBLE_BOTH,True,False,2026-08-07
01898,BUY_ELIGIBLE,BUY_ELIGIBLE,BUY_ELIGIBLE_BOTH,True,False,2026-08-07
01907,BUY_ELIGIBLE,BUY_ELIGIBLE,BUY_ELIGIBLE_BOTH,True,False,2026-08-07
01908,BUY_ELIGIBLE,BUY_ELIGIBLE,BUY_ELIGIBLE_BOTH,True,False,2026-08-07
01910,BUY_ELIGIBLE,BUY_ELIGIBLE,BUY_ELIGIBLE_BOTH,True,False,2026-08-07
01918,BUY_ELIGIBLE,BUY_ELIGIBLE,BUY_ELIGIBLE_BOTH,True,False,2026-08-07
01919,BUY_ELIGIBLE,BUY_ELIGIBLE,BUY_ELIGIBLE_BOTH,True,False,2026-08-07
01921,BUY_ELIGIBLE,BUY_ELIGIBLE,BUY_ELIGIBLE_BOTH,True,False,2026-08-07
01928,BUY_ELIGIBLE,BUY_ELIGIBLE,BUY_ELIGIBLE_BOTH,True,False,2026-08-07
01929,BUY_ELIGIBLE,BUY_ELIGIBLE,BUY_ELIGIBLE_BOTH,True,False,2026-08-07
01951,BUY_ELIGIBLE,BUY_ELIGIBLE,BUY_ELIGIBLE_BOTH,True,False,2026-08-07
01952,BUY_ELIGIBLE,BUY_ELIGIBLE,BUY_ELIGIBLE_BOTH,True,False,2026-08-07
01958,UNKNOWN_BLOCKED,SELL_ONLY,SELL_ONLY,False,True,2026-08-07
01963,BUY_ELIGIBLE,BUY_ELIGIBLE,BUY_ELIGIBLE_BOTH,True,False,2026-08-07
01969,UNKNOWN_BLOCKED,SELL_ONLY,SELL_ONLY,False,True,2026-08-07
01972,BUY_ELIGIBLE,BUY_ELIGIBLE,BUY_ELIGIBLE_BOTH,True,False,2026-08-07
01988,BUY_ELIGIBLE,BUY_ELIGIBLE,BUY_ELIGIBLE_BOTH,True,False,2026-08-07
01989,BUY_ELIGIBLE,BUY_ELIGIBLE,BUY_ELIGIBLE_BOTH,True,False,2026-08-07
01997,BUY_ELIGIBLE,BUY_ELIGIBLE,BUY_ELIGIBLE_BOTH,True,False,2026-08-07
01999,BUY_ELIGIBLE,BUY_ELIGIBLE,BUY_ELIGIBLE_BOTH,True,False,2026-08-07
02005,BUY_ELIGIBLE,BUY_ELIGIBLE,BUY_ELIGIBLE_BOTH,True,False,2026-08-07
02007,BUY_ELIGIBLE,BUY_ELIGIBLE,BUY_ELIGIBLE_BOTH,True,False,2026-08-07
02009,BUY_ELIGIBLE,BUY_ELIGIBLE,BUY_ELIGIBLE_BOTH,True,False,2026-08-07
02013,BUY_ELIGIBLE,BUY_ELIGIBLE,BUY_ELIGIBLE_BOTH,True,False,2026-08-07
02015,BUY_ELIGIBLE,BUY_ELIGIBLE,BUY_ELIGIBLE_BOTH,True,False,2026-08-07
02016,BUY_ELIGIBLE,BUY_ELIGIBLE,BUY_ELIGIBLE_BOTH,True,False,2026-08-07
02018,BUY_ELIGIBLE,BUY_ELIGIBLE,BUY_ELIGIBLE_BOTH,True,False,2026-08-07
02020,BUY_ELIGIBLE,BUY_ELIGIBLE,BUY_ELIGIBLE_BOTH,True,False,2026-08-07
02026,BUY_ELIGIBLE,BUY_ELIGIBLE,BUY_ELIGIBLE_BOTH,True,False,2026-08-07
02038,BUY_ELIGIBLE,BUY_ELIGIBLE,BUY_ELIGIBLE_BOTH,True,False,2026-08-07
02039,BUY_ELIGIBLE,BUY_ELIGIBLE,BUY_ELIGIBLE_BOTH,True,False,2026-08-07
02050,BUY_ELIGIBLE,BUY_ELIGIBLE,BUY_ELIGIBLE_BOTH,True,False,2026-08-07
02057,BUY_ELIGIBLE,BUY_ELIGIBLE,BUY_ELIGIBLE_BOTH,True,False,2026-08-07
02068,BUY_ELIGIBLE,BUY_ELIGIBLE,BUY_ELIGIBLE_BOTH,True,False,2026-08-07
02096,BUY_ELIGIBLE,BUY_ELIGIBLE,BUY_ELIGIBLE_BOTH,True,False,2026-08-07
02097,BUY_ELIGIBLE,BUY_ELIGIBLE,BUY_ELIGIBLE_BOTH,True,False,2026-08-07
02099,BUY_ELIGIBLE,BUY_ELIGIBLE,BUY_ELIGIBLE_BOTH,True,False,2026-08-07
02128,BUY_ELIGIBLE,BUY_ELIGIBLE,BUY_ELIGIBLE_BOTH,True,False,2026-08-07
02145,BUY_ELIGIBLE,BUY_ELIGIBLE,BUY_ELIGIBLE_BOTH,True,False,2026-08-07
02155,BUY_ELIGIBLE,BUY_ELIGIBLE,BUY_ELIGIBLE_BOTH,True,False,2026-08-07
02157,BUY_ELIGIBLE,BUY_ELIGIBLE,BUY_ELIGIBLE_BOTH,True,False,2026-08-07
02158,BUY_ELIGIBLE,BUY_ELIGIBLE,BUY_ELIGIBLE_BOTH,True,False,2026-08-07
02162,BUY_ELIGIBLE,BUY_ELIGIBLE,BUY_ELIGIBLE_BOTH,True,False,2026-08-07
02169,UNKNOWN_BLOCKED,SELL_ONLY,SELL_ONLY,False,True,2026-08-07
02171,BUY_ELIGIBLE,BUY_ELIGIBLE,BUY_ELIGIBLE_BOTH,True,False,2026-08-07
02172,BUY_ELIGIBLE,BUY_ELIGIBLE,BUY_ELIGIBLE_BOTH,True,False,2026-08-07
02186,BUY_ELIGIBLE,BUY_ELIGIBLE,BUY_ELIGIBLE_BOTH,True,False,2026-08-07
02192,BUY_ELIGIBLE,BUY_ELIGIBLE,BUY_ELIGIBLE_BOTH,True,False,2026-08-07
02196,BUY_ELIGIBLE,BUY_ELIGIBLE,BUY_ELIGIBLE_BOTH,True,False,2026-08-07
02202,BUY_ELIGIBLE,BUY_ELIGIBLE,BUY_ELIGIBLE_BOTH,True,False,2026-08-07
02208,BUY_ELIGIBLE,BUY_ELIGIBLE,BUY_ELIGIBLE_BOTH,True,False,2026-08-07
02218,BUY_ELIGIBLE,BUY_ELIGIBLE,BUY_ELIGIBLE_BOTH,True,False,2026-08-07
02228,BUY_ELIGIBLE,BUY_ELIGIBLE,BUY_ELIGIBLE_BOTH,True,False,2026-08-07
02232,BUY_ELIGIBLE,BUY_ELIGIBLE,BUY_ELIGIBLE_BOTH,True,False,2026-08-07
02233,BUY_ELIGIBLE,BUY_ELIGIBLE,BUY_ELIGIBLE_BOTH,True,False,2026-08-07
02238,BUY_ELIGIBLE,BUY_ELIGIBLE,BUY_ELIGIBLE_BOTH,True,False,2026-08-07
02249,BUY_ELIGIBLE,BUY_ELIGIBLE,BUY_ELIGIBLE_BOTH,True,False,2026-08-07
02252,BUY_ELIGIBLE,BUY_ELIGIBLE,BUY_ELIGIBLE_BOTH,True,False,2026-08-07
02255,BUY_ELIGIBLE,BUY_ELIGIBLE,BUY_ELIGIBLE_BOTH,True,False,2026-08-07
02259,BUY_ELIGIBLE,BUY_ELIGIBLE,BUY_ELIGIBLE_BOTH,True,False,2026-08-07
02268,BUY_ELIGIBLE,BUY_ELIGIBLE,BUY_ELIGIBLE_BOTH,True,False,2026-08-07
02269,BUY_ELIGIBLE,BUY_ELIGIBLE,BUY_ELIGIBLE_BOTH,True,False,2026-08-07
02273,BUY_ELIGIBLE,BUY_ELIGIBLE,BUY_ELIGIBLE_BOTH,True,False,2026-08-07
02276,BUY_ELIGIBLE,BUY_ELIGIBLE,BUY_ELIGIBLE_BOTH,True,False,2026-08-07
02282,BUY_ELIGIBLE,BUY_ELIGIBLE,BUY_ELIGIBLE_BOTH,True,False,2026-08-07
02285,BUY_ELIGIBLE,BUY_ELIGIBLE,BUY_ELIGIBLE_BOTH,True,False,2026-08-07
02291,BUY_ELIGIBLE,BUY_ELIGIBLE,BUY_ELIGIBLE_BOTH,True,False,2026-08-07
02313,BUY_ELIGIBLE,BUY_ELIGIBLE,BUY_ELIGIBLE_BOTH,True,False,2026-08-07
02314,BUY_ELIGIBLE,BUY_ELIGIBLE,BUY_ELIGIBLE_BOTH,True,False,2026-08-07
02315,BUY_ELIGIBLE,BUY_ELIGIBLE,BUY_ELIGIBLE_BOTH,True,False,2026-08-07
02318,BUY_ELIGIBLE,BUY_ELIGIBLE,BUY_ELIGIBLE_BOTH,True,False,2026-08-07
02319,BUY_ELIGIBLE,BUY_ELIGIBLE,BUY_ELIGIBLE_BOTH,True,False,2026-08-07
02328,BUY_ELIGIBLE,BUY_ELIGIBLE,BUY_ELIGIBLE_BOTH,True,False,2026-08-07
02331,BUY_ELIGIBLE,BUY_ELIGIBLE,BUY_ELIGIBLE_BOTH,True,False,2026-08-07
02333,BUY_ELIGIBLE,BUY_ELIGIBLE,BUY_ELIGIBLE_BOTH,True,False,2026-08-07
02338,BUY_ELIGIBLE,BUY_ELIGIBLE,BUY_ELIGIBLE_BOTH,True,False,2026-08-07
02343,BUY_ELIGIBLE,BUY_ELIGIBLE,BUY_ELIGIBLE_BOTH,True,False,2026-08-07
02356,BUY_ELIGIBLE,BUY_ELIGIBLE,BUY_ELIGIBLE_BOTH,True,False,2026-08-07
02357,BUY_ELIGIBLE,BUY_ELIGIBLE,BUY_ELIGIBLE_BOTH,True,False,2026-08-07
02359,BUY_ELIGIBLE,BUY_ELIGIBLE,BUY_ELIGIBLE_BOTH,True,False,2026-08-07
02367,BUY_ELIGIBLE,BUY_ELIGIBLE,BUY_ELIGIBLE_BOTH,True,False,2026-08-07
02378,BUY_ELIGIBLE,BUY_ELIGIBLE,BUY_ELIGIBLE_BOTH,True,False,2026-08-07
02380,BUY_ELIGIBLE,BUY_ELIGIBLE,BUY_ELIGIBLE_BOTH,True,False,2026-08-07
02382,BUY_ELIGIBLE,BUY_ELIGIBLE,BUY_ELIGIBLE_BOTH,True,False,2026-08-07
02386,BUY_ELIGIBLE,BUY_ELIGIBLE,BUY_ELIGIBLE_BOTH,True,False,2026-08-07
02388,BUY_ELIGIBLE,BUY_ELIGIBLE,BUY_ELIGIBLE_BOTH,True,False,2026-08-07
02400,BUY_ELIGIBLE,BUY_ELIGIBLE,BUY_ELIGIBLE_BOTH,True,False,2026-08-07
02402,BUY_ELIGIBLE,BUY_ELIGIBLE,BUY_ELIGIBLE_BOTH,True,False,2026-08-07
02410,BUY_ELIGIBLE,BUY_ELIGIBLE,BUY_ELIGIBLE_BOTH,True,False,2026-08-07
02419,BUY_ELIGIBLE,BUY_ELIGIBLE,BUY_ELIGIBLE_BOTH,True,False,2026-08-07
02423,BUY_ELIGIBLE,BUY_ELIGIBLE,BUY_ELIGIBLE_BOTH,True,False,2026-08-07
02429,UNKNOWN_BLOCKED,SELL_ONLY,SELL_ONLY,False,True,2026-08-07
02431,BUY_ELIGIBLE,BUY_ELIGIBLE,BUY_ELIGIBLE_BOTH,True,False,2026-08-07
02432,BUY_ELIGIBLE,BUY_ELIGIBLE,BUY_ELIGIBLE_BOTH,True,False,2026-08-07
02443,UNKNOWN_BLOCKED,SELL_ONLY,SELL_ONLY,False,True,2026-08-07
02460,BUY_ELIGIBLE,BUY_ELIGIBLE,BUY_ELIGIBLE_BOTH,True,False,2026-08-07
02465,BUY_ELIGIBLE,BUY_ELIGIBLE,BUY_ELIGIBLE_BOTH,True,False,2026-08-07
02469,UNKNOWN_BLOCKED,SELL_ONLY,SELL_ONLY,False,True,2026-08-07
02473,BUY_ELIGIBLE,BUY_ELIGIBLE,BUY_ELIGIBLE_BOTH,True,False,2026-08-07
02475,BUY_ELIGIBLE,BUY_ELIGIBLE,BUY_ELIGIBLE_BOTH,True,False,2026-08-07
02476,BUY_ELIGIBLE,BUY_ELIGIBLE,BUY_ELIGIBLE_BOTH,True,False,2026-08-07
02477,BUY_ELIGIBLE,BUY_ELIGIBLE,BUY_ELIGIBLE_BOTH,True,False,2026-08-07
02493,BUY_ELIGIBLE,BUY_ELIGIBLE,BUY_ELIGIBLE_BOTH,True,False,2026-08-07
02498,BUY_ELIGIBLE,BUY_ELIGIBLE,BUY_ELIGIBLE_BOTH,True,False,2026-08-07
02506,BUY_ELIGIBLE,BUY_ELIGIBLE,BUY_ELIGIBLE_BOTH,True,False,2026-08-07
02507,BUY_ELIGIBLE,BUY_ELIGIBLE,BUY_ELIGIBLE_BOTH,True,False,2026-08-07
02510,BUY_ELIGIBLE,BUY_ELIGIBLE,BUY_ELIGIBLE_BOTH,True,False,2026-08-07
02513,BUY_ELIGIBLE,BUY_ELIGIBLE,BUY_ELIGIBLE_BOTH,True,False,2026-08-07
02517,BUY_ELIGIBLE,BUY_ELIGIBLE,BUY_ELIGIBLE_BOTH,True,False,2026-08-07
02522,UNKNOWN_BLOCKED,SELL_ONLY,SELL_ONLY,False,True,2026-08-07
02525,BUY_ELIGIBLE,BUY_ELIGIBLE,BUY_ELIGIBLE_BOTH,True,False,2026-08-07
02533,BUY_ELIGIBLE,BUY_ELIGIBLE,BUY_ELIGIBLE_BOTH,True,False,2026-08-07
02555,BUY_ELIGIBLE,BUY_ELIGIBLE,BUY_ELIGIBLE_BOTH,True,False,2026-08-07
02556,BUY_ELIGIBLE,BUY_ELIGIBLE,BUY_ELIGIBLE_BOTH,True,False,2026-08-07
02562,BUY_ELIGIBLE,BUY_ELIGIBLE,BUY_ELIGIBLE_BOTH,True,False,2026-08-07
02565,BUY_ELIGIBLE,BUY_ELIGIBLE,BUY_ELIGIBLE_BOTH,True,False,2026-08-07
02570,BUY_ELIGIBLE,BUY_ELIGIBLE,BUY_ELIGIBLE_BOTH,True,False,2026-08-07
02575,BUY_ELIGIBLE,BUY_ELIGIBLE,BUY_ELIGIBLE_BOTH,True,False,2026-08-07
02577,BUY_ELIGIBLE,BUY_ELIGIBLE,BUY_ELIGIBLE_BOTH,True,False,2026-08-07
02579,BUY_ELIGIBLE,BUY_ELIGIBLE,BUY_ELIGIBLE_BOTH,True,False,2026-08-07
02580,BUY_ELIGIBLE,BUY_ELIGIBLE,BUY_ELIGIBLE_BOTH,True,False,2026-08-07
02582,BUY_ELIGIBLE,BUY_ELIGIBLE,BUY_ELIGIBLE_BOTH,True,False,2026-08-07
02583,BUY_ELIGIBLE,BUY_ELIGIBLE,BUY_ELIGIBLE_BOTH,True,False,2026-08-07
02586,BUY_ELIGIBLE,BUY_ELIGIBLE,BUY_ELIGIBLE_BOTH,True,False,2026-08-07
02587,BUY_ELIGIBLE,BUY_ELIGIBLE,BUY_ELIGIBLE_BOTH,True,False,2026-08-07
02588,BUY_ELIGIBLE,BUY_ELIGIBLE,BUY_ELIGIBLE_BOTH,True,False,2026-08-07
02589,BUY_ELIGIBLE,BUY_ELIGIBLE,BUY_ELIGIBLE_BOTH,True,False,2026-08-07
02590,BUY_ELIGIBLE,BUY_ELIGIBLE,BUY_ELIGIBLE_BOTH,True,False,2026-08-07
02591,BUY_ELIGIBLE,BUY_ELIGIBLE,BUY_ELIGIBLE_BOTH,True,False,2026-08-07
02595,BUY_ELIGIBLE,BUY_ELIGIBLE,BUY_ELIGIBLE_BOTH,True,False,2026-08-07
02600,BUY_ELIGIBLE,BUY_ELIGIBLE,BUY_ELIGIBLE_BOTH,True,False,2026-08-07
02601,BUY_ELIGIBLE,BUY_ELIGIBLE,BUY_ELIGIBLE_BOTH,True,False,2026-08-07
02602,BUY_ELIGIBLE,BUY_ELIGIBLE,BUY_ELIGIBLE_BOTH,True,False,2026-08-07
02603,BUY_ELIGIBLE,BUY_ELIGIBLE,BUY_ELIGIBLE_BOTH,True,False,2026-08-07
02607,BUY_ELIGIBLE,BUY_ELIGIBLE,BUY_ELIGIBLE_BOTH,True,False,2026-08-07
02609,BUY_ELIGIBLE,BUY_ELIGIBLE,BUY_ELIGIBLE_BOTH,True,False,2026-08-07
02610,BUY_ELIGIBLE,BUY_ELIGIBLE,BUY_ELIGIBLE_BOTH,True,False,2026-08-07
02611,BUY_ELIGIBLE,BUY_ELIGIBLE,BUY_ELIGIBLE_BOTH,True,False,2026-08-07
02617,BUY_ELIGIBLE,BUY_ELIGIBLE,BUY_ELIGIBLE_BOTH,True,False,2026-08-07
02618,BUY_ELIGIBLE,BUY_ELIGIBLE,BUY_ELIGIBLE_BOTH,True,False,2026-08-07
02627,SELL_ONLY,SELL_ONLY,SELL_ONLY,False,True,2026-08-07
02628,BUY_ELIGIBLE,BUY_ELIGIBLE,BUY_ELIGIBLE_BOTH,True,False,2026-08-07
02629,SELL_ONLY,SELL_ONLY,SELL_ONLY,False,True,2026-08-07
02631,BUY_ELIGIBLE,BUY_ELIGIBLE,BUY_ELIGIBLE_BOTH,True,False,2026-08-07
02635,BUY_ELIGIBLE,BUY_ELIGIBLE,BUY_ELIGIBLE_BOTH,True,False,2026-08-07
02637,BUY_ELIGIBLE,BUY_ELIGIBLE,BUY_ELIGIBLE_BOTH,True,False,2026-08-07
02643,BUY_ELIGIBLE,BUY_ELIGIBLE,BUY_ELIGIBLE_BOTH,True,False,2026-08-07
02648,BUY_ELIGIBLE,BUY_ELIGIBLE,BUY_ELIGIBLE_BOTH,True,False,2026-08-07
02650,BUY_ELIGIBLE,BUY_ELIGIBLE,BUY_ELIGIBLE_BOTH,True,False,2026-08-07
02652,BUY_ELIGIBLE,BUY_ELIGIBLE,BUY_ELIGIBLE_BOTH,True,False,2026-08-07
02655,BUY_ELIGIBLE,BUY_ELIGIBLE,BUY_ELIGIBLE_BOTH,True,False,2026-08-07
02656,BUY_ELIGIBLE,BUY_ELIGIBLE,BUY_ELIGIBLE_BOTH,True,False,2026-08-07
02659,BUY_ELIGIBLE,BUY_ELIGIBLE,BUY_ELIGIBLE_BOTH,True,False,2026-08-07
02661,BUY_ELIGIBLE,BUY_ELIGIBLE,BUY_ELIGIBLE_BOTH,True,False,2026-08-07
02665,BUY_ELIGIBLE,BUY_ELIGIBLE,BUY_ELIGIBLE_BOTH,True,False,2026-08-07
02666,BUY_ELIGIBLE,BUY_ELIGIBLE,BUY_ELIGIBLE_BOTH,True,False,2026-08-07
02669,BUY_ELIGIBLE,BUY_ELIGIBLE,BUY_ELIGIBLE_BOTH,True,False,2026-08-07
02675,BUY_ELIGIBLE,BUY_ELIGIBLE,BUY_ELIGIBLE_BOTH,True,False,2026-08-07
02676,BUY_ELIGIBLE,BUY_ELIGIBLE,BUY_ELIGIBLE_BOTH,True,False,2026-08-07
02685,BUY_ELIGIBLE,BUY_ELIGIBLE,BUY_ELIGIBLE_BOTH,True,False,2026-08-07
02687,BUY_ELIGIBLE,BUY_ELIGIBLE,BUY_ELIGIBLE_BOTH,True,False,2026-08-07
02688,BUY_ELIGIBLE,BUY_ELIGIBLE,BUY_ELIGIBLE_BOTH,True,False,2026-08-07
02689,BUY_ELIGIBLE,BUY_ELIGIBLE,BUY_ELIGIBLE_BOTH,True,False,2026-08-07
02691,BUY_ELIGIBLE,BUY_ELIGIBLE,BUY_ELIGIBLE_BOTH,True,False,2026-08-07
02692,BUY_ELIGIBLE,BUY_ELIGIBLE,BUY_ELIGIBLE_BOTH,True,False,2026-08-07
02698,BUY_ELIGIBLE,BUY_ELIGIBLE,BUY_ELIGIBLE_BOTH,True,False,2026-08-07
02701,BUY_ELIGIBLE,BUY_ELIGIBLE,BUY_ELIGIBLE_BOTH,True,False,2026-08-07
02706,BUY_ELIGIBLE,BUY_ELIGIBLE,BUY_ELIGIBLE_BOTH,True,False,2026-08-07
02714,BUY_ELIGIBLE,BUY_ELIGIBLE,BUY_ELIGIBLE_BOTH,True,False,2026-08-07
02715,BUY_ELIGIBLE,BUY_ELIGIBLE,BUY_ELIGIBLE_BOTH,True,False,2026-08-07
02718,BUY_ELIGIBLE,BUY_ELIGIBLE,BUY_ELIGIBLE_BOTH,True,False,2026-08-07
02727,BUY_ELIGIBLE,BUY_ELIGIBLE,BUY_ELIGIBLE_BOTH,True,False,2026-08-07
02768,BUY_ELIGIBLE,BUY_ELIGIBLE,BUY_ELIGIBLE_BOTH,True,False,2026-08-07
02788,BUY_ELIGIBLE,BUY_ELIGIBLE,BUY_ELIGIBLE_BOTH,True,False,2026-08-07
02799,BUY_ELIGIBLE,BUY_ELIGIBLE,BUY_ELIGIBLE_BOTH,True,False,2026-08-07
02800,BUY_ELIGIBLE,BUY_ELIGIBLE,BUY_ELIGIBLE_BOTH,True,False,2026-08-07
02801,BUY_ELIGIBLE,BUY_ELIGIBLE,BUY_ELIGIBLE_BOTH,True,False,2026-08-07
02825,BUY_ELIGIBLE,BUY_ELIGIBLE,BUY_ELIGIBLE_BOTH,True,False,2026-08-07
02828,BUY_ELIGIBLE,BUY_ELIGIBLE,BUY_ELIGIBLE_BOTH,True,False,2026-08-07
02837,BUY_ELIGIBLE,BUY_ELIGIBLE,BUY_ELIGIBLE_BOTH,True,False,2026-08-07
02858,BUY_ELIGIBLE,BUY_ELIGIBLE,BUY_ELIGIBLE_BOTH,True,False,2026-08-07
02865,BUY_ELIGIBLE,BUY_ELIGIBLE,BUY_ELIGIBLE_BOTH,True,False,2026-08-07
02866,BUY_ELIGIBLE,BUY_ELIGIBLE,BUY_ELIGIBLE_BOTH,True,False,2026-08-07
02869,BUY_ELIGIBLE,BUY_ELIGIBLE,BUY_ELIGIBLE_BOTH,True,False,2026-08-07
02877,BUY_ELIGIBLE,BUY_ELIGIBLE,BUY_ELIGIBLE_BOTH,True,False,2026-08-07
02880,BUY_ELIGIBLE,BUY_ELIGIBLE,BUY_ELIGIBLE_BOTH,True,False,2026-08-07
02883,BUY_ELIGIBLE,BUY_ELIGIBLE,BUY_ELIGIBLE_BOTH,True,False,2026-08-07
02888,BUY_ELIGIBLE,BUY_ELIGIBLE,BUY_ELIGIBLE_BOTH,True,False,2026-08-07
02889,BUY_ELIGIBLE,BUY_ELIGIBLE,BUY_ELIGIBLE_BOTH,True,False,2026-08-07
02899,BUY_ELIGIBLE,BUY_ELIGIBLE,BUY_ELIGIBLE_BOTH,True,False,2026-08-07
02940,UNKNOWN_BLOCKED,SELL_ONLY,SELL_ONLY,False,True,2026-08-07
02979,UNKNOWN_BLOCKED,SELL_ONLY,SELL_ONLY,False,True,2026-08-07
02983,BUY_ELIGIBLE,BUY_ELIGIBLE,BUY_ELIGIBLE_BOTH,True,False,2026-08-07
03032,BUY_ELIGIBLE,BUY_ELIGIBLE,BUY_ELIGIBLE_BOTH,True,False,2026-08-07
03033,BUY_ELIGIBLE,BUY_ELIGIBLE,BUY_ELIGIBLE_BOTH,True,False,2026-08-07
03037,BUY_ELIGIBLE,BUY_ELIGIBLE,BUY_ELIGIBLE_BOTH,True,False,2026-08-07
03039,BUY_ELIGIBLE,BUY_ELIGIBLE,BUY_ELIGIBLE_BOTH,True,False,2026-08-07
03040,BUY_ELIGIBLE,BUY_ELIGIBLE,BUY_ELIGIBLE_BOTH,True,False,2026-08-07
03067,BUY_ELIGIBLE,BUY_ELIGIBLE,BUY_ELIGIBLE_BOTH,True,False,2026-08-07
03069,BUY_ELIGIBLE,BUY_ELIGIBLE,BUY_ELIGIBLE_BOTH,True,False,2026-08-07
03070,BUY_ELIGIBLE,BUY_ELIGIBLE,BUY_ELIGIBLE_BOTH,True,False,2026-08-07
03088,BUY_ELIGIBLE,BUY_ELIGIBLE,BUY_ELIGIBLE_BOTH,True,False,2026-08-07
03110,BUY_ELIGIBLE,BUY_ELIGIBLE,BUY_ELIGIBLE_BOTH,True,False,2026-08-07
03115,BUY_ELIGIBLE,BUY_ELIGIBLE,BUY_ELIGIBLE_BOTH,True,False,2026-08-07
03167,BUY_ELIGIBLE,BUY_ELIGIBLE,BUY_ELIGIBLE_BOTH,True,False,2026-08-07
03174,BUY_ELIGIBLE,BUY_ELIGIBLE,BUY_ELIGIBLE_BOTH,True,False,2026-08-07
03200,BUY_ELIGIBLE,BUY_ELIGIBLE,BUY_ELIGIBLE_BOTH,True,False,2026-08-07
03268,BUY_ELIGIBLE,BUY_ELIGIBLE,BUY_ELIGIBLE_BOTH,True,False,2026-08-07
03288,BUY_ELIGIBLE,BUY_ELIGIBLE,BUY_ELIGIBLE_BOTH,True,False,2026-08-07
03296,BUY_ELIGIBLE,BUY_ELIGIBLE,BUY_ELIGIBLE_BOTH,True,False,2026-08-07
03306,BUY_ELIGIBLE,BUY_ELIGIBLE,BUY_ELIGIBLE_BOTH,True,False,2026-08-07
03311,BUY_ELIGIBLE,BUY_ELIGIBLE,BUY_ELIGIBLE_BOTH,True,False,2026-08-07
03317,BUY_ELIGIBLE,BUY_ELIGIBLE,BUY_ELIGIBLE_BOTH,True,False,2026-08-07
03320,BUY_ELIGIBLE,BUY_ELIGIBLE,BUY_ELIGIBLE_BOTH,True,False,2026-08-07
03323,BUY_ELIGIBLE,BUY_ELIGIBLE,BUY_ELIGIBLE_BOTH,True,False,2026-08-07
03328,BUY_ELIGIBLE,BUY_ELIGIBLE,BUY_ELIGIBLE_BOTH,True,False,2026-08-07
03330,BUY_ELIGIBLE,BUY_ELIGIBLE,BUY_ELIGIBLE_BOTH,True,False,2026-08-07
03339,BUY_ELIGIBLE,BUY_ELIGIBLE,BUY_ELIGIBLE_BOTH,True,False,2026-08-07
03347,BUY_ELIGIBLE,BUY_ELIGIBLE,BUY_ELIGIBLE_BOTH,True,False,2026-08-07
03360,BUY_ELIGIBLE,BUY_ELIGIBLE,BUY_ELIGIBLE_BOTH,True,False,2026-08-07
03369,BUY_ELIGIBLE,BUY_ELIGIBLE,BUY_ELIGIBLE_BOTH,True,False,2026-08-07
03380,BUY_ELIGIBLE,BUY_ELIGIBLE,BUY_ELIGIBLE_BOTH,True,False,2026-08-07
03393,BUY_ELIGIBLE,BUY_ELIGIBLE,BUY_ELIGIBLE_BOTH,True,False,2026-08-07
03396,BUY_ELIGIBLE,BUY_ELIGIBLE,BUY_ELIGIBLE_BOTH,True,False,2026-08-07
03403,BUY_ELIGIBLE,BUY_ELIGIBLE,BUY_ELIGIBLE_BOTH,True,False,2026-08-07
03406,BUY_ELIGIBLE,BUY_ELIGIBLE,BUY_ELIGIBLE_BOTH,True,False,2026-08-07
03423,BUY_ELIGIBLE,BUY_ELIGIBLE,BUY_ELIGIBLE_BOTH,True,False,2026-08-07
03431,BUY_ELIGIBLE,BUY_ELIGIBLE,BUY_ELIGIBLE_BOTH,True,False,2026-08-07
03432,BUY_ELIGIBLE,BUY_ELIGIBLE,BUY_ELIGIBLE_BOTH,True,False,2026-08-07
03437,BUY_ELIGIBLE,BUY_ELIGIBLE,BUY_ELIGIBLE_BOTH,True,False,2026-08-07
03441,BUY_ELIGIBLE,BUY_ELIGIBLE,BUY_ELIGIBLE_BOTH,True,False,2026-08-07
03442,BUY_ELIGIBLE,BUY_ELIGIBLE,BUY_ELIGIBLE_BOTH,True,False,2026-08-07
03443,BUY_ELIGIBLE,BUY_ELIGIBLE,BUY_ELIGIBLE_BOTH,True,False,2026-08-07
03469,BUY_ELIGIBLE,BUY_ELIGIBLE,BUY_ELIGIBLE_BOTH,True,False,2026-08-07
03477,BUY_ELIGIBLE,BUY_ELIGIBLE,BUY_ELIGIBLE_BOTH,True,False,2026-08-07
03483,BUY_ELIGIBLE,BUY_ELIGIBLE,BUY_ELIGIBLE_BOTH,True,False,2026-08-07
03489,BUY_ELIGIBLE,BUY_ELIGIBLE,BUY_ELIGIBLE_BOTH,True,False,2026-08-07
03606,BUY_ELIGIBLE,BUY_ELIGIBLE,BUY_ELIGIBLE_BOTH,True,False,2026-08-07
03613,BUY_ELIGIBLE,BUY_ELIGIBLE,BUY_ELIGIBLE_BOTH,True,False,2026-08-07
03618,BUY_ELIGIBLE,BUY_ELIGIBLE,BUY_ELIGIBLE_BOTH,True,False,2026-08-07
03633,BUY_ELIGIBLE,BUY_ELIGIBLE,BUY_ELIGIBLE_BOTH,True,False,2026-08-07
03661,BUY_ELIGIBLE,BUY_ELIGIBLE,BUY_ELIGIBLE_BOTH,True,False,2026-08-07
03668,BUY_ELIGIBLE,BUY_ELIGIBLE,BUY_ELIGIBLE_BOTH,True,False,2026-08-07
03677,BUY_ELIGIBLE,BUY_ELIGIBLE,BUY_ELIGIBLE_BOTH,True,False,2026-08-07
03678,BUY_ELIGIBLE,BUY_ELIGIBLE,BUY_ELIGIBLE_BOTH,True,False,2026-08-07
03690,BUY_ELIGIBLE,BUY_ELIGIBLE,BUY_ELIGIBLE_BOTH,True,False,2026-08-07
03692,BUY_ELIGIBLE,BUY_ELIGIBLE,BUY_ELIGIBLE_BOTH,True,False,2026-08-07
03696,BUY_ELIGIBLE,BUY_ELIGIBLE,BUY_ELIGIBLE_BOTH,True,False,2026-08-07
03698,BUY_ELIGIBLE,BUY_ELIGIBLE,BUY_ELIGIBLE_BOTH,True,False,2026-08-07
03709,UNKNOWN_BLOCKED,SELL_ONLY,SELL_ONLY,False,True,2026-08-07
03738,BUY_ELIGIBLE,BUY_ELIGIBLE,BUY_ELIGIBLE_BOTH,True,False,2026-08-07
03750,BUY_ELIGIBLE,BUY_ELIGIBLE,BUY_ELIGIBLE_BOTH,True,False,2026-08-07
03759,BUY_ELIGIBLE,BUY_ELIGIBLE,BUY_ELIGIBLE_BOTH,True,False,2026-08-07
03800,BUY_ELIGIBLE,BUY_ELIGIBLE,BUY_ELIGIBLE_BOTH,True,False,2026-08-07
03808,BUY_ELIGIBLE,BUY_ELIGIBLE,BUY_ELIGIBLE_BOTH,True,False,2026-08-07
03858,BUY_ELIGIBLE,BUY_ELIGIBLE,BUY_ELIGIBLE_BOTH,True,False,2026-08-07
03866,BUY_ELIGIBLE,BUY_ELIGIBLE,BUY_ELIGIBLE_BOTH,True,False,2026-08-07
03868,BUY_ELIGIBLE,BUY_ELIGIBLE,BUY_ELIGIBLE_BOTH,True,False,2026-08-07
03877,BUY_ELIGIBLE,BUY_ELIGIBLE,BUY_ELIGIBLE_BOTH,True,False,2026-08-07
03881,BUY_ELIGIBLE,BUY_ELIGIBLE,BUY_ELIGIBLE_BOTH,True,False,2026-08-07
03888,BUY_ELIGIBLE,BUY_ELIGIBLE,BUY_ELIGIBLE_BOTH,True,False,2026-08-07
03896,BUY_ELIGIBLE,BUY_ELIGIBLE,BUY_ELIGIBLE_BOTH,True,False,2026-08-07
03898,BUY_ELIGIBLE,BUY_ELIGIBLE,BUY_ELIGIBLE_BOTH,True,False,2026-08-07
03899,BUY_ELIGIBLE,BUY_ELIGIBLE,BUY_ELIGIBLE_BOTH,True,False,2026-08-07
03900,BUY_ELIGIBLE,BUY_ELIGIBLE,BUY_ELIGIBLE_BOTH,True,False,2026-08-07
03908,BUY_ELIGIBLE,BUY_ELIGIBLE,BUY_ELIGIBLE_BOTH,True,False,2026-08-07
03918,BUY_ELIGIBLE,BUY_ELIGIBLE,BUY_ELIGIBLE_BOTH,True,False,2026-08-07
03931,BUY_ELIGIBLE,BUY_ELIGIBLE,BUY_ELIGIBLE_BOTH,True,False,2026-08-07
03933,BUY_ELIGIBLE,BUY_ELIGIBLE,BUY_ELIGIBLE_BOTH,True,False,2026-08-07
03939,BUY_ELIGIBLE,BUY_ELIGIBLE,BUY_ELIGIBLE_BOTH,True,False,2026-08-07
03958,BUY_ELIGIBLE,BUY_ELIGIBLE,BUY_ELIGIBLE_BOTH,True,False,2026-08-07
03968,BUY_ELIGIBLE,BUY_ELIGIBLE,BUY_ELIGIBLE_BOTH,True,False,2026-08-07
03969,BUY_ELIGIBLE,BUY_ELIGIBLE,BUY_ELIGIBLE_BOTH,True,False,2026-08-07
03986,BUY_ELIGIBLE,BUY_ELIGIBLE,BUY_ELIGIBLE_BOTH,True,False,2026-08-07
03988,BUY_ELIGIBLE,BUY_ELIGIBLE,BUY_ELIGIBLE_BOTH,True,False,2026-08-07
03990,UNKNOWN_BLOCKED,SELL_ONLY,SELL_ONLY,False,True,2026-08-07
03993,BUY_ELIGIBLE,BUY_ELIGIBLE,BUY_ELIGIBLE_BOTH,True,False,2026-08-07
03996,BUY_ELIGIBLE,BUY_ELIGIBLE,BUY_ELIGIBLE_BOTH,True,False,2026-08-07
03998,BUY_ELIGIBLE,BUY_ELIGIBLE,BUY_ELIGIBLE_BOTH,True,False,2026-08-07
06030,BUY_ELIGIBLE,BUY_ELIGIBLE,BUY_ELIGIBLE_BOTH,True,False,2026-08-07
06031,BUY_ELIGIBLE,BUY_ELIGIBLE,BUY_ELIGIBLE_BOTH,True,False,2026-08-07
06049,BUY_ELIGIBLE,BUY_ELIGIBLE,BUY_ELIGIBLE_BOTH,True,False,2026-08-07
06055,BUY_ELIGIBLE,BUY_ELIGIBLE,BUY_ELIGIBLE_BOTH,True,False,2026-08-07
06060,BUY_ELIGIBLE,BUY_ELIGIBLE,BUY_ELIGIBLE_BOTH,True,False,2026-08-07
06066,BUY_ELIGIBLE,BUY_ELIGIBLE,BUY_ELIGIBLE_BOTH,True,False,2026-08-07
06067,BUY_ELIGIBLE,BUY_ELIGIBLE,BUY_ELIGIBLE_BOTH,True,False,2026-08-07
06069,BUY_ELIGIBLE,BUY_ELIGIBLE,BUY_ELIGIBLE_BOTH,True,False,2026-08-07
06078,BUY_ELIGIBLE,BUY_ELIGIBLE,BUY_ELIGIBLE_BOTH,True,False,2026-08-07
06082,BUY_ELIGIBLE,BUY_ELIGIBLE,BUY_ELIGIBLE_BOTH,True,False,2026-08-07
06086,UNKNOWN_BLOCKED,SELL_ONLY,SELL_ONLY,False,True,2026-08-07
06088,BUY_ELIGIBLE,BUY_ELIGIBLE,BUY_ELIGIBLE_BOTH,True,False,2026-08-07
06090,BUY_ELIGIBLE,BUY_ELIGIBLE,BUY_ELIGIBLE_BOTH,True,False,2026-08-07
06098,BUY_ELIGIBLE,BUY_ELIGIBLE,BUY_ELIGIBLE_BOTH,True,False,2026-08-07
06099,BUY_ELIGIBLE,BUY_ELIGIBLE,BUY_ELIGIBLE_BOTH,True,False,2026-08-07
06110,BUY_ELIGIBLE,BUY_ELIGIBLE,BUY_ELIGIBLE_BOTH,True,False,2026-08-07
06127,BUY_ELIGIBLE,BUY_ELIGIBLE,BUY_ELIGIBLE_BOTH,True,False,2026-08-07
06160,BUY_ELIGIBLE,BUY_ELIGIBLE,BUY_ELIGIBLE_BOTH,True,False,2026-08-07
06166,BUY_ELIGIBLE,BUY_ELIGIBLE,BUY_ELIGIBLE_BOTH,True,False,2026-08-07
06168,BUY_ELIGIBLE,BUY_ELIGIBLE,BUY_ELIGIBLE_BOTH,True,False,2026-08-07
06178,BUY_ELIGIBLE,BUY_ELIGIBLE,BUY_ELIGIBLE_BOTH,True,False,2026-08-07
06181,BUY_ELIGIBLE,BUY_ELIGIBLE,BUY_ELIGIBLE_BOTH,True,False,2026-08-07
06185,BUY_ELIGIBLE,BUY_ELIGIBLE,BUY_ELIGIBLE_BOTH,True,False,2026-08-07
06186,BUY_ELIGIBLE,BUY_ELIGIBLE,BUY_ELIGIBLE_BOTH,True,False,2026-08-07
06196,BUY_ELIGIBLE,BUY_ELIGIBLE,BUY_ELIGIBLE_BOTH,True,False,2026-08-07
06198,BUY_ELIGIBLE,BUY_ELIGIBLE,BUY_ELIGIBLE_BOTH,True,False,2026-08-07
06600,BUY_ELIGIBLE,BUY_ELIGIBLE,BUY_ELIGIBLE_BOTH,True,False,2026-08-07
06603,BUY_ELIGIBLE,BUY_ELIGIBLE,BUY_ELIGIBLE_BOTH,True,False,2026-08-07
06613,BUY_ELIGIBLE,BUY_ELIGIBLE,BUY_ELIGIBLE_BOTH,True,False,2026-08-07
06616,UNKNOWN_BLOCKED,SELL_ONLY,SELL_ONLY,False,True,2026-08-07
06618,BUY_ELIGIBLE,BUY_ELIGIBLE,BUY_ELIGIBLE_BOTH,True,False,2026-08-07
06651,BUY_ELIGIBLE,BUY_ELIGIBLE,BUY_ELIGIBLE_BOTH,True,False,2026-08-07
06655,BUY_ELIGIBLE,BUY_ELIGIBLE,BUY_ELIGIBLE_BOTH,True,False,2026-08-07
06666,BUY_ELIGIBLE,BUY_ELIGIBLE,BUY_ELIGIBLE_BOTH,True,False,2026-08-07
06680,BUY_ELIGIBLE,BUY_ELIGIBLE,BUY_ELIGIBLE_BOTH,True,False,2026-08-07
06681,BUY_ELIGIBLE,BUY_ELIGIBLE,BUY_ELIGIBLE_BOTH,True,False,2026-08-07
06682,BUY_ELIGIBLE,BUY_ELIGIBLE,BUY_ELIGIBLE_BOTH,True,False,2026-08-07
06683,BUY_ELIGIBLE,BUY_ELIGIBLE,BUY_ELIGIBLE_BOTH,True,False,2026-08-07
06687,BUY_ELIGIBLE,BUY_ELIGIBLE,BUY_ELIGIBLE_BOTH,True,False,2026-08-07
06690,BUY_ELIGIBLE,BUY_ELIGIBLE,BUY_ELIGIBLE_BOTH,True,False,2026-08-07
06693,BUY_ELIGIBLE,BUY_ELIGIBLE,BUY_ELIGIBLE_BOTH,True,False,2026-08-07
06699,BUY_ELIGIBLE,BUY_ELIGIBLE,BUY_ELIGIBLE_BOTH,True,False,2026-08-07
06745,BUY_ELIGIBLE,BUY_ELIGIBLE,BUY_ELIGIBLE_BOTH,True,False,2026-08-07
06806,BUY_ELIGIBLE,BUY_ELIGIBLE,BUY_ELIGIBLE_BOTH,True,False,2026-08-07
06808,BUY_ELIGIBLE,BUY_ELIGIBLE,BUY_ELIGIBLE_BOTH,True,False,2026-08-07
06809,BUY_ELIGIBLE,BUY_ELIGIBLE,BUY_ELIGIBLE_BOTH,True,False,2026-08-07
06818,BUY_ELIGIBLE,BUY_ELIGIBLE,BUY_ELIGIBLE_BOTH,True,False,2026-08-07
06821,BUY_ELIGIBLE,BUY_ELIGIBLE,BUY_ELIGIBLE_BOTH,True,False,2026-08-07
06826,BUY_ELIGIBLE,BUY_ELIGIBLE,BUY_ELIGIBLE_BOTH,True,False,2026-08-07
06855,BUY_ELIGIBLE,BUY_ELIGIBLE,BUY_ELIGIBLE_BOTH,True,False,2026-08-07
06862,BUY_ELIGIBLE,BUY_ELIGIBLE,BUY_ELIGIBLE_BOTH,True,False,2026-08-07
06865,BUY_ELIGIBLE,BUY_ELIGIBLE,BUY_ELIGIBLE_BOTH,True,False,2026-08-07
06869,BUY_ELIGIBLE,BUY_ELIGIBLE,BUY_ELIGIBLE_BOTH,True,False,2026-08-07
06881,BUY_ELIGIBLE,BUY_ELIGIBLE,BUY_ELIGIBLE_BOTH,True,False,2026-08-07
06886,BUY_ELIGIBLE,BUY_ELIGIBLE,BUY_ELIGIBLE_BOTH,True,False,2026-08-07
06936,BUY_ELIGIBLE,BUY_ELIGIBLE,BUY_ELIGIBLE_BOTH,True,False,2026-08-07
06951,BUY_ELIGIBLE,BUY_ELIGIBLE,BUY_ELIGIBLE_BOTH,True,False,2026-08-07
06955,BUY_ELIGIBLE,BUY_ELIGIBLE,BUY_ELIGIBLE_BOTH,True,False,2026-08-07
06963,BUY_ELIGIBLE,BUY_ELIGIBLE,BUY_ELIGIBLE_BOTH,True,False,2026-08-07
06969,BUY_ELIGIBLE,BUY_ELIGIBLE,BUY_ELIGIBLE_BOTH,True,False,2026-08-07
06979,BUY_ELIGIBLE,BUY_ELIGIBLE,BUY_ELIGIBLE_BOTH,True,False,2026-08-07
06990,BUY_ELIGIBLE,BUY_ELIGIBLE,BUY_ELIGIBLE_BOTH,True,False,2026-08-07
06993,BUY_ELIGIBLE,BUY_ELIGIBLE,BUY_ELIGIBLE_BOTH,True,False,2026-08-07
07618,BUY_ELIGIBLE,BUY_ELIGIBLE,BUY_ELIGIBLE_BOTH,True,False,2026-08-07
09606,BUY_ELIGIBLE,BUY_ELIGIBLE,BUY_ELIGIBLE_BOTH,True,False,2026-08-07
09611,BUY_ELIGIBLE,BUY_ELIGIBLE,BUY_ELIGIBLE_BOTH,True,False,2026-08-07
09626,BUY_ELIGIBLE,BUY_ELIGIBLE,BUY_ELIGIBLE_BOTH,True,False,2026-08-07
09630,BUY_ELIGIBLE,BUY_ELIGIBLE,BUY_ELIGIBLE_BOTH,True,False,2026-08-07
09633,BUY_ELIGIBLE,BUY_ELIGIBLE,BUY_ELIGIBLE_BOTH,True,False,2026-08-07
09636,BUY_ELIGIBLE,BUY_ELIGIBLE,BUY_ELIGIBLE_BOTH,True,False,2026-08-07
09658,BUY_ELIGIBLE,BUY_ELIGIBLE,BUY_ELIGIBLE_BOTH,True,False,2026-08-07
09660,BUY_ELIGIBLE,BUY_ELIGIBLE,BUY_ELIGIBLE_BOTH,True,False,2026-08-07
09678,BUY_ELIGIBLE,BUY_ELIGIBLE,BUY_ELIGIBLE_BOTH,True,False,2026-08-07
09688,BUY_ELIGIBLE,BUY_ELIGIBLE,BUY_ELIGIBLE_BOTH,True,False,2026-08-07
09690,BUY_ELIGIBLE,BUY_ELIGIBLE,BUY_ELIGIBLE_BOTH,True,False,2026-08-07
09696,BUY_ELIGIBLE,BUY_ELIGIBLE,BUY_ELIGIBLE_BOTH,True,False,2026-08-07
09699,BUY_ELIGIBLE,BUY_ELIGIBLE,BUY_ELIGIBLE_BOTH,True,False,2026-08-07
09858,BUY_ELIGIBLE,BUY_ELIGIBLE,BUY_ELIGIBLE_BOTH,True,False,2026-08-07
09860,UNKNOWN_BLOCKED,SELL_ONLY,SELL_ONLY,False,True,2026-08-07
09863,BUY_ELIGIBLE,BUY_ELIGIBLE,BUY_ELIGIBLE_BOTH,True,False,2026-08-07
09868,BUY_ELIGIBLE,BUY_ELIGIBLE,BUY_ELIGIBLE_BOTH,True,False,2026-08-07
09880,BUY_ELIGIBLE,BUY_ELIGIBLE,BUY_ELIGIBLE_BOTH,True,False,2026-08-07
09885,UNKNOWN_BLOCKED,SELL_ONLY,SELL_ONLY,False,True,2026-08-07
09887,BUY_ELIGIBLE,BUY_ELIGIBLE,BUY_ELIGIBLE_BOTH,True,False,2026-08-07
09890,BUY_ELIGIBLE,BUY_ELIGIBLE,BUY_ELIGIBLE_BOTH,True,False,2026-08-07
09896,BUY_ELIGIBLE,BUY_ELIGIBLE,BUY_ELIGIBLE_BOTH,True,False,2026-08-07
09899,BUY_ELIGIBLE,BUY_ELIGIBLE,BUY_ELIGIBLE_BOTH,True,False,2026-08-07
09903,BUY_ELIGIBLE,BUY_ELIGIBLE,BUY_ELIGIBLE_BOTH,True,False,2026-08-07
09911,BUY_ELIGIBLE,BUY_ELIGIBLE,BUY_ELIGIBLE_BOTH,True,False,2026-08-07
09926,BUY_ELIGIBLE,BUY_ELIGIBLE,BUY_ELIGIBLE_BOTH,True,False,2026-08-07
09927,BUY_ELIGIBLE,BUY_ELIGIBLE,BUY_ELIGIBLE_BOTH,True,False,2026-08-07
09969,BUY_ELIGIBLE,BUY_ELIGIBLE,BUY_ELIGIBLE_BOTH,True,False,2026-08-07
09973,BUY_ELIGIBLE,BUY_ELIGIBLE,BUY_ELIGIBLE_BOTH,True,False,2026-08-07
09979,UNKNOWN_BLOCKED,SELL_ONLY,SELL_ONLY,False,True,2026-08-07
09980,BUY_ELIGIBLE,BUY_ELIGIBLE,BUY_ELIGIBLE_BOTH,True,False,2026-08-07
09981,BUY_ELIGIBLE,BUY_ELIGIBLE,BUY_ELIGIBLE_BOTH,True,False,2026-08-07
09985,BUY_ELIGIBLE,BUY_ELIGIBLE,BUY_ELIGIBLE_BOTH,True,False,2026-08-07
09987,BUY_ELIGIBLE,BUY_ELIGIBLE,BUY_ELIGIBLE_BOTH,True,False,2026-08-07
09988,BUY_ELIGIBLE,BUY_ELIGIBLE,BUY_ELIGIBLE_BOTH,True,False,2026-08-07
09989,BUY_ELIGIBLE,BUY_ELIGIBLE,BUY_ELIGIBLE_BOTH,True,False,2026-08-07
09992,BUY_ELIGIBLE,BUY_ELIGIBLE,BUY_ELIGIBLE_BOTH,True,False,2026-08-07
09993,BUY_ELIGIBLE,BUY_ELIGIBLE,BUY_ELIGIBLE_BOTH,True,False,2026-08-07
09995,BUY_ELIGIBLE,BUY_ELIGIBLE,BUY_ELIGIBLE_BOTH,True,False,2026-08-07
09999,BUY_ELIGIBLE,BUY_ELIGIBLE,BUY_ELIGIBLE_BOTH,True,False,2026-08-07
